# t_s	n_proc	rss_mb	pss_mb	rss_main_mb	rss_child_mb	gpu_tree_mib	procs_json
0.1	1	8.1	3.0	8.1	0.0	0.0	[{"pid": 175043, "rss_mb": 8.125, "pss_mb": 3.0146484375, "tag": "main"}]
5.2	2	610.8	592.7	562.2	48.6	0.0	[{"pid": 175043, "rss_mb": 562.21875, "pss_mb": 548.08203125, "tag": "main"}, {"pid": 175212, "rss_mb": 48.61328125, "pss_mb": 44.62109375, "tag": "ffmpeg"}]
10.3	2	590.5	571.6	562.2	28.3	0.0	[{"pid": 175043, "rss_mb": 562.21875, "pss_mb": 548.2236328125, "tag": "main"}, {"pid": 175680, "rss_mb": 28.2578125, "pss_mb": 23.4091796875, "tag": "ffprobe"}]
15.5	2	590.9	572.1	562.6	28.3	0.0	[{"pid": 175043, "rss_mb": 562.59375, "pss_mb": 548.65234375, "tag": "main"}, {"pid": 175680, "rss_mb": 28.2578125, "pss_mb": 23.4306640625, "tag": "ffprobe"}]
20.6	4	684.9	631.4	594.0	90.9	0.0	[{"pid": 175043, "rss_mb": 593.98046875, "pss_mb": 580.1943359375, "tag": "main"}, {"pid": 177131, "rss_mb": 31.3203125, "pss_mb": 17.9609375, "tag": "ffmpeg"}, {"pid": 177123, "rss_mb": 30.75390625, "pss_mb": 17.80859375, "tag": "ffmpeg"}, {"pid": 177159, "rss_mb": 28.83984375, "pss_mb": 15.46875, "tag": "ffmpeg"}]
25.7	5	1029.9	934.8	594.6	435.2	0.0	[{"pid": 175043, "rss_mb": 594.6171875, "pss_mb": 578.05078125, "tag": "main"}, {"pid": 177822, "rss_mb": 141.00390625, "pss_mb": 119.9736328125, "tag": "ffmpeg"}, {"pid": 177813, "rss_mb": 140.109375, "pss_mb": 119.4873046875, "tag": "ffmpeg"}, {"pid": 177810, "rss_mb": 127.49609375, "pss_mb": 107.2529296875, "tag": "ffmpeg"}, {"pid": 177971, "rss_mb": 26.62890625, "pss_mb": 10.0498046875, "tag": "ffmpeg"}]
30.8	3	3518.3	3487.9	3428.6	89.7	0.0	[{"pid": 175043, "rss_mb": 3428.5625, "pss_mb": 3415.759765625, "tag": "main"}, {"pid": 178505, "rss_mb": 72.20703125, "pss_mb": 63.564453125, "tag": "ffmpeg"}, {"pid": 178593, "rss_mb": 17.5, "pss_mb": 8.599609375, "tag": "ffmpeg"}]
36.0	3	3980.0	3960.3	3956.1	24.0	0.0	[{"pid": 175043, "rss_mb": 3956.078125, "pss_mb": 3940.9482421875, "tag": "main"}, {"pid": 178593, "rss_mb": 23.953125, "pss_mb": 19.36328125, "tag": "ffmpeg"}, {"pid": 178505, "rss_mb": 0.0, "pss_mb": 0.0, "tag": "ffmpeg"}]
41.1	3	4213.4	4194.0	4189.5	24.0	0.0	[{"pid": 175043, "rss_mb": 4189.4921875, "pss_mb": 4174.5302734375, "tag": "main"}, {"pid": 178593, "rss_mb": 23.953125, "pss_mb": 19.515625, "tag": "ffmpeg"}, {"pid": 178505, "rss_mb": 0.0, "pss_mb": 0.0, "tag": "ffmpeg"}]
46.2	3	3981.0	3961.7	3956.9	24.1	0.0	[{"pid": 175043, "rss_mb": 3956.90234375, "pss_mb": 3942.0185546875, "tag": "main"}, {"pid": 178593, "rss_mb": 24.078125, "pss_mb": 19.6640625, "tag": "ffmpeg"}, {"pid": 178505, "rss_mb": 0.0, "pss_mb": 0.0, "tag": "ffmpeg"}]
51.3	3	3752.8	3757.4	3657.4	95.4	0.0	[{"pid": 175043, "rss_mb": 3657.3828125, "pss_mb": 3681.068359375, "tag": "main"}, {"pid": 180613, "rss_mb": 70.57421875, "pss_mb": 61.1328125, "tag": "ffmpeg"}, {"pid": 180616, "rss_mb": 24.875, "pss_mb": 15.1689453125, "tag": "ffmpeg"}]
56.5	3	4059.4	4039.9	4035.2	24.2	0.0	[{"pid": 175043, "rss_mb": 4035.19921875, "pss_mb": 4020.259765625, "tag": "main"}, {"pid": 180616, "rss_mb": 24.1875, "pss_mb": 19.65234375, "tag": "ffmpeg"}, {"pid": 180613, "rss_mb": 0.0, "pss_mb": 0.0, "tag": "ffmpeg"}]
61.6	3	4176.0	4156.6	4151.8	24.2	0.0	[{"pid": 175043, "rss_mb": 4151.78515625, "pss_mb": 4136.8740234375, "tag": "main"}, {"pid": 180616, "rss_mb": 24.1875, "pss_mb": 19.7265625, "tag": "ffmpeg"}, {"pid": 180613, "rss_mb": 0.0, "pss_mb": 0.0, "tag": "ffmpeg"}]
66.7	3	4060.6	4041.0	4036.3	24.3	0.0	[{"pid": 175043, "rss_mb": 4036.2578125, "pss_mb": 4021.1376953125, "tag": "main"}, {"pid": 180616, "rss_mb": 24.3125, "pss_mb": 19.90625, "tag": "ffmpeg"}, {"pid": 180613, "rss_mb": 0.0, "pss_mb": 0.0, "tag": "ffmpeg"}]
71.8	3	4471.2	4440.7	4365.5	105.7	0.0	[{"pid": 175043, "rss_mb": 4365.46875, "pss_mb": 4352.3359375, "tag": "main"}, {"pid": 182586, "rss_mb": 88.1171875, "pss_mb": 79.7978515625, "tag": "ffmpeg"}, {"pid": 182590, "rss_mb": 17.625, "pss_mb": 8.611328125, "tag": "ffmpeg"}]
77.0	3	4777.9	4758.5	4753.8	24.2	0.0	[{"pid": 175043, "rss_mb": 4753.76953125, "pss_mb": 4738.912109375, "tag": "main"}, {"pid": 182590, "rss_mb": 24.1640625, "pss_mb": 19.58984375, "tag": "ffmpeg"}, {"pid": 182586, "rss_mb": 0.0, "pss_mb": 0.0, "tag": "ffmpeg"}]
82.1	3	4906.2	4985.5	4881.9	24.3	0.0	[{"pid": 175043, "rss_mb": 4881.9375, "pss_mb": 4965.802734375, "tag": "main"}, {"pid": 182590, "rss_mb": 24.2890625, "pss_mb": 19.68359375, "tag": "ffmpeg"}, {"pid": 182586, "rss_mb": 0.0, "pss_mb": 0.0, "tag": "ffmpeg"}]
87.3	3	4778.4	4759.1	4754.1	24.3	0.0	[{"pid": 175043, "rss_mb": 4754.1171875, "pss_mb": 4739.4287109375, "tag": "main"}, {"pid": 182590, "rss_mb": 24.2890625, "pss_mb": 19.7099609375, "tag": "ffmpeg"}, {"pid": 182586, "rss_mb": 0.0, "pss_mb": 0.0, "tag": "ffmpeg"}]
92.4	3	4706.5	4687.2	4682.2	24.3	0.0	[{"pid": 175043, "rss_mb": 4682.18359375, "pss_mb": 4667.4375, "tag": "main"}, {"pid": 182590, "rss_mb": 24.2890625, "pss_mb": 19.74609375, "tag": "ffmpeg"}, {"pid": 182586, "rss_mb": 0.0, "pss_mb": 0.0, "tag": "ffmpeg"}]
97.5	3	6215.4	6196.0	6191.5	23.9	0.0	[{"pid": 175043, "rss_mb": 6191.54296875, "pss_mb": 6176.681640625, "tag": "main"}, {"pid": 184889, "rss_mb": 23.87890625, "pss_mb": 19.3505859375, "tag": "ffmpeg"}, {"pid": 184886, "rss_mb": 0.0, "pss_mb": 0.0, "tag": "ffmpeg"}]
102.7	3	6372.7	6312.6	6348.7	24.0	0.0	[{"pid": 175043, "rss_mb": 6348.66015625, "pss_mb": 6293.146484375, "tag": "main"}, {"pid": 184889, "rss_mb": 24.00390625, "pss_mb": 19.4091796875, "tag": "ffmpeg"}, {"pid": 184886, "rss_mb": 0.0, "pss_mb": 0.0, "tag": "ffmpeg"}]
107.8	3	6331.9	6312.6	6307.9	24.0	0.0	[{"pid": 175043, "rss_mb": 6307.88671875, "pss_mb": 6293.166015625, "tag": "main"}, {"pid": 184889, "rss_mb": 24.00390625, "pss_mb": 19.4794921875, "tag": "ffmpeg"}, {"pid": 184886, "rss_mb": 0.0, "pss_mb": 0.0, "tag": "ffmpeg"}]
113.0	3	5671.0	5642.3	5584.4	86.5	0.0	[{"pid": 175043, "rss_mb": 5584.42578125, "pss_mb": 5573.025390625, "tag": "main"}, {"pid": 186558, "rss_mb": 69.15234375, "pss_mb": 60.796875, "tag": "ffmpeg"}, {"pid": 186561, "rss_mb": 17.375, "pss_mb": 8.4345703125, "tag": "ffmpeg"}]
118.1	3	6831.9	6812.9	6808.2	23.7	0.0	[{"pid": 175043, "rss_mb": 6808.15625, "pss_mb": 6793.337890625, "tag": "main"}, {"pid": 186561, "rss_mb": 23.73046875, "pss_mb": 19.517578125, "tag": "ffmpeg"}, {"pid": 186558, "rss_mb": 0.0, "pss_mb": 0.0, "tag": "ffmpeg"}]
123.3	3	6910.5	6813.0	6886.7	23.7	0.0	[{"pid": 175043, "rss_mb": 6886.7265625, "pss_mb": 6793.3271484375, "tag": "main"}, {"pid": 186561, "rss_mb": 23.73046875, "pss_mb": 19.6337890625, "tag": "ffmpeg"}, {"pid": 186558, "rss_mb": 0.0, "pss_mb": 0.0, "tag": "ffmpeg"}]
128.5	3	6989.1	6929.5	6965.3	23.9	0.0	[{"pid": 175043, "rss_mb": 6965.2578125, "pss_mb": 6909.822265625, "tag": "main"}, {"pid": 186561, "rss_mb": 23.85546875, "pss_mb": 19.724609375, "tag": "ffmpeg"}, {"pid": 186558, "rss_mb": 0.0, "pss_mb": 0.0, "tag": "ffmpeg"}]
133.7	3	8143.8	8119.6	8046.3	97.5	0.0	[{"pid": 175043, "rss_mb": 8046.26171875, "pss_mb": 8042.267578125, "tag": "main"}, {"pid": 188556, "rss_mb": 73.453125, "pss_mb": 63.623046875, "tag": "ffmpeg"}, {"pid": 188559, "rss_mb": 24.078125, "pss_mb": 13.7490234375, "tag": "ffmpeg"}]
138.8	3	6575.4	6555.9	6551.3	24.1	0.0	[{"pid": 175043, "rss_mb": 6551.296875, "pss_mb": 6536.412109375, "tag": "main"}, {"pid": 188559, "rss_mb": 24.078125, "pss_mb": 19.51953125, "tag": "ffmpeg"}, {"pid": 188556, "rss_mb": 0.0, "pss_mb": 0.0, "tag": "ffmpeg"}]
144.0	3	6575.6	6672.4	6551.5	24.1	0.0	[{"pid": 175043, "rss_mb": 6551.484375, "pss_mb": 6652.83203125, "tag": "main"}, {"pid": 188559, "rss_mb": 24.078125, "pss_mb": 19.578125, "tag": "ffmpeg"}, {"pid": 188556, "rss_mb": 0.0, "pss_mb": 0.0, "tag": "ffmpeg"}]
149.1	1	5140.8	5126.4	5140.8	0.0	0.0	[{"pid": 175043, "rss_mb": 5140.76953125, "pss_mb": 5126.44140625, "tag": "main"}]
154.3	3	6551.7	6532.7	6527.8	23.9	0.0	[{"pid": 175043, "rss_mb": 6527.76171875, "pss_mb": 6513.060546875, "tag": "main"}, {"pid": 190265, "rss_mb": 23.890625, "pss_mb": 19.5927734375, "tag": "ffmpeg"}, {"pid": 190262, "rss_mb": 0.0, "pss_mb": 0.0, "tag": "ffmpeg"}]
159.4	3	6551.9	6532.7	6527.9	24.0	0.0	[{"pid": 175043, "rss_mb": 6527.8828125, "pss_mb": 6513.0810546875, "tag": "main"}, {"pid": 190265, "rss_mb": 24.015625, "pss_mb": 19.6376953125, "tag": "ffmpeg"}, {"pid": 190262, "rss_mb": 0.0, "pss_mb": 0.0, "tag": "ffmpeg"}]
164.6	3	6552.0	6532.8	6528.0	24.0	0.0	[{"pid": 175043, "rss_mb": 6527.9609375, "pss_mb": 6513.1064453125, "tag": "main"}, {"pid": 190265, "rss_mb": 24.015625, "pss_mb": 19.7060546875, "tag": "ffmpeg"}, {"pid": 190262, "rss_mb": 0.0, "pss_mb": 0.0, "tag": "ffmpeg"}]
169.8	3	8258.3	8307.2	8157.1	101.2	0.0	[{"pid": 175043, "rss_mb": 8157.109375, "pss_mb": 8227.3818359375, "tag": "main"}, {"pid": 191996, "rss_mb": 76.92578125, "pss_mb": 66.2412109375, "tag": "ffmpeg"}, {"pid": 191999, "rss_mb": 24.234375, "pss_mb": 13.556640625, "tag": "ffmpeg"}]
175.0	3	8336.6	8317.4	8312.3	24.2	0.0	[{"pid": 175043, "rss_mb": 8312.33984375, "pss_mb": 8297.705078125, "tag": "main"}, {"pid": 191999, "rss_mb": 24.234375, "pss_mb": 19.72265625, "tag": "ffmpeg"}, {"pid": 191996, "rss_mb": 0.0, "pss_mb": 0.0, "tag": "ffmpeg"}]
180.1	3	8220.2	8201.0	8195.9	24.4	0.0	[{"pid": 175043, "rss_mb": 8195.88671875, "pss_mb": 8181.267578125, "tag": "main"}, {"pid": 191999, "rss_mb": 24.359375, "pss_mb": 19.76171875, "tag": "ffmpeg"}, {"pid": 191996, "rss_mb": 0.0, "pss_mb": 0.0, "tag": "ffmpeg"}]
185.3	3	6748.4	6728.9	6724.0	24.4	0.0	[{"pid": 175043, "rss_mb": 6723.99609375, "pss_mb": 6709.029296875, "tag": "main"}, {"pid": 191999, "rss_mb": 24.359375, "pss_mb": 19.82421875, "tag": "ffmpeg"}, {"pid": 191996, "rss_mb": 0.0, "pss_mb": 0.0, "tag": "ffmpeg"}]
190.4	3	6952.9	6807.3	6851.6	101.3	0.0	[{"pid": 175043, "rss_mb": 6851.6015625, "pss_mb": 6725.794921875, "tag": "main"}, {"pid": 193856, "rss_mb": 76.90625, "pss_mb": 67.20703125, "tag": "ffmpeg"}, {"pid": 193859, "rss_mb": 24.38671875, "pss_mb": 14.3212890625, "tag": "ffmpeg"}]
195.6	3	7014.7	6995.4	6990.3	24.4	0.0	[{"pid": 175043, "rss_mb": 6990.27734375, "pss_mb": 6975.4990234375, "tag": "main"}, {"pid": 193859, "rss_mb": 24.38671875, "pss_mb": 19.92578125, "tag": "ffmpeg"}, {"pid": 193856, "rss_mb": 0.0, "pss_mb": 0.0, "tag": "ffmpeg"}]
200.8	3	7014.6	6995.4	6990.2	24.4	0.0	[{"pid": 175043, "rss_mb": 6990.2109375, "pss_mb": 6975.4970703125, "tag": "main"}, {"pid": 193859, "rss_mb": 24.38671875, "pss_mb": 19.951171875, "tag": "ffmpeg"}, {"pid": 193856, "rss_mb": 0.0, "pss_mb": 0.0, "tag": "ffmpeg"}]
205.9	3	7014.6	6995.5	6990.2	24.4	0.0	[{"pid": 175043, "rss_mb": 6990.21484375, "pss_mb": 6975.501953125, "tag": "main"}, {"pid": 193859, "rss_mb": 24.38671875, "pss_mb": 19.9912109375, "tag": "ffmpeg"}, {"pid": 193856, "rss_mb": 0.0, "pss_mb": 0.0, "tag": "ffmpeg"}]
211.1	3	7465.2	7446.2	7441.3	23.9	0.0	[{"pid": 175043, "rss_mb": 7441.328125, "pss_mb": 7426.7861328125, "tag": "main"}, {"pid": 195935, "rss_mb": 23.87109375, "pss_mb": 19.412109375, "tag": "ffmpeg"}, {"pid": 195932, "rss_mb": 0.0, "pss_mb": 0.0, "tag": "ffmpeg"}]
216.3	3	7465.4	7446.2	7441.5	23.9	0.0	[{"pid": 175043, "rss_mb": 7441.48046875, "pss_mb": 7426.7861328125, "tag": "main"}, {"pid": 195935, "rss_mb": 23.87109375, "pss_mb": 19.443359375, "tag": "ffmpeg"}, {"pid": 195932, "rss_mb": 0.0, "pss_mb": 0.0, "tag": "ffmpeg"}]
221.4	3	7465.4	7446.3	7441.5	23.9	0.0	[{"pid": 175043, "rss_mb": 7441.484375, "pss_mb": 7426.7919921875, "tag": "main"}, {"pid": 195935, "rss_mb": 23.87109375, "pss_mb": 19.4833984375, "tag": "ffmpeg"}, {"pid": 195932, "rss_mb": 0.0, "pss_mb": 0.0, "tag": "ffmpeg"}]
226.6	3	6726.2	6694.9	6635.5	90.7	0.0	[{"pid": 175043, "rss_mb": 6635.54296875, "pss_mb": 6622.0126953125, "tag": "main"}, {"pid": 197640, "rss_mb": 73.15234375, "pss_mb": 64.525390625, "tag": "ffmpeg"}, {"pid": 197643, "rss_mb": 17.5, "pss_mb": 8.3857421875, "tag": "ffmpeg"}]
231.8	3	8133.6	8114.4	8109.7	23.9	0.0	[{"pid": 175043, "rss_mb": 8109.703125, "pss_mb": 8095.04296875, "tag": "main"}, {"pid": 197643, "rss_mb": 23.91015625, "pss_mb": 19.373046875, "tag": "ffmpeg"}, {"pid": 197640, "rss_mb": 0.0, "pss_mb": 0.0, "tag": "ffmpeg"}]
237.0	3	8133.6	8114.5	8109.7	23.9	0.0	[{"pid": 175043, "rss_mb": 8109.703125, "pss_mb": 8095.048828125, "tag": "main"}, {"pid": 197643, "rss_mb": 23.91015625, "pss_mb": 19.412109375, "tag": "ffmpeg"}, {"pid": 197640, "rss_mb": 0.0, "pss_mb": 0.0, "tag": "ffmpeg"}]
242.1	3	8133.8	8114.5	8109.9	23.9	0.0	[{"pid": 175043, "rss_mb": 8109.91796875, "pss_mb": 8095.052734375, "tag": "main"}, {"pid": 197643, "rss_mb": 23.91015625, "pss_mb": 19.4443359375, "tag": "ffmpeg"}, {"pid": 197640, "rss_mb": 0.0, "pss_mb": 0.0, "tag": "ffmpeg"}]
247.3	3	8042.3	8069.0	7985.7	56.6	0.0	[{"pid": 175043, "rss_mb": 7985.6640625, "pss_mb": 8003.3271484375, "tag": "main"}, {"pid": 199660, "rss_mb": 39.109375, "pss_mb": 57.181640625, "tag": "ffmpeg"}, {"pid": 199663, "rss_mb": 17.5, "pss_mb": 8.4765625, "tag": "ffmpeg"}]
252.5	3	9303.4	9284.1	9279.4	23.9	0.0	[{"pid": 175043, "rss_mb": 9279.4453125, "pss_mb": 9264.5908203125, "tag": "main"}, {"pid": 199663, "rss_mb": 23.94921875, "pss_mb": 19.5400390625, "tag": "ffmpeg"}, {"pid": 199660, "rss_mb": 0.0, "pss_mb": 0.0, "tag": "ffmpeg"}]
257.7	3	9303.3	9284.2	9279.3	23.9	0.0	[{"pid": 175043, "rss_mb": 9279.30859375, "pss_mb": 9264.591796875, "tag": "main"}, {"pid": 199663, "rss_mb": 23.94921875, "pss_mb": 19.6103515625, "tag": "ffmpeg"}, {"pid": 199660, "rss_mb": 0.0, "pss_mb": 0.0, "tag": "ffmpeg"}]
262.9	5	6421.7	6319.1	5846.1	575.6	0.0	[{"pid": 175043, "rss_mb": 5846.10546875, "pss_mb": 5824.5107421875, "tag": "main"}, {"pid": 201249, "rss_mb": 145.58203125, "pss_mb": 124.857421875, "tag": "ffmpeg"}, {"pid": 201248, "rss_mb": 144.953125, "pss_mb": 123.96875, "tag": "ffmpeg"}, {"pid": 201247, "rss_mb": 142.625, "pss_mb": 123.7822265625, "tag": "ffmpeg"}, {"pid": 201250, "rss_mb": 142.46875, "pss_mb": 122.0029296875, "tag": "ffmpeg"}]
268.1	4	6259.8	6063.3	5846.1	413.6	0.0	[{"pid": 175043, "rss_mb": 5846.10546875, "pss_mb": 5825.9248046875, "tag": "main"}, {"pid": 201843, "rss_mb": 143.2890625, "pss_mb": 112.03125, "tag": "ffmpeg"}, {"pid": 201882, "rss_mb": 142.08984375, "pss_mb": 125.384765625, "tag": "ffmpeg"}, {"pid": 201858, "rss_mb": 128.265625, "pss_mb": 0.0, "tag": "ffmpeg"}]
273.2	1	6250.1	6235.6	6250.1	0.0	0.0	[{"pid": 175043, "rss_mb": 6250.12890625, "pss_mb": 6235.609375, "tag": "main"}]
278.4	1	6799.6	6784.5	6799.6	0.0	0.0	[{"pid": 175043, "rss_mb": 6799.62890625, "pss_mb": 6784.54296875, "tag": "main"}]
283.5	1	6808.1	6793.1	6808.1	0.0	0.0	[{"pid": 175043, "rss_mb": 6808.12890625, "pss_mb": 6793.1357421875, "tag": "main"}]
288.6	1	6808.5	6793.6	6808.5	0.0	0.0	[{"pid": 175043, "rss_mb": 6808.50390625, "pss_mb": 6793.564453125, "tag": "main"}]
293.8	1	6810.6	6795.7	6810.6	0.0	0.0	[{"pid": 175043, "rss_mb": 6810.62890625, "pss_mb": 6795.6787109375, "tag": "main"}]
298.9	1	6814.5	6799.4	6814.5	0.0	0.0	[{"pid": 175043, "rss_mb": 6814.50390625, "pss_mb": 6799.4208984375, "tag": "main"}]
304.1	1	6818.5	6803.5	6818.5	0.0	0.0	[{"pid": 175043, "rss_mb": 6818.50390625, "pss_mb": 6803.4599609375, "tag": "main"}]
309.2	1	6861.9	6847.0	6861.9	0.0	0.0	[{"pid": 175043, "rss_mb": 6861.87890625, "pss_mb": 6847.0458984375, "tag": "main"}]
314.3	1	6866.6	6851.6	6866.6	0.0	0.0	[{"pid": 175043, "rss_mb": 6866.62890625, "pss_mb": 6851.6123046875, "tag": "main"}]
319.5	1	6867.5	6852.5	6867.5	0.0	0.0	[{"pid": 175043, "rss_mb": 6867.50390625, "pss_mb": 6852.533203125, "tag": "main"}]
324.6	1	6871.3	6856.3	6871.3	0.0	0.0	[{"pid": 175043, "rss_mb": 6871.25390625, "pss_mb": 6856.2568359375, "tag": "main"}]
329.8	1	6872.1	6857.3	6872.1	0.0	0.0	[{"pid": 175043, "rss_mb": 6872.12890625, "pss_mb": 6857.337890625, "tag": "main"}]
334.9	1	6872.1	6857.3	6872.1	0.0	0.0	[{"pid": 175043, "rss_mb": 6872.12890625, "pss_mb": 6857.3388671875, "tag": "main"}]
340.0	1	6872.1	6857.3	6872.1	0.0	0.0	[{"pid": 175043, "rss_mb": 6872.12890625, "pss_mb": 6857.3359375, "tag": "main"}]
345.2	1	6875.6	6860.8	6875.6	0.0	0.0	[{"pid": 175043, "rss_mb": 6875.62890625, "pss_mb": 6860.765625, "tag": "main"}]
350.3	1	6879.1	6864.3	6879.1	0.0	0.0	[{"pid": 175043, "rss_mb": 6879.12890625, "pss_mb": 6864.2802734375, "tag": "main"}]
355.5	1	6881.8	6866.9	6881.8	0.0	0.0	[{"pid": 175043, "rss_mb": 6881.75390625, "pss_mb": 6866.9326171875, "tag": "main"}]
360.6	1	6888.0	6873.2	6888.0	0.0	0.0	[{"pid": 175043, "rss_mb": 6888.00390625, "pss_mb": 6873.212890625, "tag": "main"}]
365.8	1	6888.0	6873.2	6888.0	0.0	0.0	[{"pid": 175043, "rss_mb": 6888.00390625, "pss_mb": 6873.21875, "tag": "main"}]
370.9	1	6888.0	6873.2	6888.0	0.0	0.0	[{"pid": 175043, "rss_mb": 6888.00390625, "pss_mb": 6873.216796875, "tag": "main"}]
376.0	1	6888.0	6873.2	6888.0	0.0	0.0	[{"pid": 175043, "rss_mb": 6888.00390625, "pss_mb": 6873.21484375, "tag": "main"}]
381.2	1	6888.0	6873.2	6888.0	0.0	0.0	[{"pid": 175043, "rss_mb": 6888.00390625, "pss_mb": 6873.2109375, "tag": "main"}]
386.3	1	6888.0	6873.2	6888.0	0.0	0.0	[{"pid": 175043, "rss_mb": 6888.00390625, "pss_mb": 6873.212890625, "tag": "main"}]
391.5	1	6888.0	6873.2	6888.0	0.0	0.0	[{"pid": 175043, "rss_mb": 6888.00390625, "pss_mb": 6873.208984375, "tag": "main"}]
396.6	1	6888.0	6873.2	6888.0	0.0	0.0	[{"pid": 175043, "rss_mb": 6888.00390625, "pss_mb": 6873.21875, "tag": "main"}]
401.8	1	6888.0	6873.2	6888.0	0.0	0.0	[{"pid": 175043, "rss_mb": 6888.00390625, "pss_mb": 6873.2197265625, "tag": "main"}]
406.9	1	6888.0	6873.2	6888.0	0.0	0.0	[{"pid": 175043, "rss_mb": 6888.00390625, "pss_mb": 6873.220703125, "tag": "main"}]
412.1	1	6888.0	6873.2	6888.0	0.0	0.0	[{"pid": 175043, "rss_mb": 6888.00390625, "pss_mb": 6873.2158203125, "tag": "main"}]
417.2	1	6888.0	6873.2	6888.0	0.0	0.0	[{"pid": 175043, "rss_mb": 6888.00390625, "pss_mb": 6873.2021484375, "tag": "main"}]
422.3	1	6888.0	6873.2	6888.0	0.0	0.0	[{"pid": 175043, "rss_mb": 6888.00390625, "pss_mb": 6873.2216796875, "tag": "main"}]
427.5	1	6888.0	6873.2	6888.0	0.0	0.0	[{"pid": 175043, "rss_mb": 6888.00390625, "pss_mb": 6873.2216796875, "tag": "main"}]
432.6	1	6888.0	6873.2	6888.0	0.0	0.0	[{"pid": 175043, "rss_mb": 6888.00390625, "pss_mb": 6873.216796875, "tag": "main"}]
437.7	1	6888.0	6873.2	6888.0	0.0	0.0	[{"pid": 175043, "rss_mb": 6888.00390625, "pss_mb": 6873.2177734375, "tag": "main"}]
442.9	1	6888.0	6873.2	6888.0	0.0	0.0	[{"pid": 175043, "rss_mb": 6888.00390625, "pss_mb": 6873.220703125, "tag": "main"}]
448.0	1	6888.0	6873.2	6888.0	0.0	0.0	[{"pid": 175043, "rss_mb": 6888.00390625, "pss_mb": 6873.22265625, "tag": "main"}]
453.1	1	6888.0	6873.2	6888.0	0.0	0.0	[{"pid": 175043, "rss_mb": 6888.00390625, "pss_mb": 6873.2197265625, "tag": "main"}]
458.3	1	6888.0	6873.2	6888.0	0.0	0.0	[{"pid": 175043, "rss_mb": 6888.00390625, "pss_mb": 6873.2216796875, "tag": "main"}]
463.4	1	6888.0	6873.2	6888.0	0.0	0.0	[{"pid": 175043, "rss_mb": 6888.00390625, "pss_mb": 6873.2216796875, "tag": "main"}]
468.6	1	6888.0	6873.2	6888.0	0.0	0.0	[{"pid": 175043, "rss_mb": 6888.00390625, "pss_mb": 6873.2236328125, "tag": "main"}]
473.7	1	6888.0	6873.2	6888.0	0.0	0.0	[{"pid": 175043, "rss_mb": 6888.00390625, "pss_mb": 6873.2255859375, "tag": "main"}]
478.8	1	6888.0	6873.2	6888.0	0.0	0.0	[{"pid": 175043, "rss_mb": 6888.00390625, "pss_mb": 6873.2255859375, "tag": "main"}]
484.0	1	6888.0	6873.2	6888.0	0.0	0.0	[{"pid": 175043, "rss_mb": 6888.00390625, "pss_mb": 6873.220703125, "tag": "main"}]
489.1	1	6888.0	6873.2	6888.0	0.0	0.0	[{"pid": 175043, "rss_mb": 6888.00390625, "pss_mb": 6873.2255859375, "tag": "main"}]
494.3	1	6888.0	6873.2	6888.0	0.0	0.0	[{"pid": 175043, "rss_mb": 6888.00390625, "pss_mb": 6873.2255859375, "tag": "main"}]
499.4	1	7061.1	7046.2	7061.1	0.0	0.0	[{"pid": 175043, "rss_mb": 7061.12890625, "pss_mb": 7046.2275390625, "tag": "main"}]
504.6	1	7066.5	7051.7	7066.5	0.0	0.0	[{"pid": 175043, "rss_mb": 7066.50390625, "pss_mb": 7051.6669921875, "tag": "main"}]
509.7	1	7071.9	7057.0	7071.9	0.0	0.0	[{"pid": 175043, "rss_mb": 7071.87890625, "pss_mb": 7056.9951171875, "tag": "main"}]
514.8	1	7073.0	7058.1	7073.0	0.0	0.0	[{"pid": 175043, "rss_mb": 7073.00390625, "pss_mb": 7058.1396484375, "tag": "main"}]
520.0	1	7077.3	7062.4	7077.3	0.0	0.0	[{"pid": 175043, "rss_mb": 7077.25390625, "pss_mb": 7062.4140625, "tag": "main"}]
525.1	1	7080.0	7065.1	7080.0	0.0	0.0	[{"pid": 175043, "rss_mb": 7080.00390625, "pss_mb": 7065.06640625, "tag": "main"}]
530.3	1	7082.5	7067.5	7082.5	0.0	0.0	[{"pid": 175043, "rss_mb": 7082.50390625, "pss_mb": 7067.5224609375, "tag": "main"}]
535.4	1	7083.9	7068.9	7083.9	0.0	0.0	[{"pid": 175043, "rss_mb": 7083.87890625, "pss_mb": 7068.8759765625, "tag": "main"}]
540.6	1	7083.9	7068.9	7083.9	0.0	0.0	[{"pid": 175043, "rss_mb": 7083.87890625, "pss_mb": 7068.9384765625, "tag": "main"}]
545.7	1	7083.9	7068.9	7083.9	0.0	0.0	[{"pid": 175043, "rss_mb": 7083.87890625, "pss_mb": 7068.9443359375, "tag": "main"}]
550.8	1	7083.9	7068.9	7083.9	0.0	0.0	[{"pid": 175043, "rss_mb": 7083.87890625, "pss_mb": 7068.94140625, "tag": "main"}]
556.0	1	7083.9	7068.9	7083.9	0.0	0.0	[{"pid": 175043, "rss_mb": 7083.87890625, "pss_mb": 7068.935546875, "tag": "main"}]
561.1	1	7083.9	7068.9	7083.9	0.0	0.0	[{"pid": 175043, "rss_mb": 7083.87890625, "pss_mb": 7068.9365234375, "tag": "main"}]
566.3	1	7083.9	7068.9	7083.9	0.0	0.0	[{"pid": 175043, "rss_mb": 7083.87890625, "pss_mb": 7068.9375, "tag": "main"}]
571.4	1	7083.9	7068.9	7083.9	0.0	0.0	[{"pid": 175043, "rss_mb": 7083.87890625, "pss_mb": 7068.884765625, "tag": "main"}]
576.6	1	7083.9	7068.9	7083.9	0.0	0.0	[{"pid": 175043, "rss_mb": 7083.87890625, "pss_mb": 7068.94140625, "tag": "main"}]
581.7	1	7083.9	7068.9	7083.9	0.0	0.0	[{"pid": 175043, "rss_mb": 7083.87890625, "pss_mb": 7068.94140625, "tag": "main"}]
586.9	1	7083.9	7068.9	7083.9	0.0	0.0	[{"pid": 175043, "rss_mb": 7083.87890625, "pss_mb": 7068.943359375, "tag": "main"}]
592.0	1	7083.9	7068.9	7083.9	0.0	0.0	[{"pid": 175043, "rss_mb": 7083.87890625, "pss_mb": 7068.9443359375, "tag": "main"}]
597.2	1	7083.9	7068.9	7083.9	0.0	0.0	[{"pid": 175043, "rss_mb": 7083.87890625, "pss_mb": 7068.9423828125, "tag": "main"}]
602.3	1	7083.9	7068.9	7083.9	0.0	0.0	[{"pid": 175043, "rss_mb": 7083.87890625, "pss_mb": 7068.9443359375, "tag": "main"}]
607.4	1	7083.9	7068.9	7083.9	0.0	0.0	[{"pid": 175043, "rss_mb": 7083.87890625, "pss_mb": 7068.9384765625, "tag": "main"}]
612.6	1	7083.9	7068.9	7083.9	0.0	0.0	[{"pid": 175043, "rss_mb": 7083.87890625, "pss_mb": 7068.9404296875, "tag": "main"}]
617.7	1	7084.8	7069.8	7084.8	0.0	0.0	[{"pid": 175043, "rss_mb": 7084.75390625, "pss_mb": 7069.814453125, "tag": "main"}]
622.8	1	7084.8	7069.8	7084.8	0.0	0.0	[{"pid": 175043, "rss_mb": 7084.75390625, "pss_mb": 7069.8125, "tag": "main"}]
628.0	1	7084.8	7069.8	7084.8	0.0	0.0	[{"pid": 175043, "rss_mb": 7084.75390625, "pss_mb": 7069.8154296875, "tag": "main"}]
633.1	1	7084.8	7069.8	7084.8	0.0	0.0	[{"pid": 175043, "rss_mb": 7084.75390625, "pss_mb": 7069.77734375, "tag": "main"}]
638.3	1	7084.8	7069.8	7084.8	0.0	0.0	[{"pid": 175043, "rss_mb": 7084.75390625, "pss_mb": 7069.81640625, "tag": "main"}]
643.4	1	7084.8	7069.8	7084.8	0.0	0.0	[{"pid": 175043, "rss_mb": 7084.75390625, "pss_mb": 7069.796875, "tag": "main"}]
648.6	1	7084.8	7069.8	7084.8	0.0	0.0	[{"pid": 175043, "rss_mb": 7084.75390625, "pss_mb": 7069.8173828125, "tag": "main"}]
653.7	1	7084.8	7069.8	7084.8	0.0	0.0	[{"pid": 175043, "rss_mb": 7084.75390625, "pss_mb": 7069.814453125, "tag": "main"}]
658.9	1	7084.8	7069.8	7084.8	0.0	0.0	[{"pid": 175043, "rss_mb": 7084.75390625, "pss_mb": 7069.8193359375, "tag": "main"}]
664.0	1	7084.8	7069.8	7084.8	0.0	0.0	[{"pid": 175043, "rss_mb": 7084.75390625, "pss_mb": 7069.818359375, "tag": "main"}]
669.1	1	7084.8	7069.8	7084.8	0.0	0.0	[{"pid": 175043, "rss_mb": 7084.75390625, "pss_mb": 7069.8154296875, "tag": "main"}]
674.3	1	7084.8	7069.8	7084.8	0.0	0.0	[{"pid": 175043, "rss_mb": 7084.75390625, "pss_mb": 7069.8173828125, "tag": "main"}]
679.4	1	7084.8	7069.8	7084.8	0.0	0.0	[{"pid": 175043, "rss_mb": 7084.75390625, "pss_mb": 7069.763671875, "tag": "main"}]
684.6	1	7084.8	7069.8	7084.8	0.0	0.0	[{"pid": 175043, "rss_mb": 7084.75390625, "pss_mb": 7069.8193359375, "tag": "main"}]
689.7	1	7085.8	7070.8	7085.8	0.0	0.0	[{"pid": 175043, "rss_mb": 7085.75390625, "pss_mb": 7070.828125, "tag": "main"}]
694.9	1	7085.8	7070.8	7085.8	0.0	0.0	[{"pid": 175043, "rss_mb": 7085.75390625, "pss_mb": 7070.830078125, "tag": "main"}]
700.0	1	7085.8	7070.8	7085.8	0.0	0.0	[{"pid": 175043, "rss_mb": 7085.75390625, "pss_mb": 7070.826171875, "tag": "main"}]
705.1	1	7085.8	7070.8	7085.8	0.0	0.0	[{"pid": 175043, "rss_mb": 7085.75390625, "pss_mb": 7070.830078125, "tag": "main"}]
710.3	1	7085.8	7070.8	7085.8	0.0	0.0	[{"pid": 175043, "rss_mb": 7085.75390625, "pss_mb": 7070.8310546875, "tag": "main"}]
715.5	1	7085.8	7070.8	7085.8	0.0	0.0	[{"pid": 175043, "rss_mb": 7085.75390625, "pss_mb": 7070.8310546875, "tag": "main"}]
720.6	1	7085.8	7070.8	7085.8	0.0	0.0	[{"pid": 175043, "rss_mb": 7085.75390625, "pss_mb": 7070.8310546875, "tag": "main"}]
725.8	1	7085.8	7070.8	7085.8	0.0	0.0	[{"pid": 175043, "rss_mb": 7085.75390625, "pss_mb": 7070.8251953125, "tag": "main"}]
730.9	1	7085.8	7070.8	7085.8	0.0	0.0	[{"pid": 175043, "rss_mb": 7085.75390625, "pss_mb": 7070.8291015625, "tag": "main"}]
736.1	1	7085.8	7070.8	7085.8	0.0	0.0	[{"pid": 175043, "rss_mb": 7085.75390625, "pss_mb": 7070.826171875, "tag": "main"}]
741.2	1	7085.8	7070.8	7085.8	0.0	0.0	[{"pid": 175043, "rss_mb": 7085.75390625, "pss_mb": 7070.828125, "tag": "main"}]
746.3	1	7085.8	7070.8	7085.8	0.0	0.0	[{"pid": 175043, "rss_mb": 7085.75390625, "pss_mb": 7070.8271484375, "tag": "main"}]
751.5	1	7085.8	7070.8	7085.8	0.0	0.0	[{"pid": 175043, "rss_mb": 7085.75390625, "pss_mb": 7070.7724609375, "tag": "main"}]
756.6	1	7085.8	7070.8	7085.8	0.0	0.0	[{"pid": 175043, "rss_mb": 7085.75390625, "pss_mb": 7070.8232421875, "tag": "main"}]
761.8	1	7085.8	7070.8	7085.8	0.0	0.0	[{"pid": 175043, "rss_mb": 7085.75390625, "pss_mb": 7070.8271484375, "tag": "main"}]
766.9	1	7085.8	7070.8	7085.8	0.0	0.0	[{"pid": 175043, "rss_mb": 7085.75390625, "pss_mb": 7070.8310546875, "tag": "main"}]
772.1	1	7085.8	7070.8	7085.8	0.0	0.0	[{"pid": 175043, "rss_mb": 7085.75390625, "pss_mb": 7070.830078125, "tag": "main"}]
777.2	1	7085.8	7070.8	7085.8	0.0	0.0	[{"pid": 175043, "rss_mb": 7085.75390625, "pss_mb": 7070.8173828125, "tag": "main"}]
782.4	1	7085.8	7070.8	7085.8	0.0	0.0	[{"pid": 175043, "rss_mb": 7085.75390625, "pss_mb": 7070.8310546875, "tag": "main"}]
787.6	1	7085.8	7070.8	7085.8	0.0	0.0	[{"pid": 175043, "rss_mb": 7085.75390625, "pss_mb": 7070.8271484375, "tag": "main"}]
792.7	1	7085.8	7070.8	7085.8	0.0	0.0	[{"pid": 175043, "rss_mb": 7085.75390625, "pss_mb": 7070.7880859375, "tag": "main"}]
797.9	1	7085.8	7070.8	7085.8	0.0	0.0	[{"pid": 175043, "rss_mb": 7085.75390625, "pss_mb": 7070.7841796875, "tag": "main"}]
803.0	1	7085.8	7070.8	7085.8	0.0	0.0	[{"pid": 175043, "rss_mb": 7085.75390625, "pss_mb": 7070.828125, "tag": "main"}]
808.2	1	7085.8	7070.8	7085.8	0.0	0.0	[{"pid": 175043, "rss_mb": 7085.75390625, "pss_mb": 7070.822265625, "tag": "main"}]
813.3	1	7085.8	7070.8	7085.8	0.0	0.0	[{"pid": 175043, "rss_mb": 7085.75390625, "pss_mb": 7070.8173828125, "tag": "main"}]
818.5	1	7085.8	7070.8	7085.8	0.0	0.0	[{"pid": 175043, "rss_mb": 7085.75390625, "pss_mb": 7070.826171875, "tag": "main"}]
823.6	1	7085.8	7070.8	7085.8	0.0	0.0	[{"pid": 175043, "rss_mb": 7085.75390625, "pss_mb": 7070.8310546875, "tag": "main"}]
828.7	1	7085.8	7070.8	7085.8	0.0	0.0	[{"pid": 175043, "rss_mb": 7085.75390625, "pss_mb": 7070.8310546875, "tag": "main"}]
833.9	1	7085.8	7070.8	7085.8	0.0	0.0	[{"pid": 175043, "rss_mb": 7085.75390625, "pss_mb": 7070.7734375, "tag": "main"}]
839.1	1	7085.8	7070.8	7085.8	0.0	0.0	[{"pid": 175043, "rss_mb": 7085.75390625, "pss_mb": 7070.8310546875, "tag": "main"}]
844.2	1	7085.8	7070.8	7085.8	0.0	0.0	[{"pid": 175043, "rss_mb": 7085.75390625, "pss_mb": 7070.7900390625, "tag": "main"}]
849.3	1	7085.8	7070.8	7085.8	0.0	0.0	[{"pid": 175043, "rss_mb": 7085.75390625, "pss_mb": 7070.8291015625, "tag": "main"}]
854.5	1	7085.8	7070.8	7085.8	0.0	0.0	[{"pid": 175043, "rss_mb": 7085.75390625, "pss_mb": 7070.8310546875, "tag": "main"}]
859.6	1	7085.8	7070.8	7085.8	0.0	0.0	[{"pid": 175043, "rss_mb": 7085.75390625, "pss_mb": 7070.8310546875, "tag": "main"}]
864.8	3	7411.7	7387.3	7322.9	88.7	0.0	[{"pid": 175043, "rss_mb": 7322.91796875, "pss_mb": 7316.6337890625, "tag": "main"}, {"pid": 257212, "rss_mb": 71.234375, "pss_mb": 62.380859375, "tag": "ffmpeg"}, {"pid": 257253, "rss_mb": 17.5, "pss_mb": 8.322265625, "tag": "ffmpeg"}]
870.0	3	7970.5	7937.8	7881.9	88.6	0.0	[{"pid": 175043, "rss_mb": 7881.875, "pss_mb": 7866.9296875, "tag": "main"}, {"pid": 257212, "rss_mb": 71.13671875, "pss_mb": 62.509765625, "tag": "ffmpeg"}, {"pid": 257253, "rss_mb": 17.5, "pss_mb": 8.3212890625, "tag": "ffmpeg"}]
875.2	3	8113.9	8080.9	8022.5	91.4	0.0	[{"pid": 175043, "rss_mb": 8022.52734375, "pss_mb": 8007.572265625, "tag": "main"}, {"pid": 257212, "rss_mb": 73.7265625, "pss_mb": 64.9130859375, "tag": "ffmpeg"}, {"pid": 257253, "rss_mb": 17.625, "pss_mb": 8.3857421875, "tag": "ffmpeg"}]
880.4	3	8349.3	8315.2	8238.2	111.1	0.0	[{"pid": 175043, "rss_mb": 8238.15234375, "pss_mb": 8223.1591796875, "tag": "main"}, {"pid": 257212, "rss_mb": 73.8515625, "pss_mb": 64.5263671875, "tag": "ffmpeg"}, {"pid": 257253, "rss_mb": 37.25, "pss_mb": 27.4716796875, "tag": "ffmpeg"}]
885.6	3	8477.6	8443.2	8372.7	104.9	0.0	[{"pid": 175043, "rss_mb": 8372.72265625, "pss_mb": 8357.6337890625, "tag": "main"}, {"pid": 257212, "rss_mb": 67.609375, "pss_mb": 58.1513671875, "tag": "ffmpeg"}, {"pid": 257253, "rss_mb": 37.25, "pss_mb": 27.4638671875, "tag": "ffmpeg"}]
890.8	3	8759.3	8725.2	8651.2	108.1	0.0	[{"pid": 175043, "rss_mb": 8651.22265625, "pss_mb": 8636.1640625, "tag": "main"}, {"pid": 257212, "rss_mb": 70.734375, "pss_mb": 61.48046875, "tag": "ffmpeg"}, {"pid": 257253, "rss_mb": 37.375, "pss_mb": 27.515625, "tag": "ffmpeg"}]
896.0	3	8936.8	8902.4	8827.2	109.6	0.0	[{"pid": 175043, "rss_mb": 8827.25, "pss_mb": 8812.0810546875, "tag": "main"}, {"pid": 257212, "rss_mb": 72.1875, "pss_mb": 62.7919921875, "tag": "ffmpeg"}, {"pid": 257253, "rss_mb": 37.375, "pss_mb": 27.5146484375, "tag": "ffmpeg"}]
901.2	3	9152.5	9116.5	9055.1	97.3	0.0	[{"pid": 175043, "rss_mb": 9055.125, "pss_mb": 9039.9072265625, "tag": "main"}, {"pid": 257212, "rss_mb": 74.6484375, "pss_mb": 64.3818359375, "tag": "ffmpeg"}, {"pid": 257253, "rss_mb": 22.6875, "pss_mb": 12.224609375, "tag": "ffmpeg"}]
906.4	3	9337.4	9301.4	9240.8	96.6	0.0	[{"pid": 175043, "rss_mb": 9240.76953125, "pss_mb": 9225.525390625, "tag": "main"}, {"pid": 257212, "rss_mb": 73.9609375, "pss_mb": 63.6162109375, "tag": "ffmpeg"}, {"pid": 257253, "rss_mb": 22.6875, "pss_mb": 12.2255859375, "tag": "ffmpeg"}]
911.6	3	9493.5	9457.4	9397.0	96.5	0.0	[{"pid": 175043, "rss_mb": 9397.04296875, "pss_mb": 9381.5986328125, "tag": "main"}, {"pid": 257212, "rss_mb": 73.8125, "pss_mb": 63.55859375, "tag": "ffmpeg"}, {"pid": 257253, "rss_mb": 22.6875, "pss_mb": 12.2275390625, "tag": "ffmpeg"}]
916.8	3	9719.8	9683.8	9624.7	95.1	0.0	[{"pid": 175043, "rss_mb": 9624.66796875, "pss_mb": 9609.482421875, "tag": "main"}, {"pid": 257212, "rss_mb": 72.26953125, "pss_mb": 61.9814453125, "tag": "ffmpeg"}, {"pid": 257253, "rss_mb": 22.8125, "pss_mb": 12.2861328125, "tag": "ffmpeg"}]
922.0	3	9839.8	9803.2	9738.7	101.1	0.0	[{"pid": 175043, "rss_mb": 9738.71484375, "pss_mb": 9722.9443359375, "tag": "main"}, {"pid": 257212, "rss_mb": 78.2890625, "pss_mb": 67.9228515625, "tag": "ffmpeg"}, {"pid": 257253, "rss_mb": 22.8125, "pss_mb": 12.2861328125, "tag": "ffmpeg"}]
927.2	3	10130.8	10095.0	10028.7	102.1	0.0	[{"pid": 175043, "rss_mb": 10028.71484375, "pss_mb": 10013.60546875, "tag": "main"}, {"pid": 257212, "rss_mb": 79.29296875, "pss_mb": 69.1103515625, "tag": "ffmpeg"}, {"pid": 257253, "rss_mb": 22.8125, "pss_mb": 12.2890625, "tag": "ffmpeg"}]
932.4	3	10373.4	10337.6	10272.4	101.0	0.0	[{"pid": 175043, "rss_mb": 10272.3984375, "pss_mb": 10257.365234375, "tag": "main"}, {"pid": 257212, "rss_mb": 78.2265625, "pss_mb": 67.9267578125, "tag": "ffmpeg"}, {"pid": 257253, "rss_mb": 22.8125, "pss_mb": 12.2900390625, "tag": "ffmpeg"}]
937.6	3	10645.3	10609.3	10544.3	101.0	0.0	[{"pid": 175043, "rss_mb": 10544.2890625, "pss_mb": 10529.0927734375, "tag": "main"}, {"pid": 257212, "rss_mb": 78.2265625, "pss_mb": 67.9248046875, "tag": "ffmpeg"}, {"pid": 257253, "rss_mb": 22.8125, "pss_mb": 12.2880859375, "tag": "ffmpeg"}]
942.8	3	10800.6	10764.8	10699.5	101.0	0.0	[{"pid": 175043, "rss_mb": 10699.546875, "pss_mb": 10684.5419921875, "tag": "main"}, {"pid": 257212, "rss_mb": 78.2265625, "pss_mb": 67.9248046875, "tag": "ffmpeg"}, {"pid": 257253, "rss_mb": 22.8125, "pss_mb": 12.2919921875, "tag": "ffmpeg"}]
948.1	3	10978.0	10942.2	10880.1	97.9	0.0	[{"pid": 175043, "rss_mb": 10880.12890625, "pss_mb": 10865.1142578125, "tag": "main"}, {"pid": 257212, "rss_mb": 75.09765625, "pss_mb": 64.7373046875, "tag": "ffmpeg"}, {"pid": 257253, "rss_mb": 22.8125, "pss_mb": 12.369140625, "tag": "ffmpeg"}]
953.3	3	11058.3	11022.5	10956.0	102.3	0.0	[{"pid": 175043, "rss_mb": 10956.02734375, "pss_mb": 10940.8408203125, "tag": "main"}, {"pid": 257212, "rss_mb": 79.47265625, "pss_mb": 69.2294921875, "tag": "ffmpeg"}, {"pid": 257253, "rss_mb": 22.8125, "pss_mb": 12.3896484375, "tag": "ffmpeg"}]
958.6	3	11057.2	11021.2	10956.2	101.0	0.0	[{"pid": 175043, "rss_mb": 10956.19140625, "pss_mb": 10940.849609375, "tag": "main"}, {"pid": 257212, "rss_mb": 78.1640625, "pss_mb": 67.9267578125, "tag": "ffmpeg"}, {"pid": 257253, "rss_mb": 22.8125, "pss_mb": 12.3994140625, "tag": "ffmpeg"}]
963.8	3	11057.3	10907.2	10956.3	101.0	0.0	[{"pid": 175043, "rss_mb": 10956.30859375, "pss_mb": 10826.93359375, "tag": "main"}, {"pid": 257212, "rss_mb": 78.1640625, "pss_mb": 67.9150390625, "tag": "ffmpeg"}, {"pid": 257253, "rss_mb": 22.8125, "pss_mb": 12.390625, "tag": "ffmpeg"}]
969.0	2	10895.1	10875.2	10872.3	22.8	0.0	[{"pid": 175043, "rss_mb": 10872.3046875, "pss_mb": 10856.8984375, "tag": "main"}, {"pid": 257253, "rss_mb": 22.8125, "pss_mb": 18.275390625, "tag": "ffmpeg"}]
974.2	2	10935.1	10915.2	10912.3	22.8	0.0	[{"pid": 175043, "rss_mb": 10912.3046875, "pss_mb": 10896.900390625, "tag": "main"}, {"pid": 257253, "rss_mb": 22.8125, "pss_mb": 18.279296875, "tag": "ffmpeg"}]
979.4	2	10979.1	10959.2	10956.3	22.8	0.0	[{"pid": 175043, "rss_mb": 10956.3046875, "pss_mb": 10940.9013671875, "tag": "main"}, {"pid": 257253, "rss_mb": 22.8125, "pss_mb": 18.283203125, "tag": "ffmpeg"}]
984.7	2	10979.2	10959.2	10956.3	22.9	0.0	[{"pid": 175043, "rss_mb": 10956.3046875, "pss_mb": 10940.8974609375, "tag": "main"}, {"pid": 257253, "rss_mb": 22.9375, "pss_mb": 18.341796875, "tag": "ffmpeg"}]
989.9	2	10865.2	10845.3	10842.3	22.9	0.0	[{"pid": 175043, "rss_mb": 10842.3046875, "pss_mb": 10826.9873046875, "tag": "main"}, {"pid": 257253, "rss_mb": 22.9375, "pss_mb": 18.345703125, "tag": "ffmpeg"}]
995.1	2	10865.2	10845.3	10842.3	22.9	0.0	[{"pid": 175043, "rss_mb": 10842.3046875, "pss_mb": 10826.9873046875, "tag": "main"}, {"pid": 257253, "rss_mb": 22.9375, "pss_mb": 18.349609375, "tag": "ffmpeg"}]
1000.3	2	10871.2	10851.2	10848.3	22.9	0.0	[{"pid": 175043, "rss_mb": 10848.30078125, "pss_mb": 10832.8623046875, "tag": "main"}, {"pid": 257253, "rss_mb": 22.9375, "pss_mb": 18.34765625, "tag": "ffmpeg"}]
1005.5	2	10959.2	10939.4	10936.3	22.9	0.0	[{"pid": 175043, "rss_mb": 10936.30078125, "pss_mb": 10920.869140625, "tag": "main"}, {"pid": 257253, "rss_mb": 22.9375, "pss_mb": 18.484375, "tag": "ffmpeg"}]
1010.7	2	10979.2	10959.4	10956.3	22.9	0.0	[{"pid": 175043, "rss_mb": 10956.296875, "pss_mb": 10940.8935546875, "tag": "main"}, {"pid": 257253, "rss_mb": 22.9375, "pss_mb": 18.521484375, "tag": "ffmpeg"}]
1015.9	2	10592.1	10581.1	10569.1	23.1	0.0	[{"pid": 175043, "rss_mb": 10569.0859375, "pss_mb": 10562.4306640625, "tag": "main"}, {"pid": 257253, "rss_mb": 23.0625, "pss_mb": 18.6259765625, "tag": "ffmpeg"}]
1021.1	2	10539.0	10519.1	10515.9	23.1	0.0	[{"pid": 175043, "rss_mb": 10515.94921875, "pss_mb": 10500.4150390625, "tag": "main"}, {"pid": 257253, "rss_mb": 23.0625, "pss_mb": 18.6455078125, "tag": "ffmpeg"}]
1026.2	2	10585.0	10565.1	10561.9	23.1	0.0	[{"pid": 175043, "rss_mb": 10561.94921875, "pss_mb": 10546.4130859375, "tag": "main"}, {"pid": 257253, "rss_mb": 23.0625, "pss_mb": 18.65625, "tag": "ffmpeg"}]
1031.4	2	8594.3	8574.4	8571.2	23.1	0.0	[{"pid": 175043, "rss_mb": 8571.2421875, "pss_mb": 8555.705078125, "tag": "main"}, {"pid": 257253, "rss_mb": 23.0625, "pss_mb": 18.6640625, "tag": "ffmpeg"}]
1036.6	2	8347.5	8327.6	8324.4	23.1	0.0	[{"pid": 175043, "rss_mb": 8324.4296875, "pss_mb": 8308.89453125, "tag": "main"}, {"pid": 257253, "rss_mb": 23.0625, "pss_mb": 18.6689453125, "tag": "ffmpeg"}]
1041.8	2	7657.9	7668.0	7570.0	87.9	0.0	[{"pid": 175043, "rss_mb": 7569.95703125, "pss_mb": 7550.58984375, "tag": "main"}, {"pid": 273719, "rss_mb": 87.9453125, "pss_mb": 117.4482421875, "tag": "ffmpeg"}]
1047.0	3	8349.8	8308.2	8157.1	192.7	0.0	[{"pid": 175043, "rss_mb": 8157.05078125, "pss_mb": 8138.197265625, "tag": "main"}, {"pid": 273951, "rss_mb": 175.109375, "pss_mb": 161.462890625, "tag": "ffmpeg"}, {"pid": 273953, "rss_mb": 17.625, "pss_mb": 8.58984375, "tag": "ffmpeg"}]
1052.2	3	8603.4	8562.0	8409.5	193.9	0.0	[{"pid": 175043, "rss_mb": 8409.5234375, "pss_mb": 8390.724609375, "tag": "main"}, {"pid": 273951, "rss_mb": 176.234375, "pss_mb": 162.669921875, "tag": "ffmpeg"}, {"pid": 273953, "rss_mb": 17.625, "pss_mb": 8.58984375, "tag": "ffmpeg"}]
1057.4	3	8780.3	8737.9	8563.4	217.0	0.0	[{"pid": 175043, "rss_mb": 8563.35546875, "pss_mb": 8544.630859375, "tag": "main"}, {"pid": 273951, "rss_mb": 178.609375, "pss_mb": 164.513671875, "tag": "ffmpeg"}, {"pid": 273953, "rss_mb": 38.375, "pss_mb": 28.7978515625, "tag": "ffmpeg"}]
1062.6	3	8896.0	8867.3	8677.4	218.6	0.0	[{"pid": 175043, "rss_mb": 8677.41015625, "pss_mb": 8672.4638671875, "tag": "main"}, {"pid": 273951, "rss_mb": 179.859375, "pss_mb": 165.703125, "tag": "ffmpeg"}, {"pid": 273953, "rss_mb": 38.75, "pss_mb": 29.166015625, "tag": "ffmpeg"}]
1067.8	3	9040.6	8997.8	8820.9	219.7	0.0	[{"pid": 175043, "rss_mb": 8820.87109375, "pss_mb": 8801.720703125, "tag": "main"}, {"pid": 273951, "rss_mb": 180.984375, "pss_mb": 166.888671875, "tag": "ffmpeg"}, {"pid": 273953, "rss_mb": 38.75, "pss_mb": 29.166015625, "tag": "ffmpeg"}]
1073.0	3	9222.2	9178.4	9015.8	206.4	0.0	[{"pid": 175043, "rss_mb": 9015.8359375, "pss_mb": 8996.828125, "tag": "main"}, {"pid": 273951, "rss_mb": 182.234375, "pss_mb": 167.4990234375, "tag": "ffmpeg"}, {"pid": 273953, "rss_mb": 24.14453125, "pss_mb": 14.078125, "tag": "ffmpeg"}]
1078.2	3	9453.5	9409.7	9247.1	206.4	0.0	[{"pid": 175043, "rss_mb": 9247.0859375, "pss_mb": 9228.1171875, "tag": "main"}, {"pid": 273951, "rss_mb": 182.234375, "pss_mb": 167.5029296875, "tag": "ffmpeg"}, {"pid": 273953, "rss_mb": 24.14453125, "pss_mb": 14.078125, "tag": "ffmpeg"}]
1083.5	3	9570.8	9534.6	9364.4	206.4	0.0	[{"pid": 175043, "rss_mb": 9364.38671875, "pss_mb": 9353.0380859375, "tag": "main"}, {"pid": 273951, "rss_mb": 182.234375, "pss_mb": 167.5, "tag": "ffmpeg"}, {"pid": 273953, "rss_mb": 24.14453125, "pss_mb": 14.07421875, "tag": "ffmpeg"}]
1088.7	3	9853.1	9809.4	9646.8	206.4	0.0	[{"pid": 175043, "rss_mb": 9646.76171875, "pss_mb": 9627.767578125, "tag": "main"}, {"pid": 273951, "rss_mb": 182.234375, "pss_mb": 167.51171875, "tag": "ffmpeg"}, {"pid": 273953, "rss_mb": 24.14453125, "pss_mb": 14.078125, "tag": "ffmpeg"}]
1093.9	3	10023.3	9979.4	9816.8	206.5	0.0	[{"pid": 175043, "rss_mb": 9816.75, "pss_mb": 9797.681640625, "tag": "main"}, {"pid": 273951, "rss_mb": 182.359375, "pss_mb": 167.619140625, "tag": "ffmpeg"}, {"pid": 273953, "rss_mb": 24.14453125, "pss_mb": 14.0791015625, "tag": "ffmpeg"}]
1099.2	3	10249.0	10205.2	10042.5	206.5	0.0	[{"pid": 175043, "rss_mb": 10042.5, "pss_mb": 10023.5068359375, "tag": "main"}, {"pid": 273951, "rss_mb": 182.359375, "pss_mb": 167.6240234375, "tag": "ffmpeg"}, {"pid": 273953, "rss_mb": 24.14453125, "pss_mb": 14.0830078125, "tag": "ffmpeg"}]
1104.4	3	10374.7	10330.9	10168.2	206.5	0.0	[{"pid": 175043, "rss_mb": 10168.171875, "pss_mb": 10149.1884765625, "tag": "main"}, {"pid": 273951, "rss_mb": 182.359375, "pss_mb": 167.6279296875, "tag": "ffmpeg"}, {"pid": 273953, "rss_mb": 24.14453125, "pss_mb": 14.08203125, "tag": "ffmpeg"}]
1109.6	3	10737.4	10579.8	10530.9	206.5	0.0	[{"pid": 175043, "rss_mb": 10530.921875, "pss_mb": 10398.1083984375, "tag": "main"}, {"pid": 273951, "rss_mb": 182.359375, "pss_mb": 167.6328125, "tag": "ffmpeg"}, {"pid": 273953, "rss_mb": 24.14453125, "pss_mb": 14.0830078125, "tag": "ffmpeg"}]
1114.8	3	10906.1	10862.2	10699.6	206.5	0.0	[{"pid": 175043, "rss_mb": 10699.59375, "pss_mb": 10680.517578125, "tag": "main"}, {"pid": 273951, "rss_mb": 182.359375, "pss_mb": 167.6328125, "tag": "ffmpeg"}, {"pid": 273953, "rss_mb": 24.14453125, "pss_mb": 14.0830078125, "tag": "ffmpeg"}]
1120.0	3	11167.1	11123.3	10960.6	206.5	0.0	[{"pid": 175043, "rss_mb": 10960.59375, "pss_mb": 10941.5498046875, "tag": "main"}, {"pid": 273951, "rss_mb": 182.359375, "pss_mb": 167.6357421875, "tag": "ffmpeg"}, {"pid": 273953, "rss_mb": 24.14453125, "pss_mb": 14.0859375, "tag": "ffmpeg"}]
1125.2	3	11461.8	11428.2	11255.3	206.5	0.0	[{"pid": 175043, "rss_mb": 11255.32421875, "pss_mb": 11246.525390625, "tag": "main"}, {"pid": 273951, "rss_mb": 182.359375, "pss_mb": 167.6357421875, "tag": "ffmpeg"}, {"pid": 273953, "rss_mb": 24.14453125, "pss_mb": 14.0869140625, "tag": "ffmpeg"}]
1130.4	3	11429.3	11385.5	11221.6	207.8	0.0	[{"pid": 175043, "rss_mb": 11221.57421875, "pss_mb": 11202.6240234375, "tag": "main"}, {"pid": 273951, "rss_mb": 183.609375, "pss_mb": 168.82421875, "tag": "ffmpeg"}, {"pid": 273953, "rss_mb": 24.14453125, "pss_mb": 14.0908203125, "tag": "ffmpeg"}]
1135.6	3	11585.9	11542.2	11378.1	207.8	0.0	[{"pid": 175043, "rss_mb": 11378.11328125, "pss_mb": 11359.2431640625, "tag": "main"}, {"pid": 273951, "rss_mb": 183.609375, "pss_mb": 168.8271484375, "tag": "ffmpeg"}, {"pid": 273953, "rss_mb": 24.14453125, "pss_mb": 14.091796875, "tag": "ffmpeg"}]
1140.9	3	11476.8	11433.0	11269.1	207.8	0.0	[{"pid": 175043, "rss_mb": 11269.08984375, "pss_mb": 11250.08203125, "tag": "main"}, {"pid": 273951, "rss_mb": 183.609375, "pss_mb": 168.8310546875, "tag": "ffmpeg"}, {"pid": 273953, "rss_mb": 24.14453125, "pss_mb": 14.09375, "tag": "ffmpeg"}]
1146.1	2	11407.2	11387.5	11383.0	24.1	0.0	[{"pid": 175043, "rss_mb": 11383.046875, "pss_mb": 11367.9169921875, "tag": "main"}, {"pid": 273953, "rss_mb": 24.14453125, "pss_mb": 19.6220703125, "tag": "ffmpeg"}]
1151.4	2	11321.3	11301.5	11297.2	24.1	0.0	[{"pid": 175043, "rss_mb": 11297.171875, "pss_mb": 11281.9130859375, "tag": "main"}, {"pid": 273953, "rss_mb": 24.14453125, "pss_mb": 19.6181640625, "tag": "ffmpeg"}]
1156.6	2	11407.3	11387.5	11383.2	24.1	0.0	[{"pid": 175043, "rss_mb": 11383.203125, "pss_mb": 11367.912109375, "tag": "main"}, {"pid": 273953, "rss_mb": 24.14453125, "pss_mb": 19.6015625, "tag": "ffmpeg"}]
1161.8	2	11407.4	11387.6	11383.2	24.1	0.0	[{"pid": 175043, "rss_mb": 11383.23046875, "pss_mb": 11367.9208984375, "tag": "main"}, {"pid": 273953, "rss_mb": 24.14453125, "pss_mb": 19.634765625, "tag": "ffmpeg"}]
1167.1	2	11407.4	11387.6	11383.3	24.1	0.0	[{"pid": 175043, "rss_mb": 11383.28125, "pss_mb": 11367.9208984375, "tag": "main"}, {"pid": 273953, "rss_mb": 24.14453125, "pss_mb": 19.638671875, "tag": "ffmpeg"}]
1172.3	2	11293.5	11279.6	11269.4	24.1	0.0	[{"pid": 175043, "rss_mb": 11269.40234375, "pss_mb": 11259.919921875, "tag": "main"}, {"pid": 273953, "rss_mb": 24.14453125, "pss_mb": 19.642578125, "tag": "ffmpeg"}]
1177.5	2	11365.5	11345.5	11341.4	24.1	0.0	[{"pid": 175043, "rss_mb": 11341.3984375, "pss_mb": 11325.8798828125, "tag": "main"}, {"pid": 273953, "rss_mb": 24.14453125, "pss_mb": 19.638671875, "tag": "ffmpeg"}]
1182.8	2	11407.5	11387.6	11383.4	24.1	0.0	[{"pid": 175043, "rss_mb": 11383.390625, "pss_mb": 11367.9140625, "tag": "main"}, {"pid": 273953, "rss_mb": 24.14453125, "pss_mb": 19.6484375, "tag": "ffmpeg"}]
1188.0	2	11293.6	11273.7	11269.5	24.1	0.0	[{"pid": 175043, "rss_mb": 11269.4765625, "pss_mb": 11254.0078125, "tag": "main"}, {"pid": 273953, "rss_mb": 24.14453125, "pss_mb": 19.6494140625, "tag": "ffmpeg"}]
1193.1	2	10876.2	10856.3	10852.1	24.1	0.0	[{"pid": 175043, "rss_mb": 10852.08203125, "pss_mb": 10836.5703125, "tag": "main"}, {"pid": 273953, "rss_mb": 24.14453125, "pss_mb": 19.68359375, "tag": "ffmpeg"}]
1198.4	2	10948.2	10966.2	10924.1	24.1	0.0	[{"pid": 175043, "rss_mb": 10924.0703125, "pss_mb": 10946.546875, "tag": "main"}, {"pid": 273953, "rss_mb": 24.14453125, "pss_mb": 19.6953125, "tag": "ffmpeg"}]
1203.5	2	8343.0	8323.0	8318.3	24.6	0.0	[{"pid": 175043, "rss_mb": 8318.32421875, "pss_mb": 8302.7744140625, "tag": "main"}, {"pid": 273953, "rss_mb": 24.64453125, "pss_mb": 20.193359375, "tag": "ffmpeg"}]
1208.7	2	8343.0	8323.0	8318.3	24.6	0.0	[{"pid": 175043, "rss_mb": 8318.32421875, "pss_mb": 8302.8173828125, "tag": "main"}, {"pid": 273953, "rss_mb": 24.64453125, "pss_mb": 20.201171875, "tag": "ffmpeg"}]
1213.9	2	8435.5	8406.9	8255.7	179.8	0.0	[{"pid": 175043, "rss_mb": 8255.68359375, "pss_mb": 8236.458984375, "tag": "main"}, {"pid": 289629, "rss_mb": 179.81640625, "pss_mb": 170.4287109375, "tag": "ffmpeg"}]
1219.1	3	8919.6	8886.8	8830.2	89.4	0.0	[{"pid": 175043, "rss_mb": 8830.1875, "pss_mb": 8815.0625, "tag": "main"}, {"pid": 289808, "rss_mb": 71.94921875, "pss_mb": 63.251953125, "tag": "ffmpeg"}, {"pid": 289810, "rss_mb": 17.5, "pss_mb": 8.5, "tag": "ffmpeg"}]
1224.3	3	9103.5	9069.5	8995.1	108.4	0.0	[{"pid": 175043, "rss_mb": 8995.09765625, "pss_mb": 8980.1455078125, "tag": "main"}, {"pid": 289808, "rss_mb": 70.01171875, "pss_mb": 60.654296875, "tag": "ffmpeg"}, {"pid": 289810, "rss_mb": 38.34375, "pss_mb": 28.734375, "tag": "ffmpeg"}]
1229.5	3	9111.1	9076.9	9001.4	109.7	0.0	[{"pid": 175043, "rss_mb": 9001.36328125, "pss_mb": 8986.146484375, "tag": "main"}, {"pid": 289808, "rss_mb": 71.38671875, "pss_mb": 62.01953125, "tag": "ffmpeg"}, {"pid": 289810, "rss_mb": 38.34375, "pss_mb": 28.7333984375, "tag": "ffmpeg"}]
1234.6	3	9237.2	9202.8	9125.2	112.1	0.0	[{"pid": 175043, "rss_mb": 9125.16796875, "pss_mb": 9109.994140625, "tag": "main"}, {"pid": 289808, "rss_mb": 73.109375, "pss_mb": 63.4111328125, "tag": "ffmpeg"}, {"pid": 289810, "rss_mb": 38.96875, "pss_mb": 29.42578125, "tag": "ffmpeg"}]
1239.9	3	9453.0	9417.3	9350.9	102.1	0.0	[{"pid": 175043, "rss_mb": 9350.91796875, "pss_mb": 9335.76953125, "tag": "main"}, {"pid": 289808, "rss_mb": 77.79296875, "pss_mb": 67.3916015625, "tag": "ffmpeg"}, {"pid": 289810, "rss_mb": 24.30859375, "pss_mb": 14.1650390625, "tag": "ffmpeg"}]
1245.1	3	9645.3	9609.5	9543.2	102.1	0.0	[{"pid": 175043, "rss_mb": 9543.19921875, "pss_mb": 9527.986328125, "tag": "main"}, {"pid": 289808, "rss_mb": 77.79296875, "pss_mb": 67.392578125, "tag": "ffmpeg"}, {"pid": 289810, "rss_mb": 24.30859375, "pss_mb": 14.1669921875, "tag": "ffmpeg"}]
1250.3	3	9796.5	9762.8	9694.6	101.9	0.0	[{"pid": 175043, "rss_mb": 9694.57421875, "pss_mb": 9679.9775390625, "tag": "main"}, {"pid": 289808, "rss_mb": 77.609375, "pss_mb": 68.6552734375, "tag": "ffmpeg"}, {"pid": 289810, "rss_mb": 24.30859375, "pss_mb": 14.1630859375, "tag": "ffmpeg"}]
1255.5	3	10019.1	9983.9	9912.4	106.7	0.0	[{"pid": 175043, "rss_mb": 9912.44921875, "pss_mb": 9897.3935546875, "tag": "main"}, {"pid": 289808, "rss_mb": 82.359375, "pss_mb": 72.220703125, "tag": "ffmpeg"}, {"pid": 289810, "rss_mb": 24.30859375, "pss_mb": 14.2412109375, "tag": "ffmpeg"}]
1260.7	3	10247.4	10211.9	10140.3	107.0	0.0	[{"pid": 175043, "rss_mb": 10140.32421875, "pss_mb": 10125.1689453125, "tag": "main"}, {"pid": 289808, "rss_mb": 82.61328125, "pss_mb": 72.5283203125, "tag": "ffmpeg"}, {"pid": 289810, "rss_mb": 24.43359375, "pss_mb": 14.251953125, "tag": "ffmpeg"}]
1265.9	3	10473.1	10437.7	10368.1	105.0	0.0	[{"pid": 175043, "rss_mb": 10368.07421875, "pss_mb": 10353.0234375, "tag": "main"}, {"pid": 289808, "rss_mb": 80.59375, "pss_mb": 70.4619140625, "tag": "ffmpeg"}, {"pid": 289810, "rss_mb": 24.43359375, "pss_mb": 14.2548828125, "tag": "ffmpeg"}]
1271.2	3	10590.6	10555.3	10489.1	101.5	0.0	[{"pid": 175043, "rss_mb": 10489.07421875, "pss_mb": 10473.9833984375, "tag": "main"}, {"pid": 289808, "rss_mb": 77.09765625, "pss_mb": 67.0244140625, "tag": "ffmpeg"}, {"pid": 289810, "rss_mb": 24.43359375, "pss_mb": 14.2548828125, "tag": "ffmpeg"}]
1276.4	3	10812.5	10777.1	10709.9	102.6	0.0	[{"pid": 175043, "rss_mb": 10709.94921875, "pss_mb": 10694.736328125, "tag": "main"}, {"pid": 289808, "rss_mb": 78.16015625, "pss_mb": 68.0869140625, "tag": "ffmpeg"}, {"pid": 289810, "rss_mb": 24.43359375, "pss_mb": 14.2548828125, "tag": "ffmpeg"}]
1281.6	3	10970.4	10934.9	10867.8	102.6	0.0	[{"pid": 175043, "rss_mb": 10867.82421875, "pss_mb": 10852.5390625, "tag": "main"}, {"pid": 289808, "rss_mb": 78.171875, "pss_mb": 68.0751953125, "tag": "ffmpeg"}, {"pid": 289810, "rss_mb": 24.43359375, "pss_mb": 14.2470703125, "tag": "ffmpeg"}]
1286.8	3	11214.6	11179.3	11108.4	106.1	0.0	[{"pid": 175043, "rss_mb": 11108.44921875, "pss_mb": 11093.4130859375, "tag": "main"}, {"pid": 289808, "rss_mb": 81.671875, "pss_mb": 71.650390625, "tag": "ffmpeg"}, {"pid": 289810, "rss_mb": 24.43359375, "pss_mb": 14.2607421875, "tag": "ffmpeg"}]
1292.0	3	11502.3	11466.9	11393.3	109.1	0.0	[{"pid": 175043, "rss_mb": 11393.265625, "pss_mb": 11378.1591796875, "tag": "main"}, {"pid": 289808, "rss_mb": 84.625, "pss_mb": 74.439453125, "tag": "ffmpeg"}, {"pid": 289810, "rss_mb": 24.43359375, "pss_mb": 14.2607421875, "tag": "ffmpeg"}]
1297.3	3	11781.4	11746.0	11678.0	103.4	0.0	[{"pid": 175043, "rss_mb": 11678.015625, "pss_mb": 11662.9599609375, "tag": "main"}, {"pid": 289808, "rss_mb": 78.98828125, "pss_mb": 68.755859375, "tag": "ffmpeg"}, {"pid": 289810, "rss_mb": 24.43359375, "pss_mb": 14.2607421875, "tag": "ffmpeg"}]
1302.5	3	11924.8	11889.2	11820.4	104.4	0.0	[{"pid": 175043, "rss_mb": 11820.390625, "pss_mb": 11805.3310546875, "tag": "main"}, {"pid": 289808, "rss_mb": 79.98046875, "pss_mb": 69.568359375, "tag": "ffmpeg"}, {"pid": 289810, "rss_mb": 24.43359375, "pss_mb": 14.2607421875, "tag": "ffmpeg"}]
1307.7	3	11925.0	11889.5	11820.4	104.6	0.0	[{"pid": 175043, "rss_mb": 11820.390625, "pss_mb": 11805.3125, "tag": "main"}, {"pid": 289808, "rss_mb": 80.171875, "pss_mb": 69.875, "tag": "ffmpeg"}, {"pid": 289810, "rss_mb": 24.43359375, "pss_mb": 14.263671875, "tag": "ffmpeg"}]
1312.9	3	11925.0	11889.4	11820.4	104.6	0.0	[{"pid": 175043, "rss_mb": 11820.390625, "pss_mb": 11805.3056640625, "tag": "main"}, {"pid": 289808, "rss_mb": 80.171875, "pss_mb": 69.875, "tag": "ffmpeg"}, {"pid": 289810, "rss_mb": 24.43359375, "pss_mb": 14.2685546875, "tag": "ffmpeg"}]
1318.1	3	11922.7	11887.2	11820.4	102.4	0.0	[{"pid": 175043, "rss_mb": 11820.390625, "pss_mb": 11805.3427734375, "tag": "main"}, {"pid": 289808, "rss_mb": 77.921875, "pss_mb": 67.6259765625, "tag": "ffmpeg"}, {"pid": 289810, "rss_mb": 24.43359375, "pss_mb": 14.2744140625, "tag": "ffmpeg"}]
1323.4	3	11923.9	11888.4	11820.5	103.4	0.0	[{"pid": 175043, "rss_mb": 11820.48828125, "pss_mb": 11805.330078125, "tag": "main"}, {"pid": 289808, "rss_mb": 78.98828125, "pss_mb": 68.802734375, "tag": "ffmpeg"}, {"pid": 289810, "rss_mb": 24.43359375, "pss_mb": 14.2646484375, "tag": "ffmpeg"}]
1328.6	3	11924.1	11888.5	11820.5	103.6	0.0	[{"pid": 175043, "rss_mb": 11820.48828125, "pss_mb": 11805.3447265625, "tag": "main"}, {"pid": 289808, "rss_mb": 78.9140625, "pss_mb": 68.689453125, "tag": "ffmpeg"}, {"pid": 289810, "rss_mb": 24.68359375, "pss_mb": 14.5068359375, "tag": "ffmpeg"}]
1333.8	3	11924.0	11888.5	11820.5	103.5	0.0	[{"pid": 175043, "rss_mb": 11820.48828125, "pss_mb": 11805.3447265625, "tag": "main"}, {"pid": 289808, "rss_mb": 78.8515625, "pss_mb": 68.685546875, "tag": "ffmpeg"}, {"pid": 289810, "rss_mb": 24.68359375, "pss_mb": 14.5107421875, "tag": "ffmpeg"}]
1339.0	3	11954.7	11939.7	11852.0	102.7	0.0	[{"pid": 175043, "rss_mb": 11851.98828125, "pss_mb": 11857.2509765625, "tag": "main"}, {"pid": 289808, "rss_mb": 78.03125, "pss_mb": 67.931640625, "tag": "ffmpeg"}, {"pid": 289810, "rss_mb": 24.68359375, "pss_mb": 14.5146484375, "tag": "ffmpeg"}]
1344.3	3	11925.7	11890.0	11820.6	105.1	0.0	[{"pid": 175043, "rss_mb": 11820.578125, "pss_mb": 11805.3447265625, "tag": "main"}, {"pid": 289808, "rss_mb": 80.40625, "pss_mb": 70.181640625, "tag": "ffmpeg"}, {"pid": 289810, "rss_mb": 24.68359375, "pss_mb": 14.5185546875, "tag": "ffmpeg"}]
1349.5	3	11925.7	11890.0	11820.6	105.1	0.0	[{"pid": 175043, "rss_mb": 11820.609375, "pss_mb": 11805.3408203125, "tag": "main"}, {"pid": 289808, "rss_mb": 80.40625, "pss_mb": 70.1767578125, "tag": "ffmpeg"}, {"pid": 289810, "rss_mb": 24.68359375, "pss_mb": 14.5185546875, "tag": "ffmpeg"}]
1354.7	3	11923.4	11887.8	11820.6	102.8	0.0	[{"pid": 175043, "rss_mb": 11820.609375, "pss_mb": 11805.3447265625, "tag": "main"}, {"pid": 289808, "rss_mb": 78.09765625, "pss_mb": 67.935546875, "tag": "ffmpeg"}, {"pid": 289810, "rss_mb": 24.68359375, "pss_mb": 14.525390625, "tag": "ffmpeg"}]
1360.0	2	11783.8	11764.1	11759.1	24.7	0.0	[{"pid": 175043, "rss_mb": 11759.09375, "pss_mb": 11743.8193359375, "tag": "main"}, {"pid": 289810, "rss_mb": 24.68359375, "pss_mb": 20.2958984375, "tag": "ffmpeg"}]
1365.2	2	11845.3	11825.7	11820.6	24.7	0.0	[{"pid": 175043, "rss_mb": 11820.59375, "pss_mb": 11805.396484375, "tag": "main"}, {"pid": 289810, "rss_mb": 24.68359375, "pss_mb": 20.2978515625, "tag": "ffmpeg"}]
1370.4	2	11801.4	11781.8	11776.7	24.7	0.0	[{"pid": 175043, "rss_mb": 11776.72265625, "pss_mb": 11761.494140625, "tag": "main"}, {"pid": 289810, "rss_mb": 24.68359375, "pss_mb": 20.3056640625, "tag": "ffmpeg"}]
1375.6	2	11801.4	11781.8	11776.7	24.7	0.0	[{"pid": 175043, "rss_mb": 11776.72265625, "pss_mb": 11761.4912109375, "tag": "main"}, {"pid": 289810, "rss_mb": 24.68359375, "pss_mb": 20.3095703125, "tag": "ffmpeg"}]
1380.8	2	11801.4	11781.8	11776.7	24.7	0.0	[{"pid": 175043, "rss_mb": 11776.72265625, "pss_mb": 11761.48828125, "tag": "main"}, {"pid": 289810, "rss_mb": 24.68359375, "pss_mb": 20.3076171875, "tag": "ffmpeg"}]
1386.1	2	11801.4	11781.8	11776.7	24.7	0.0	[{"pid": 175043, "rss_mb": 11776.68359375, "pss_mb": 11761.486328125, "tag": "main"}, {"pid": 289810, "rss_mb": 24.68359375, "pss_mb": 20.3193359375, "tag": "ffmpeg"}]
1391.3	2	11801.4	11781.8	11776.7	24.7	0.0	[{"pid": 175043, "rss_mb": 11776.68359375, "pss_mb": 11761.4833984375, "tag": "main"}, {"pid": 289810, "rss_mb": 24.68359375, "pss_mb": 20.3232421875, "tag": "ffmpeg"}]
1396.5	2	11801.4	11781.8	11776.7	24.7	0.0	[{"pid": 175043, "rss_mb": 11776.68359375, "pss_mb": 11761.482421875, "tag": "main"}, {"pid": 289810, "rss_mb": 24.68359375, "pss_mb": 20.3232421875, "tag": "ffmpeg"}]
1401.8	2	11915.2	11895.7	11890.6	24.7	0.0	[{"pid": 175043, "rss_mb": 11890.55859375, "pss_mb": 11875.3974609375, "tag": "main"}, {"pid": 289810, "rss_mb": 24.68359375, "pss_mb": 20.3291015625, "tag": "ffmpeg"}]
1407.0	2	10299.4	10279.7	10274.7	24.7	0.0	[{"pid": 175043, "rss_mb": 10274.73828125, "pss_mb": 10259.3037109375, "tag": "main"}, {"pid": 289810, "rss_mb": 24.68359375, "pss_mb": 20.3681640625, "tag": "ffmpeg"}]
1412.2	2	8239.6	8219.9	8214.9	24.7	0.0	[{"pid": 175043, "rss_mb": 8214.92578125, "pss_mb": 8199.4912109375, "tag": "main"}, {"pid": 289810, "rss_mb": 24.68359375, "pss_mb": 20.3798828125, "tag": "ffmpeg"}]
1417.3	2	8239.6	8219.9	8214.9	24.7	0.0	[{"pid": 175043, "rss_mb": 8214.92578125, "pss_mb": 8199.490234375, "tag": "main"}, {"pid": 289810, "rss_mb": 24.68359375, "pss_mb": 20.3798828125, "tag": "ffmpeg"}]
1422.5	3	7186.8	7153.9	7085.3	101.5	0.0	[{"pid": 175043, "rss_mb": 7085.328125, "pss_mb": 7070.2451171875, "tag": "main"}, {"pid": 308913, "rss_mb": 83.83203125, "pss_mb": 75.064453125, "tag": "ffmpeg"}, {"pid": 308915, "rss_mb": 17.625, "pss_mb": 8.6015625, "tag": "ffmpeg"}]
1427.7	3	7389.0	7356.3	7286.7	102.3	0.0	[{"pid": 175043, "rss_mb": 7286.65625, "pss_mb": 7271.568359375, "tag": "main"}, {"pid": 308913, "rss_mb": 84.72265625, "pss_mb": 76.15234375, "tag": "ffmpeg"}, {"pid": 308915, "rss_mb": 17.625, "pss_mb": 8.6015625, "tag": "ffmpeg"}]
1432.9	3	7537.8	7505.2	7433.1	104.7	0.0	[{"pid": 175043, "rss_mb": 7433.08203125, "pss_mb": 7418.052734375, "tag": "main"}, {"pid": 308913, "rss_mb": 87.0625, "pss_mb": 78.5234375, "tag": "ffmpeg"}, {"pid": 308915, "rss_mb": 17.625, "pss_mb": 8.6005859375, "tag": "ffmpeg"}]
1438.0	3	7726.0	7714.6	7604.2	121.8	0.0	[{"pid": 175043, "rss_mb": 7604.20703125, "pss_mb": 7611.3671875, "tag": "main"}, {"pid": 308913, "rss_mb": 83.484375, "pss_mb": 74.40234375, "tag": "ffmpeg"}, {"pid": 308915, "rss_mb": 38.33984375, "pss_mb": 28.7958984375, "tag": "ffmpeg"}]
1443.2	3	7844.5	7810.8	7717.7	126.8	0.0	[{"pid": 175043, "rss_mb": 7717.71875, "pss_mb": 7702.5703125, "tag": "main"}, {"pid": 308913, "rss_mb": 88.234375, "pss_mb": 79.14453125, "tag": "ffmpeg"}, {"pid": 308915, "rss_mb": 38.58984375, "pss_mb": 29.1259765625, "tag": "ffmpeg"}]
1448.5	3	8082.2	8048.3	7958.8	123.4	0.0	[{"pid": 175043, "rss_mb": 7958.81640625, "pss_mb": 7943.6083984375, "tag": "main"}, {"pid": 308913, "rss_mb": 84.78125, "pss_mb": 75.5830078125, "tag": "ffmpeg"}, {"pid": 308915, "rss_mb": 38.58984375, "pss_mb": 29.12109375, "tag": "ffmpeg"}]
1453.6	3	8342.7	8307.7	8230.6	112.2	0.0	[{"pid": 175043, "rss_mb": 8230.56640625, "pss_mb": 8215.3544921875, "tag": "main"}, {"pid": 308913, "rss_mb": 88.28125, "pss_mb": 78.4443359375, "tag": "ffmpeg"}, {"pid": 308915, "rss_mb": 23.89453125, "pss_mb": 13.9072265625, "tag": "ffmpeg"}]
1458.8	3	8410.2	8375.2	8301.7	108.5	0.0	[{"pid": 175043, "rss_mb": 8301.671875, "pss_mb": 8286.375, "tag": "main"}, {"pid": 308913, "rss_mb": 84.6171875, "pss_mb": 74.8857421875, "tag": "ffmpeg"}, {"pid": 308915, "rss_mb": 23.89453125, "pss_mb": 13.908203125, "tag": "ffmpeg"}]
1464.1	3	8734.2	8699.2	8624.3	109.9	0.0	[{"pid": 175043, "rss_mb": 8624.296875, "pss_mb": 8609.0927734375, "tag": "main"}, {"pid": 308913, "rss_mb": 85.98828125, "pss_mb": 76.0732421875, "tag": "ffmpeg"}, {"pid": 308915, "rss_mb": 23.89453125, "pss_mb": 13.9853515625, "tag": "ffmpeg"}]
1469.2	3	8868.6	8833.5	8756.4	112.3	0.0	[{"pid": 175043, "rss_mb": 8756.37890625, "pss_mb": 8741.0107421875, "tag": "main"}, {"pid": 308913, "rss_mb": 88.36328125, "pss_mb": 78.4794921875, "tag": "ffmpeg"}, {"pid": 308915, "rss_mb": 23.89453125, "pss_mb": 13.9853515625, "tag": "ffmpeg"}]
1474.4	3	9157.9	9123.0	9050.5	107.4	0.0	[{"pid": 175043, "rss_mb": 9050.50390625, "pss_mb": 9035.3154296875, "tag": "main"}, {"pid": 308913, "rss_mb": 83.55078125, "pss_mb": 73.7412109375, "tag": "ffmpeg"}, {"pid": 308915, "rss_mb": 23.89453125, "pss_mb": 13.9853515625, "tag": "ffmpeg"}]
1479.6	3	9292.3	9257.3	9185.9	106.4	0.0	[{"pid": 175043, "rss_mb": 9185.8828125, "pss_mb": 9170.6591796875, "tag": "main"}, {"pid": 308913, "rss_mb": 82.4921875, "pss_mb": 72.677734375, "tag": "ffmpeg"}, {"pid": 308915, "rss_mb": 23.89453125, "pss_mb": 13.986328125, "tag": "ffmpeg"}]
1484.8	3	9401.6	9366.5	9292.9	108.8	0.0	[{"pid": 175043, "rss_mb": 9292.86328125, "pss_mb": 9277.6240234375, "tag": "main"}, {"pid": 308913, "rss_mb": 84.8671875, "pss_mb": 74.9248046875, "tag": "ffmpeg"}, {"pid": 308915, "rss_mb": 23.89453125, "pss_mb": 13.98828125, "tag": "ffmpeg"}]
1490.0	3	9579.1	9544.2	9468.1	111.0	0.0	[{"pid": 175043, "rss_mb": 9468.09375, "pss_mb": 9452.9404296875, "tag": "main"}, {"pid": 308913, "rss_mb": 87.1171875, "pss_mb": 77.2880859375, "tag": "ffmpeg"}, {"pid": 308915, "rss_mb": 23.89453125, "pss_mb": 13.9833984375, "tag": "ffmpeg"}]
1495.2	3	9905.0	9870.1	9792.7	112.3	0.0	[{"pid": 175043, "rss_mb": 9792.71875, "pss_mb": 9777.6015625, "tag": "main"}, {"pid": 308913, "rss_mb": 88.3671875, "pss_mb": 78.4794921875, "tag": "ffmpeg"}, {"pid": 308915, "rss_mb": 23.89453125, "pss_mb": 13.994140625, "tag": "ffmpeg"}]
1500.5	3	10150.0	10115.0	10037.7	112.3	0.0	[{"pid": 175043, "rss_mb": 10037.70703125, "pss_mb": 10022.5400390625, "tag": "main"}, {"pid": 308913, "rss_mb": 88.3671875, "pss_mb": 78.4794921875, "tag": "ffmpeg"}, {"pid": 308915, "rss_mb": 23.89453125, "pss_mb": 13.9921875, "tag": "ffmpeg"}]
1505.8	3	10320.7	10285.7	10209.5	111.2	0.0	[{"pid": 175043, "rss_mb": 10209.484375, "pss_mb": 10194.3916015625, "tag": "main"}, {"pid": 308913, "rss_mb": 87.30078125, "pss_mb": 77.287109375, "tag": "ffmpeg"}, {"pid": 308915, "rss_mb": 23.89453125, "pss_mb": 13.9912109375, "tag": "ffmpeg"}]
1511.0	3	10387.8	10353.0	10274.4	113.4	0.0	[{"pid": 175043, "rss_mb": 10274.3984375, "pss_mb": 10259.34765625, "tag": "main"}, {"pid": 308913, "rss_mb": 89.55078125, "pss_mb": 79.6611328125, "tag": "ffmpeg"}, {"pid": 308915, "rss_mb": 23.89453125, "pss_mb": 13.9951171875, "tag": "ffmpeg"}]
1516.2	3	10398.9	10363.5	10294.0	104.9	0.0	[{"pid": 175043, "rss_mb": 10293.984375, "pss_mb": 10278.798828125, "tag": "main"}, {"pid": 308913, "rss_mb": 81.015625, "pss_mb": 70.7216796875, "tag": "ffmpeg"}, {"pid": 308915, "rss_mb": 23.89453125, "pss_mb": 13.99609375, "tag": "ffmpeg"}]
1521.5	2	10238.0	10218.4	10214.1	23.9	0.0	[{"pid": 175043, "rss_mb": 10214.1328125, "pss_mb": 10198.8916015625, "tag": "main"}, {"pid": 308915, "rss_mb": 23.89453125, "pss_mb": 19.53125, "tag": "ffmpeg"}]
1526.7	2	10278.1	10258.5	10254.1	24.0	0.0	[{"pid": 175043, "rss_mb": 10254.11328125, "pss_mb": 10238.990234375, "tag": "main"}, {"pid": 308915, "rss_mb": 24.01953125, "pss_mb": 19.5361328125, "tag": "ffmpeg"}]
1531.9	2	10204.3	10184.5	10180.3	24.0	0.0	[{"pid": 175043, "rss_mb": 10180.26171875, "pss_mb": 10164.9755859375, "tag": "main"}, {"pid": 308915, "rss_mb": 24.01953125, "pss_mb": 19.5595703125, "tag": "ffmpeg"}]
1537.1	2	10318.2	10298.5	10294.2	24.0	0.0	[{"pid": 175043, "rss_mb": 10294.2109375, "pss_mb": 10278.8974609375, "tag": "main"}, {"pid": 308915, "rss_mb": 24.01953125, "pss_mb": 19.568359375, "tag": "ffmpeg"}]
1542.3	2	10318.3	10298.5	10294.3	24.0	0.0	[{"pid": 175043, "rss_mb": 10294.2734375, "pss_mb": 10278.8984375, "tag": "main"}, {"pid": 308915, "rss_mb": 24.01953125, "pss_mb": 19.5693359375, "tag": "ffmpeg"}]
1547.8	2	10238.3	10218.5	10214.3	24.0	0.0	[{"pid": 175043, "rss_mb": 10214.2734375, "pss_mb": 10198.896484375, "tag": "main"}, {"pid": 308915, "rss_mb": 24.01953125, "pss_mb": 19.5712890625, "tag": "ffmpeg"}]
1553.0	2	10204.4	10184.6	10180.4	24.0	0.0	[{"pid": 175043, "rss_mb": 10180.36328125, "pss_mb": 10164.982421875, "tag": "main"}, {"pid": 308915, "rss_mb": 24.01953125, "pss_mb": 19.5751953125, "tag": "ffmpeg"}]
1558.2	2	10318.3	10298.5	10294.2	24.0	0.0	[{"pid": 175043, "rss_mb": 10294.23828125, "pss_mb": 10278.888671875, "tag": "main"}, {"pid": 308915, "rss_mb": 24.01953125, "pss_mb": 19.578125, "tag": "ffmpeg"}]
1563.5	2	10242.2	10222.4	10218.2	24.0	0.0	[{"pid": 175043, "rss_mb": 10218.2109375, "pss_mb": 10202.7783203125, "tag": "main"}, {"pid": 308915, "rss_mb": 24.01953125, "pss_mb": 19.6201171875, "tag": "ffmpeg"}]
1568.7	2	9786.0	9766.4	9762.0	24.0	0.0	[{"pid": 175043, "rss_mb": 9761.98828125, "pss_mb": 9746.7109375, "tag": "main"}, {"pid": 308915, "rss_mb": 24.01953125, "pss_mb": 19.6533203125, "tag": "ffmpeg"}]
1573.9	2	9886.0	9764.5	9862.0	24.0	0.0	[{"pid": 175043, "rss_mb": 9861.98828125, "pss_mb": 9744.7939453125, "tag": "main"}, {"pid": 308915, "rss_mb": 24.01953125, "pss_mb": 19.6572265625, "tag": "ffmpeg"}]
1579.1	2	9826.0	9806.4	9802.0	24.0	0.0	[{"pid": 175043, "rss_mb": 9801.953125, "pss_mb": 9786.7109375, "tag": "main"}, {"pid": 308915, "rss_mb": 24.01953125, "pss_mb": 19.6767578125, "tag": "ffmpeg"}]
1584.2	2	7809.6	7790.0	7785.6	24.0	0.0	[{"pid": 175043, "rss_mb": 7785.578125, "pss_mb": 7770.2978515625, "tag": "main"}, {"pid": 308915, "rss_mb": 24.01953125, "pss_mb": 19.6708984375, "tag": "ffmpeg"}]
1589.4	2	7809.6	7790.0	7785.6	24.0	0.0	[{"pid": 175043, "rss_mb": 7785.578125, "pss_mb": 7770.30078125, "tag": "main"}, {"pid": 308915, "rss_mb": 24.01953125, "pss_mb": 19.6767578125, "tag": "ffmpeg"}]
1594.6	3	7921.4	7888.6	7828.6	92.8	0.0	[{"pid": 175043, "rss_mb": 7828.61328125, "pss_mb": 7813.4755859375, "tag": "main"}, {"pid": 324774, "rss_mb": 75.015625, "pss_mb": 66.4931640625, "tag": "ffmpeg"}, {"pid": 324776, "rss_mb": 17.75, "pss_mb": 8.6083984375, "tag": "ffmpeg"}]
1599.8	3	8297.9	8264.0	8185.7	112.2	0.0	[{"pid": 175043, "rss_mb": 8185.671875, "pss_mb": 8170.5009765625, "tag": "main"}, {"pid": 324774, "rss_mb": 73.95703125, "pss_mb": 64.8828125, "tag": "ffmpeg"}, {"pid": 324776, "rss_mb": 38.25, "pss_mb": 28.615234375, "tag": "ffmpeg"}]
1605.0	3	8291.8	8257.8	8177.2	114.5	0.0	[{"pid": 175043, "rss_mb": 8177.2421875, "pss_mb": 8162.0595703125, "tag": "main"}, {"pid": 324774, "rss_mb": 76.28125, "pss_mb": 67.1376953125, "tag": "ffmpeg"}, {"pid": 324776, "rss_mb": 38.25, "pss_mb": 28.6162109375, "tag": "ffmpeg"}]
1610.2	3	8594.8	8560.9	8480.0	114.8	0.0	[{"pid": 175043, "rss_mb": 8479.9921875, "pss_mb": 8464.810546875, "tag": "main"}, {"pid": 324774, "rss_mb": 76.28125, "pss_mb": 67.1376953125, "tag": "ffmpeg"}, {"pid": 324776, "rss_mb": 38.5, "pss_mb": 28.9560546875, "tag": "ffmpeg"}]
1615.4	3	8711.1	8675.9	8613.2	97.8	0.0	[{"pid": 175043, "rss_mb": 8613.2421875, "pss_mb": 8597.9736328125, "tag": "main"}, {"pid": 324774, "rss_mb": 73.9296875, "pss_mb": 64.107421875, "tag": "ffmpeg"}, {"pid": 324776, "rss_mb": 23.9140625, "pss_mb": 13.7919921875, "tag": "ffmpeg"}]
1620.6	3	8906.2	8871.0	8808.3	97.8	0.0	[{"pid": 175043, "rss_mb": 8808.33984375, "pss_mb": 8793.0810546875, "tag": "main"}, {"pid": 324774, "rss_mb": 73.9296875, "pss_mb": 64.111328125, "tag": "ffmpeg"}, {"pid": 324776, "rss_mb": 23.9140625, "pss_mb": 13.791015625, "tag": "ffmpeg"}]
1625.8	3	9144.9	9109.8	9047.1	97.8	0.0	[{"pid": 175043, "rss_mb": 9047.08984375, "pss_mb": 9031.8779296875, "tag": "main"}, {"pid": 324774, "rss_mb": 73.9296875, "pss_mb": 64.1298828125, "tag": "ffmpeg"}, {"pid": 324776, "rss_mb": 23.9140625, "pss_mb": 13.7900390625, "tag": "ffmpeg"}]
1631.1	3	9263.8	9229.8	9163.5	100.2	0.0	[{"pid": 175043, "rss_mb": 9163.5234375, "pss_mb": 9148.2841796875, "tag": "main"}, {"pid": 324774, "rss_mb": 76.31640625, "pss_mb": 67.744140625, "tag": "ffmpeg"}, {"pid": 324776, "rss_mb": 23.9140625, "pss_mb": 13.7900390625, "tag": "ffmpeg"}]
1636.3	3	9543.4	9508.4	9443.1	100.2	0.0	[{"pid": 175043, "rss_mb": 9443.1484375, "pss_mb": 9428.015625, "tag": "main"}, {"pid": 324774, "rss_mb": 76.31640625, "pss_mb": 66.5986328125, "tag": "ffmpeg"}, {"pid": 324776, "rss_mb": 23.9140625, "pss_mb": 13.7978515625, "tag": "ffmpeg"}]
1641.4	3	9701.7	9666.8	9600.3	101.4	0.0	[{"pid": 175043, "rss_mb": 9600.25390625, "pss_mb": 9585.2216796875, "tag": "main"}, {"pid": 324774, "rss_mb": 77.53125, "pss_mb": 67.798828125, "tag": "ffmpeg"}, {"pid": 324776, "rss_mb": 23.9140625, "pss_mb": 13.7978515625, "tag": "ffmpeg"}]
1646.6	3	9949.4	9914.6	9846.8	102.7	0.0	[{"pid": 175043, "rss_mb": 9846.75390625, "pss_mb": 9831.7578125, "tag": "main"}, {"pid": 324774, "rss_mb": 78.78125, "pss_mb": 68.9794921875, "tag": "ffmpeg"}, {"pid": 324776, "rss_mb": 23.9140625, "pss_mb": 13.841796875, "tag": "ffmpeg"}]
1651.9	3	10107.6	10079.6	10008.3	99.4	0.0	[{"pid": 175043, "rss_mb": 10008.26171875, "pss_mb": 10000.0537109375, "tag": "main"}, {"pid": 324774, "rss_mb": 75.4375, "pss_mb": 65.677734375, "tag": "ffmpeg"}, {"pid": 324776, "rss_mb": 23.9140625, "pss_mb": 13.8544921875, "tag": "ffmpeg"}]
1657.1	3	10290.1	10255.3	10188.7	101.4	0.0	[{"pid": 175043, "rss_mb": 10188.69140625, "pss_mb": 10173.505859375, "tag": "main"}, {"pid": 324774, "rss_mb": 77.5078125, "pss_mb": 67.931640625, "tag": "ffmpeg"}, {"pid": 324776, "rss_mb": 23.9140625, "pss_mb": 13.8525390625, "tag": "ffmpeg"}]
1662.3	3	10576.2	10541.3	10473.6	102.7	0.0	[{"pid": 175043, "rss_mb": 10473.56640625, "pss_mb": 10458.291015625, "tag": "main"}, {"pid": 324774, "rss_mb": 78.7578125, "pss_mb": 69.115234375, "tag": "ffmpeg"}, {"pid": 324776, "rss_mb": 23.9140625, "pss_mb": 13.8525390625, "tag": "ffmpeg"}]
1667.5	3	10717.5	10682.6	10617.0	100.5	0.0	[{"pid": 175043, "rss_mb": 10616.99609375, "pss_mb": 10601.8720703125, "tag": "main"}, {"pid": 324774, "rss_mb": 76.5703125, "pss_mb": 66.869140625, "tag": "ffmpeg"}, {"pid": 324776, "rss_mb": 23.9140625, "pss_mb": 13.8564453125, "tag": "ffmpeg"}]
1672.7	3	11160.0	11125.1	11058.5	101.5	0.0	[{"pid": 175043, "rss_mb": 11058.49609375, "pss_mb": 11043.2802734375, "tag": "main"}, {"pid": 324774, "rss_mb": 77.5703125, "pss_mb": 67.9306640625, "tag": "ffmpeg"}, {"pid": 324776, "rss_mb": 23.9140625, "pss_mb": 13.85546875, "tag": "ffmpeg"}]
1677.9	3	11087.7	11052.7	10986.2	101.5	0.0	[{"pid": 175043, "rss_mb": 10986.22265625, "pss_mb": 10970.9033203125, "tag": "main"}, {"pid": 324774, "rss_mb": 77.5703125, "pss_mb": 67.9296875, "tag": "ffmpeg"}, {"pid": 324776, "rss_mb": 23.9140625, "pss_mb": 13.85546875, "tag": "ffmpeg"}]
1683.1	3	11258.7	11223.6	11157.2	101.5	0.0	[{"pid": 175043, "rss_mb": 11157.1875, "pss_mb": 11141.767578125, "tag": "main"}, {"pid": 324774, "rss_mb": 77.6328125, "pss_mb": 67.9296875, "tag": "ffmpeg"}, {"pid": 324776, "rss_mb": 23.9140625, "pss_mb": 13.859375, "tag": "ffmpeg"}]
1688.4	3	11258.9	11223.7	11157.2	101.7	0.0	[{"pid": 175043, "rss_mb": 11157.1875, "pss_mb": 11141.7685546875, "tag": "main"}, {"pid": 324774, "rss_mb": 77.6328125, "pss_mb": 67.9306640625, "tag": "ffmpeg"}, {"pid": 324776, "rss_mb": 24.0390625, "pss_mb": 14.00390625, "tag": "ffmpeg"}]
1693.6	3	11144.0	11108.7	11043.3	100.7	0.0	[{"pid": 175043, "rss_mb": 11043.30078125, "pss_mb": 11027.85546875, "tag": "main"}, {"pid": 324774, "rss_mb": 76.62890625, "pss_mb": 66.869140625, "tag": "ffmpeg"}, {"pid": 324776, "rss_mb": 24.0390625, "pss_mb": 14.0087890625, "tag": "ffmpeg"}]
1698.8	3	11204.3	11169.1	11107.1	97.2	0.0	[{"pid": 175043, "rss_mb": 11107.140625, "pss_mb": 11091.7705078125, "tag": "main"}, {"pid": 324774, "rss_mb": 73.125, "pss_mb": 63.3134765625, "tag": "ffmpeg"}, {"pid": 324776, "rss_mb": 24.0390625, "pss_mb": 14.0126953125, "tag": "ffmpeg"}]
1704.0	2	11136.3	11141.7	11112.3	24.0	0.0	[{"pid": 175043, "rss_mb": 11112.265625, "pss_mb": 11122.0625, "tag": "main"}, {"pid": 324776, "rss_mb": 24.0390625, "pss_mb": 19.587890625, "tag": "ffmpeg"}]
1709.3	2	11181.3	11161.4	11157.2	24.0	0.0	[{"pid": 175043, "rss_mb": 11157.2421875, "pss_mb": 11141.8232421875, "tag": "main"}, {"pid": 324776, "rss_mb": 24.0390625, "pss_mb": 19.5908203125, "tag": "ffmpeg"}]
1714.5	2	11181.3	11161.4	11157.2	24.0	0.0	[{"pid": 175043, "rss_mb": 11157.2421875, "pss_mb": 11141.8232421875, "tag": "main"}, {"pid": 324776, "rss_mb": 24.0390625, "pss_mb": 19.591796875, "tag": "ffmpeg"}]
1719.7	2	11067.4	11047.5	11043.4	24.0	0.0	[{"pid": 175043, "rss_mb": 11043.3671875, "pss_mb": 11027.9052734375, "tag": "main"}, {"pid": 324776, "rss_mb": 24.0390625, "pss_mb": 19.5947265625, "tag": "ffmpeg"}]
1724.9	2	11085.3	11065.4	11061.3	24.0	0.0	[{"pid": 175043, "rss_mb": 11061.27734375, "pss_mb": 11045.818359375, "tag": "main"}, {"pid": 324776, "rss_mb": 24.0390625, "pss_mb": 19.599609375, "tag": "ffmpeg"}]
1730.2	2	11123.2	11103.4	11099.1	24.0	0.0	[{"pid": 175043, "rss_mb": 11099.1171875, "pss_mb": 11083.81640625, "tag": "main"}, {"pid": 324776, "rss_mb": 24.0390625, "pss_mb": 19.603515625, "tag": "ffmpeg"}]
1735.4	2	11163.1	11143.4	11139.1	24.0	0.0	[{"pid": 175043, "rss_mb": 11139.05078125, "pss_mb": 11123.8125, "tag": "main"}, {"pid": 324776, "rss_mb": 24.0390625, "pss_mb": 19.599609375, "tag": "ffmpeg"}]
1740.6	2	11181.2	11161.4	11157.2	24.0	0.0	[{"pid": 175043, "rss_mb": 11157.15625, "pss_mb": 11141.81640625, "tag": "main"}, {"pid": 324776, "rss_mb": 24.0390625, "pss_mb": 19.607421875, "tag": "ffmpeg"}]
1745.9	2	10834.9	10814.9	10810.8	24.0	0.0	[{"pid": 175043, "rss_mb": 10810.8203125, "pss_mb": 10795.2802734375, "tag": "main"}, {"pid": 324776, "rss_mb": 24.0390625, "pss_mb": 19.6025390625, "tag": "ffmpeg"}]
1751.2	2	10866.7	10846.8	10842.7	24.0	0.0	[{"pid": 175043, "rss_mb": 10842.68359375, "pss_mb": 10827.134765625, "tag": "main"}, {"pid": 324776, "rss_mb": 24.0390625, "pss_mb": 19.6337890625, "tag": "ffmpeg"}]
1756.5	2	10811.8	10835.9	10787.8	24.0	0.0	[{"pid": 175043, "rss_mb": 10787.75390625, "pss_mb": 10816.2119140625, "tag": "main"}, {"pid": 324776, "rss_mb": 24.0390625, "pss_mb": 19.6455078125, "tag": "ffmpeg"}]
1761.7	2	10795.8	10842.8	10771.8	24.0	0.0	[{"pid": 175043, "rss_mb": 10771.75390625, "pss_mb": 10823.1484375, "tag": "main"}, {"pid": 324776, "rss_mb": 24.0390625, "pss_mb": 19.6220703125, "tag": "ffmpeg"}]
1766.9	2	7810.4	7790.3	7786.3	24.0	0.0	[{"pid": 175043, "rss_mb": 7786.328125, "pss_mb": 7770.6552734375, "tag": "main"}, {"pid": 324776, "rss_mb": 24.0390625, "pss_mb": 19.6640625, "tag": "ffmpeg"}]
1772.0	2	7810.4	7790.3	7786.3	24.0	0.0	[{"pid": 175043, "rss_mb": 7786.328125, "pss_mb": 7770.6826171875, "tag": "main"}, {"pid": 324776, "rss_mb": 24.0390625, "pss_mb": 19.6650390625, "tag": "ffmpeg"}]
1777.3	2	7600.5	7571.9	7423.3	177.3	0.0	[{"pid": 175043, "rss_mb": 7423.25390625, "pss_mb": 7404.0263671875, "tag": "main"}, {"pid": 341617, "rss_mb": 177.2734375, "pss_mb": 167.9130859375, "tag": "ffmpeg"}]
1782.5	3	8140.4	8111.1	8034.2	106.2	0.0	[{"pid": 175043, "rss_mb": 8034.1796875, "pss_mb": 8022.603515625, "tag": "main"}, {"pid": 342009, "rss_mb": 88.56640625, "pss_mb": 79.9638671875, "tag": "ffmpeg"}, {"pid": 342011, "rss_mb": 17.625, "pss_mb": 8.5419921875, "tag": "ffmpeg"}]
1787.8	3	8292.9	8293.8	8166.5	126.4	0.0	[{"pid": 175043, "rss_mb": 8166.515625, "pss_mb": 8185.927734375, "tag": "main"}, {"pid": 342009, "rss_mb": 88.5, "pss_mb": 79.380859375, "tag": "ffmpeg"}, {"pid": 342011, "rss_mb": 37.875, "pss_mb": 28.451171875, "tag": "ffmpeg"}]
1792.9	3	8420.6	8386.8	8292.9	127.7	0.0	[{"pid": 175043, "rss_mb": 8292.9296875, "pss_mb": 8277.6650390625, "tag": "main"}, {"pid": 342009, "rss_mb": 89.78125, "pss_mb": 80.689453125, "tag": "ffmpeg"}, {"pid": 342011, "rss_mb": 37.875, "pss_mb": 28.4521484375, "tag": "ffmpeg"}]
1798.1	3	8649.7	8498.5	8520.7	129.0	0.0	[{"pid": 175043, "rss_mb": 8520.6796875, "pss_mb": 8391.578125, "tag": "main"}, {"pid": 342009, "rss_mb": 91.03125, "pss_mb": 78.322265625, "tag": "ffmpeg"}, {"pid": 342011, "rss_mb": 38.0, "pss_mb": 28.5947265625, "tag": "ffmpeg"}]
1803.4	3	8852.9	8819.1	8725.1	127.9	0.0	[{"pid": 175043, "rss_mb": 8725.05078125, "pss_mb": 8709.8564453125, "tag": "main"}, {"pid": 342009, "rss_mb": 89.88671875, "pss_mb": 80.630859375, "tag": "ffmpeg"}, {"pid": 342011, "rss_mb": 38.0, "pss_mb": 28.5966796875, "tag": "ffmpeg"}]
1808.6	3	9087.1	9052.1	8976.3	110.8	0.0	[{"pid": 175043, "rss_mb": 8976.30078125, "pss_mb": 8961.1337890625, "tag": "main"}, {"pid": 342009, "rss_mb": 87.3203125, "pss_mb": 77.5537109375, "tag": "ffmpeg"}, {"pid": 342011, "rss_mb": 23.45703125, "pss_mb": 13.4189453125, "tag": "ffmpeg"}]
1813.8	3	9202.4	9167.3	9090.2	112.2	0.0	[{"pid": 175043, "rss_mb": 9090.234375, "pss_mb": 9075.056640625, "tag": "main"}, {"pid": 342009, "rss_mb": 88.6953125, "pss_mb": 78.869140625, "tag": "ffmpeg"}, {"pid": 342011, "rss_mb": 23.45703125, "pss_mb": 13.421875, "tag": "ffmpeg"}]
1819.0	3	9392.4	9357.3	9282.3	110.0	0.0	[{"pid": 175043, "rss_mb": 9282.34765625, "pss_mb": 9267.181640625, "tag": "main"}, {"pid": 342009, "rss_mb": 86.45703125, "pss_mb": 76.626953125, "tag": "ffmpeg"}, {"pid": 342011, "rss_mb": 23.58203125, "pss_mb": 13.4423828125, "tag": "ffmpeg"}]
1824.2	3	9636.5	9601.5	9523.0	113.5	0.0	[{"pid": 175043, "rss_mb": 9522.97265625, "pss_mb": 9507.994140625, "tag": "main"}, {"pid": 342009, "rss_mb": 89.95703125, "pss_mb": 80.056640625, "tag": "ffmpeg"}, {"pid": 342011, "rss_mb": 23.58203125, "pss_mb": 13.4423828125, "tag": "ffmpeg"}]
1829.4	3	9775.6	9740.4	9659.8	115.8	0.0	[{"pid": 175043, "rss_mb": 9659.7734375, "pss_mb": 9644.6181640625, "tag": "main"}, {"pid": 342009, "rss_mb": 92.20703125, "pss_mb": 82.3623046875, "tag": "ffmpeg"}, {"pid": 342011, "rss_mb": 23.58203125, "pss_mb": 13.4384765625, "tag": "ffmpeg"}]
1834.7	3	10001.0	9965.9	9887.5	113.4	0.0	[{"pid": 175043, "rss_mb": 9887.5234375, "pss_mb": 9872.451171875, "tag": "main"}, {"pid": 342009, "rss_mb": 89.8515625, "pss_mb": 80.013671875, "tag": "ffmpeg"}, {"pid": 342011, "rss_mb": 23.58203125, "pss_mb": 13.4423828125, "tag": "ffmpeg"}]
1839.9	3	10216.6	10181.4	10103.1	113.5	0.0	[{"pid": 175043, "rss_mb": 10103.1015625, "pss_mb": 10087.796875, "tag": "main"}, {"pid": 342009, "rss_mb": 89.8046875, "pss_mb": 80.0830078125, "tag": "ffmpeg"}, {"pid": 342011, "rss_mb": 23.70703125, "pss_mb": 13.47265625, "tag": "ffmpeg"}]
1845.1	3	10544.9	10509.6	10428.6	116.3	0.0	[{"pid": 175043, "rss_mb": 10428.6015625, "pss_mb": 10413.537109375, "tag": "main"}, {"pid": 342009, "rss_mb": 92.5546875, "pss_mb": 82.568359375, "tag": "ffmpeg"}, {"pid": 342011, "rss_mb": 23.70703125, "pss_mb": 13.4736328125, "tag": "ffmpeg"}]
1850.3	3	10787.8	10752.3	10673.9	113.9	0.0	[{"pid": 175043, "rss_mb": 10673.8515625, "pss_mb": 10658.587890625, "tag": "main"}, {"pid": 342009, "rss_mb": 90.19921875, "pss_mb": 80.216796875, "tag": "ffmpeg"}, {"pid": 342011, "rss_mb": 23.70703125, "pss_mb": 13.4931640625, "tag": "ffmpeg"}]
1855.5	3	10969.7	10934.4	10855.9	113.8	0.0	[{"pid": 175043, "rss_mb": 10855.859375, "pss_mb": 10840.712890625, "tag": "main"}, {"pid": 342009, "rss_mb": 90.140625, "pss_mb": 80.2099609375, "tag": "ffmpeg"}, {"pid": 342011, "rss_mb": 23.70703125, "pss_mb": 13.490234375, "tag": "ffmpeg"}]
1860.7	3	11060.3	11025.0	10945.3	115.0	0.0	[{"pid": 175043, "rss_mb": 10945.328125, "pss_mb": 10930.064453125, "tag": "main"}, {"pid": 342009, "rss_mb": 91.265625, "pss_mb": 81.396484375, "tag": "ffmpeg"}, {"pid": 342011, "rss_mb": 23.70703125, "pss_mb": 13.5751953125, "tag": "ffmpeg"}]
1866.0	3	11187.8	11152.5	11072.7	115.1	0.0	[{"pid": 175043, "rss_mb": 11072.73828125, "pss_mb": 11057.5234375, "tag": "main"}, {"pid": 342009, "rss_mb": 91.390625, "pss_mb": 81.396484375, "tag": "ffmpeg"}, {"pid": 342011, "rss_mb": 23.70703125, "pss_mb": 13.578125, "tag": "ffmpeg"}]
1871.2	2	11126.0	11106.2	11102.3	23.7	0.0	[{"pid": 175043, "rss_mb": 11102.26953125, "pss_mb": 11087.0693359375, "tag": "main"}, {"pid": 342011, "rss_mb": 23.70703125, "pss_mb": 19.1640625, "tag": "ffmpeg"}]
1876.4	2	11022.0	11002.3	10998.3	23.7	0.0	[{"pid": 175043, "rss_mb": 10998.3203125, "pss_mb": 10983.1552734375, "tag": "main"}, {"pid": 342011, "rss_mb": 23.70703125, "pss_mb": 19.166015625, "tag": "ffmpeg"}]
1881.7	2	11022.1	11002.3	10998.4	23.7	0.0	[{"pid": 175043, "rss_mb": 10998.3515625, "pss_mb": 10983.1513671875, "tag": "main"}, {"pid": 342011, "rss_mb": 23.70703125, "pss_mb": 19.1435546875, "tag": "ffmpeg"}]
1886.9	2	11044.6	11046.7	11020.9	23.7	0.0	[{"pid": 175043, "rss_mb": 11020.8828125, "pss_mb": 11027.515625, "tag": "main"}, {"pid": 342011, "rss_mb": 23.70703125, "pss_mb": 19.171875, "tag": "ffmpeg"}]
1892.2	2	11040.0	11020.2	11016.3	23.7	0.0	[{"pid": 175043, "rss_mb": 11016.25390625, "pss_mb": 11001.0673828125, "tag": "main"}, {"pid": 342011, "rss_mb": 23.70703125, "pss_mb": 19.1767578125, "tag": "ffmpeg"}]
1897.4	2	11022.2	11002.3	10998.5	23.7	0.0	[{"pid": 175043, "rss_mb": 10998.49609375, "pss_mb": 10983.1513671875, "tag": "main"}, {"pid": 342011, "rss_mb": 23.70703125, "pss_mb": 19.1748046875, "tag": "ffmpeg"}]
1902.6	2	11136.0	11116.2	11112.3	23.7	0.0	[{"pid": 175043, "rss_mb": 11112.3359375, "pss_mb": 11097.0625, "tag": "main"}, {"pid": 342011, "rss_mb": 23.70703125, "pss_mb": 19.1787109375, "tag": "ffmpeg"}]
1907.9	2	11048.1	11041.5	11024.4	23.7	0.0	[{"pid": 175043, "rss_mb": 11024.40625, "pss_mb": 11022.296875, "tag": "main"}, {"pid": 342011, "rss_mb": 23.70703125, "pss_mb": 19.1806640625, "tag": "ffmpeg"}]
1913.2	2	11088.0	11068.2	11064.3	23.7	0.0	[{"pid": 175043, "rss_mb": 11064.28125, "pss_mb": 11049.0615234375, "tag": "main"}, {"pid": 342011, "rss_mb": 23.70703125, "pss_mb": 19.1845703125, "tag": "ffmpeg"}]
1918.5	2	10689.7	10677.9	10666.0	23.7	0.0	[{"pid": 175043, "rss_mb": 10665.96875, "pss_mb": 10658.5927734375, "tag": "main"}, {"pid": 342011, "rss_mb": 23.70703125, "pss_mb": 19.26171875, "tag": "ffmpeg"}]
1923.7	2	10624.1	10604.2	10600.2	23.8	0.0	[{"pid": 175043, "rss_mb": 10600.2265625, "pss_mb": 10584.8681640625, "tag": "main"}, {"pid": 342011, "rss_mb": 23.83203125, "pss_mb": 19.36328125, "tag": "ffmpeg"}]
1928.9	2	10656.5	10636.5	10632.2	24.3	0.0	[{"pid": 175043, "rss_mb": 10632.1796875, "pss_mb": 10616.8681640625, "tag": "main"}, {"pid": 342011, "rss_mb": 24.33203125, "pss_mb": 19.6787109375, "tag": "ffmpeg"}]
1934.1	2	10688.6	10671.4	10664.3	24.3	0.0	[{"pid": 175043, "rss_mb": 10664.27734375, "pss_mb": 10651.6376953125, "tag": "main"}, {"pid": 342011, "rss_mb": 24.33203125, "pss_mb": 19.720703125, "tag": "ffmpeg"}]
1939.3	2	8628.2	8608.2	8603.9	24.3	0.0	[{"pid": 175043, "rss_mb": 8603.91796875, "pss_mb": 8588.4658203125, "tag": "main"}, {"pid": 342011, "rss_mb": 24.33203125, "pss_mb": 19.7236328125, "tag": "ffmpeg"}]
1944.5	2	8628.2	8608.2	8603.9	24.3	0.0	[{"pid": 175043, "rss_mb": 8603.91796875, "pss_mb": 8588.4658203125, "tag": "main"}, {"pid": 342011, "rss_mb": 24.33203125, "pss_mb": 19.7236328125, "tag": "ffmpeg"}]
1949.7	3	8892.0	8859.5	8800.8	91.2	0.0	[{"pid": 175043, "rss_mb": 8800.83984375, "pss_mb": 8785.716796875, "tag": "main"}, {"pid": 357577, "rss_mb": 73.65625, "pss_mb": 65.1865234375, "tag": "ffmpeg"}, {"pid": 357579, "rss_mb": 17.5, "pss_mb": 8.6259765625, "tag": "ffmpeg"}]
1954.9	3	9174.9	9142.2	9082.5	92.4	0.0	[{"pid": 175043, "rss_mb": 9082.5, "pss_mb": 9067.1904296875, "tag": "main"}, {"pid": 357577, "rss_mb": 74.90625, "pss_mb": 66.3740234375, "tag": "ffmpeg"}, {"pid": 357579, "rss_mb": 17.5, "pss_mb": 8.6259765625, "tag": "ffmpeg"}]
1960.1	3	9401.5	9368.8	9310.2	91.2	0.0	[{"pid": 175043, "rss_mb": 9310.25, "pss_mb": 9295.01171875, "tag": "main"}, {"pid": 357577, "rss_mb": 73.71875, "pss_mb": 65.185546875, "tag": "ffmpeg"}, {"pid": 357579, "rss_mb": 17.5, "pss_mb": 8.625, "tag": "ffmpeg"}]
1965.4	3	9650.2	9616.5	9538.0	112.2	0.0	[{"pid": 175043, "rss_mb": 9538.0, "pss_mb": 9522.837890625, "tag": "main"}, {"pid": 357577, "rss_mb": 74.02734375, "pss_mb": 64.833984375, "tag": "ffmpeg"}, {"pid": 357579, "rss_mb": 38.2109375, "pss_mb": 28.8046875, "tag": "ffmpeg"}]
1970.6	3	9841.1	9807.6	9724.3	116.9	0.0	[{"pid": 175043, "rss_mb": 9724.27734375, "pss_mb": 9709.2099609375, "tag": "main"}, {"pid": 357577, "rss_mb": 78.640625, "pss_mb": 69.5751953125, "tag": "ffmpeg"}, {"pid": 357579, "rss_mb": 38.2109375, "pss_mb": 28.8076171875, "tag": "ffmpeg"}]
1975.8	3	10042.5	10008.9	9927.5	114.9	0.0	[{"pid": 175043, "rss_mb": 9927.52734375, "pss_mb": 9912.4931640625, "tag": "main"}, {"pid": 357577, "rss_mb": 76.484375, "pss_mb": 67.32421875, "tag": "ffmpeg"}, {"pid": 357579, "rss_mb": 38.4609375, "pss_mb": 29.083984375, "tag": "ffmpeg"}]
1981.1	3	10223.5	10189.9	10107.4	116.1	0.0	[{"pid": 175043, "rss_mb": 10107.44140625, "pss_mb": 10092.4091796875, "tag": "main"}, {"pid": 357577, "rss_mb": 77.60546875, "pss_mb": 68.390625, "tag": "ffmpeg"}, {"pid": 357579, "rss_mb": 38.4609375, "pss_mb": 29.083984375, "tag": "ffmpeg"}]
1986.4	3	10472.9	10437.7	10371.2	101.7	0.0	[{"pid": 175043, "rss_mb": 10371.19140625, "pss_mb": 10356.138671875, "tag": "main"}, {"pid": 357577, "rss_mb": 77.65625, "pss_mb": 67.7431640625, "tag": "ffmpeg"}, {"pid": 357579, "rss_mb": 24.03515625, "pss_mb": 13.8134765625, "tag": "ffmpeg"}]
1991.6	3	10665.7	10630.8	10563.0	102.7	0.0	[{"pid": 175043, "rss_mb": 10563.01171875, "pss_mb": 10548.0244140625, "tag": "main"}, {"pid": 357577, "rss_mb": 78.65625, "pss_mb": 68.923828125, "tag": "ffmpeg"}, {"pid": 357579, "rss_mb": 24.03515625, "pss_mb": 13.810546875, "tag": "ffmpeg"}]
1996.8	3	10893.8	10858.8	10790.8	103.0	0.0	[{"pid": 175043, "rss_mb": 10790.76171875, "pss_mb": 10775.8837890625, "tag": "main"}, {"pid": 357577, "rss_mb": 78.953125, "pss_mb": 69.0537109375, "tag": "ffmpeg"}, {"pid": 357579, "rss_mb": 24.03515625, "pss_mb": 13.814453125, "tag": "ffmpeg"}]
2002.1	3	11010.1	10974.9	10905.0	105.2	0.0	[{"pid": 175043, "rss_mb": 10904.95703125, "pss_mb": 10889.8017578125, "tag": "main"}, {"pid": 357577, "rss_mb": 81.15625, "pss_mb": 71.3037109375, "tag": "ffmpeg"}, {"pid": 357579, "rss_mb": 24.03515625, "pss_mb": 13.814453125, "tag": "ffmpeg"}]
2007.3	3	11197.7	11162.6	11092.5	105.2	0.0	[{"pid": 175043, "rss_mb": 11092.4921875, "pss_mb": 11077.443359375, "tag": "main"}, {"pid": 357577, "rss_mb": 81.15625, "pss_mb": 71.302734375, "tag": "ffmpeg"}, {"pid": 357579, "rss_mb": 24.03515625, "pss_mb": 13.814453125, "tag": "ffmpeg"}]
2012.5	3	11547.7	11512.5	11445.9	101.9	0.0	[{"pid": 175043, "rss_mb": 11445.8671875, "pss_mb": 11430.833984375, "tag": "main"}, {"pid": 357577, "rss_mb": 77.84375, "pss_mb": 67.869140625, "tag": "ffmpeg"}, {"pid": 357579, "rss_mb": 24.03515625, "pss_mb": 13.818359375, "tag": "ffmpeg"}]
2017.8	3	11693.8	11658.4	11588.4	105.4	0.0	[{"pid": 175043, "rss_mb": 11588.4453125, "pss_mb": 11573.2734375, "tag": "main"}, {"pid": 357577, "rss_mb": 81.34375, "pss_mb": 71.3056640625, "tag": "ffmpeg"}, {"pid": 357579, "rss_mb": 24.03515625, "pss_mb": 13.8173828125, "tag": "ffmpeg"}]
2023.0	3	11836.2	11800.8	11730.9	105.3	0.0	[{"pid": 175043, "rss_mb": 11730.8828125, "pss_mb": 11715.6611328125, "tag": "main"}, {"pid": 357577, "rss_mb": 81.28125, "pss_mb": 71.3017578125, "tag": "ffmpeg"}, {"pid": 357579, "rss_mb": 24.03515625, "pss_mb": 13.8173828125, "tag": "ffmpeg"}]
2028.3	3	12085.6	12052.0	11979.2	106.4	0.0	[{"pid": 175043, "rss_mb": 11979.17578125, "pss_mb": 11965.6630859375, "tag": "main"}, {"pid": 357577, "rss_mb": 82.40625, "pss_mb": 72.4736328125, "tag": "ffmpeg"}, {"pid": 357579, "rss_mb": 24.03515625, "pss_mb": 13.8330078125, "tag": "ffmpeg"}]
2033.6	2	12069.1	12049.3	12045.0	24.0	0.0	[{"pid": 175043, "rss_mb": 12045.015625, "pss_mb": 12029.9140625, "tag": "main"}, {"pid": 357579, "rss_mb": 24.03515625, "pss_mb": 19.3994140625, "tag": "ffmpeg"}]
2038.9	2	12039.7	12019.9	12015.7	24.0	0.0	[{"pid": 175043, "rss_mb": 12015.69140625, "pss_mb": 12000.501953125, "tag": "main"}, {"pid": 357579, "rss_mb": 24.03515625, "pss_mb": 19.419921875, "tag": "ffmpeg"}]
2044.1	2	12039.7	12019.9	12015.7	24.0	0.0	[{"pid": 175043, "rss_mb": 12015.69921875, "pss_mb": 12000.4990234375, "tag": "main"}, {"pid": 357579, "rss_mb": 24.03515625, "pss_mb": 19.423828125, "tag": "ffmpeg"}]
2049.4	2	12039.7	12019.9	12015.7	24.0	0.0	[{"pid": 175043, "rss_mb": 12015.69921875, "pss_mb": 12000.498046875, "tag": "main"}, {"pid": 357579, "rss_mb": 24.03515625, "pss_mb": 19.427734375, "tag": "ffmpeg"}]
2054.6	2	12039.7	12019.9	12015.7	24.0	0.0	[{"pid": 175043, "rss_mb": 12015.69921875, "pss_mb": 12000.5, "tag": "main"}, {"pid": 357579, "rss_mb": 24.03515625, "pss_mb": 19.431640625, "tag": "ffmpeg"}]
2059.8	2	12039.7	12019.9	12015.7	24.0	0.0	[{"pid": 175043, "rss_mb": 12015.69921875, "pss_mb": 12000.5029296875, "tag": "main"}, {"pid": 357579, "rss_mb": 24.03515625, "pss_mb": 19.435546875, "tag": "ffmpeg"}]
2065.0	2	12039.7	12019.9	12015.7	24.0	0.0	[{"pid": 175043, "rss_mb": 12015.69921875, "pss_mb": 12000.501953125, "tag": "main"}, {"pid": 357579, "rss_mb": 24.03515625, "pss_mb": 19.439453125, "tag": "ffmpeg"}]
2070.3	2	12039.7	12019.9	12015.7	24.0	0.0	[{"pid": 175043, "rss_mb": 12015.69921875, "pss_mb": 12000.4990234375, "tag": "main"}, {"pid": 357579, "rss_mb": 24.03515625, "pss_mb": 19.443359375, "tag": "ffmpeg"}]
2075.5	2	12039.7	12020.0	12015.7	24.0	0.0	[{"pid": 175043, "rss_mb": 12015.69921875, "pss_mb": 12000.5029296875, "tag": "main"}, {"pid": 357579, "rss_mb": 24.03515625, "pss_mb": 19.447265625, "tag": "ffmpeg"}]
2080.8	2	11055.2	11035.6	11031.1	24.0	0.0	[{"pid": 175043, "rss_mb": 11031.13671875, "pss_mb": 11015.9873046875, "tag": "main"}, {"pid": 357579, "rss_mb": 24.03515625, "pss_mb": 19.583984375, "tag": "ffmpeg"}]
2086.0	2	11019.3	10999.6	10995.3	24.0	0.0	[{"pid": 175043, "rss_mb": 10995.2578125, "pss_mb": 10979.9814453125, "tag": "main"}, {"pid": 357579, "rss_mb": 24.03515625, "pss_mb": 19.6015625, "tag": "ffmpeg"}]
2091.2	2	9192.0	9172.3	9168.0	24.0	0.0	[{"pid": 175043, "rss_mb": 9167.97265625, "pss_mb": 9152.685546875, "tag": "main"}, {"pid": 357579, "rss_mb": 24.03515625, "pss_mb": 19.61328125, "tag": "ffmpeg"}]
2096.3	2	9192.0	9172.3	9168.0	24.0	0.0	[{"pid": 175043, "rss_mb": 9167.97265625, "pss_mb": 9152.6826171875, "tag": "main"}, {"pid": 357579, "rss_mb": 24.03515625, "pss_mb": 19.61328125, "tag": "ffmpeg"}]
2101.5	2	8467.1	8435.1	8292.2	174.9	0.0	[{"pid": 175043, "rss_mb": 8292.21875, "pss_mb": 8272.98046875, "tag": "main"}, {"pid": 371856, "rss_mb": 174.921875, "pss_mb": 162.08203125, "tag": "ffmpeg"}]
2106.7	3	8841.8	8808.4	8737.0	104.8	0.0	[{"pid": 175043, "rss_mb": 8737.01953125, "pss_mb": 8721.91015625, "tag": "main"}, {"pid": 372195, "rss_mb": 87.05078125, "pss_mb": 78.08203125, "tag": "ffmpeg"}, {"pid": 372197, "rss_mb": 17.75, "pss_mb": 8.376953125, "tag": "ffmpeg"}]
2111.9	3	8870.5	8836.9	8765.7	104.8	0.0	[{"pid": 175043, "rss_mb": 8765.7109375, "pss_mb": 8750.40234375, "tag": "main"}, {"pid": 372195, "rss_mb": 87.05078125, "pss_mb": 78.0927734375, "tag": "ffmpeg"}, {"pid": 372197, "rss_mb": 17.75, "pss_mb": 8.37890625, "tag": "ffmpeg"}]
2117.2	3	8928.8	8903.9	8803.6	125.2	0.0	[{"pid": 175043, "rss_mb": 8803.5859375, "pss_mb": 8798.3115234375, "tag": "main"}, {"pid": 372195, "rss_mb": 86.87109375, "pss_mb": 77.345703125, "tag": "ffmpeg"}, {"pid": 372197, "rss_mb": 38.359375, "pss_mb": 28.2724609375, "tag": "ffmpeg"}]
2122.4	3	8892.1	8857.2	8765.7	126.4	0.0	[{"pid": 175043, "rss_mb": 8765.73046875, "pss_mb": 8750.365234375, "tag": "main"}, {"pid": 372195, "rss_mb": 87.99609375, "pss_mb": 78.5654296875, "tag": "ffmpeg"}, {"pid": 372197, "rss_mb": 38.359375, "pss_mb": 28.2734375, "tag": "ffmpeg"}]
2127.6	3	8887.8	8852.9	8765.8	122.1	0.0	[{"pid": 175043, "rss_mb": 8765.75390625, "pss_mb": 8750.35546875, "tag": "main"}, {"pid": 372195, "rss_mb": 83.578125, "pss_mb": 74.0703125, "tag": "ffmpeg"}, {"pid": 372197, "rss_mb": 38.484375, "pss_mb": 28.4375, "tag": "ffmpeg"}]
2132.8	3	9099.1	9061.0	8988.5	110.6	0.0	[{"pid": 175043, "rss_mb": 8988.50390625, "pss_mb": 8973.4794921875, "tag": "main"}, {"pid": 372195, "rss_mb": 86.828125, "pss_mb": 74.4169921875, "tag": "ffmpeg"}, {"pid": 372197, "rss_mb": 23.80859375, "pss_mb": 13.0888671875, "tag": "ffmpeg"}]
2138.0	3	9328.2	9292.2	9216.3	111.8	0.0	[{"pid": 175043, "rss_mb": 9216.328125, "pss_mb": 9201.28515625, "tag": "main"}, {"pid": 372195, "rss_mb": 88.02734375, "pss_mb": 77.8466796875, "tag": "ffmpeg"}, {"pid": 372197, "rss_mb": 23.80859375, "pss_mb": 13.0849609375, "tag": "ffmpeg"}]
2143.2	3	9535.8	9499.8	9426.2	109.6	0.0	[{"pid": 175043, "rss_mb": 9426.203125, "pss_mb": 9411.1318359375, "tag": "main"}, {"pid": 372195, "rss_mb": 85.7421875, "pss_mb": 75.5810546875, "tag": "ffmpeg"}, {"pid": 372197, "rss_mb": 23.80859375, "pss_mb": 13.0888671875, "tag": "ffmpeg"}]
2148.4	3	9644.6	9608.4	9536.0	108.6	0.0	[{"pid": 175043, "rss_mb": 9536.03515625, "pss_mb": 9520.837890625, "tag": "main"}, {"pid": 372195, "rss_mb": 84.76953125, "pss_mb": 74.5146484375, "tag": "ffmpeg"}, {"pid": 372197, "rss_mb": 23.80859375, "pss_mb": 13.0888671875, "tag": "ffmpeg"}]
2153.7	3	9934.6	9898.5	9825.9	108.7	0.0	[{"pid": 175043, "rss_mb": 9825.91015625, "pss_mb": 9810.765625, "tag": "main"}, {"pid": 372195, "rss_mb": 84.91015625, "pss_mb": 74.6455078125, "tag": "ffmpeg"}, {"pid": 372197, "rss_mb": 23.80859375, "pss_mb": 13.0869140625, "tag": "ffmpeg"}]
2158.9	3	10122.5	10086.3	10013.7	108.8	0.0	[{"pid": 175043, "rss_mb": 10013.6796875, "pss_mb": 9998.7060546875, "tag": "main"}, {"pid": 372195, "rss_mb": 84.96875, "pss_mb": 74.5283203125, "tag": "ffmpeg"}, {"pid": 372197, "rss_mb": 23.80859375, "pss_mb": 13.0908203125, "tag": "ffmpeg"}]
2164.1	3	10238.7	10202.5	10127.8	110.9	0.0	[{"pid": 175043, "rss_mb": 10127.765625, "pss_mb": 10112.6171875, "tag": "main"}, {"pid": 372195, "rss_mb": 87.0859375, "pss_mb": 76.7705078125, "tag": "ffmpeg"}, {"pid": 372197, "rss_mb": 23.80859375, "pss_mb": 13.0849609375, "tag": "ffmpeg"}]
2169.3	3	10522.4	10486.1	10412.5	109.9	0.0	[{"pid": 175043, "rss_mb": 10412.515625, "pss_mb": 10397.396484375, "tag": "main"}, {"pid": 372195, "rss_mb": 86.05078125, "pss_mb": 75.5869140625, "tag": "ffmpeg"}, {"pid": 372197, "rss_mb": 23.80859375, "pss_mb": 13.0947265625, "tag": "ffmpeg"}]
2174.5	3	10743.9	10707.9	10632.9	111.0	0.0	[{"pid": 175043, "rss_mb": 10632.9140625, "pss_mb": 10618.0048828125, "tag": "main"}, {"pid": 372195, "rss_mb": 87.17578125, "pss_mb": 76.7705078125, "tag": "ffmpeg"}, {"pid": 372197, "rss_mb": 23.80859375, "pss_mb": 13.0947265625, "tag": "ffmpeg"}]
2179.8	3	11038.8	11002.7	10926.7	112.1	0.0	[{"pid": 175043, "rss_mb": 10926.6640625, "pss_mb": 10911.6083984375, "tag": "main"}, {"pid": 372195, "rss_mb": 88.30078125, "pss_mb": 77.9541015625, "tag": "ffmpeg"}, {"pid": 372197, "rss_mb": 23.80859375, "pss_mb": 13.0986328125, "tag": "ffmpeg"}]
2185.0	3	11144.0	11107.9	11031.9	112.0	0.0	[{"pid": 175043, "rss_mb": 11031.9453125, "pss_mb": 11016.8056640625, "tag": "main"}, {"pid": 372195, "rss_mb": 88.23828125, "pss_mb": 77.9580078125, "tag": "ffmpeg"}, {"pid": 372197, "rss_mb": 23.80859375, "pss_mb": 13.0986328125, "tag": "ffmpeg"}]
2190.2	3	11299.6	11263.3	11186.4	113.2	0.0	[{"pid": 175043, "rss_mb": 11186.3984375, "pss_mb": 11171.0654296875, "tag": "main"}, {"pid": 372195, "rss_mb": 89.36328125, "pss_mb": 79.1494140625, "tag": "ffmpeg"}, {"pid": 372197, "rss_mb": 23.80859375, "pss_mb": 13.1025390625, "tag": "ffmpeg"}]
2195.4	3	11230.7	11194.5	11115.2	115.5	0.0	[{"pid": 175043, "rss_mb": 11115.19921875, "pss_mb": 11099.8671875, "tag": "main"}, {"pid": 372195, "rss_mb": 91.73828125, "pss_mb": 81.5400390625, "tag": "ffmpeg"}, {"pid": 372197, "rss_mb": 23.80859375, "pss_mb": 13.1064453125, "tag": "ffmpeg"}]
2200.6	3	11308.8	11272.4	11196.5	112.2	0.0	[{"pid": 175043, "rss_mb": 11196.53125, "pss_mb": 11181.2724609375, "tag": "main"}, {"pid": 372195, "rss_mb": 88.42578125, "pss_mb": 77.9853515625, "tag": "ffmpeg"}, {"pid": 372197, "rss_mb": 23.80859375, "pss_mb": 13.1533203125, "tag": "ffmpeg"}]
2205.9	3	11304.9	11268.4	11192.5	112.4	0.0	[{"pid": 175043, "rss_mb": 11192.5390625, "pss_mb": 11177.26953125, "tag": "main"}, {"pid": 372195, "rss_mb": 88.55078125, "pss_mb": 77.984375, "tag": "ffmpeg"}, {"pid": 372197, "rss_mb": 23.80859375, "pss_mb": 13.1513671875, "tag": "ffmpeg"}]
2211.2	2	11256.2	11236.5	11232.4	23.8	0.0	[{"pid": 175043, "rss_mb": 11232.37890625, "pss_mb": 11217.322265625, "tag": "main"}, {"pid": 372197, "rss_mb": 23.80859375, "pss_mb": 19.2255859375, "tag": "ffmpeg"}]
2216.4	2	11262.3	11242.6	11238.5	23.8	0.0	[{"pid": 175043, "rss_mb": 11238.515625, "pss_mb": 11223.3203125, "tag": "main"}, {"pid": 372197, "rss_mb": 23.80859375, "pss_mb": 19.2333984375, "tag": "ffmpeg"}]
2221.7	2	11177.6	11160.5	11153.8	23.8	0.0	[{"pid": 175043, "rss_mb": 11153.7734375, "pss_mb": 11141.3125, "tag": "main"}, {"pid": 372197, "rss_mb": 23.80859375, "pss_mb": 19.205078125, "tag": "ffmpeg"}]
2227.0	2	11220.5	11200.6	11196.7	23.8	0.0	[{"pid": 175043, "rss_mb": 11196.671875, "pss_mb": 11181.3232421875, "tag": "main"}, {"pid": 372197, "rss_mb": 23.80859375, "pss_mb": 19.2421875, "tag": "ffmpeg"}]
2232.3	2	11260.6	11240.6	11236.8	23.8	0.0	[{"pid": 175043, "rss_mb": 11236.7578125, "pss_mb": 11221.3173828125, "tag": "main"}, {"pid": 372197, "rss_mb": 23.80859375, "pss_mb": 19.2373046875, "tag": "ffmpeg"}]
2237.5	2	11262.5	11242.6	11238.7	23.8	0.0	[{"pid": 175043, "rss_mb": 11238.65625, "pss_mb": 11223.322265625, "tag": "main"}, {"pid": 372197, "rss_mb": 23.80859375, "pss_mb": 19.2421875, "tag": "ffmpeg"}]
2242.7	2	11148.5	11128.7	11124.7	23.8	0.0	[{"pid": 175043, "rss_mb": 11124.7109375, "pss_mb": 11109.4111328125, "tag": "main"}, {"pid": 372197, "rss_mb": 23.80859375, "pss_mb": 19.2529296875, "tag": "ffmpeg"}]
2247.9	2	11176.4	11156.6	11152.6	23.8	0.0	[{"pid": 175043, "rss_mb": 11152.5859375, "pss_mb": 11137.314453125, "tag": "main"}, {"pid": 372197, "rss_mb": 23.80859375, "pss_mb": 19.2568359375, "tag": "ffmpeg"}]
2253.1	2	10921.1	10901.1	10897.3	23.8	0.0	[{"pid": 175043, "rss_mb": 10897.25390625, "pss_mb": 10881.8466796875, "tag": "main"}, {"pid": 372197, "rss_mb": 23.80859375, "pss_mb": 19.2841796875, "tag": "ffmpeg"}]
2258.3	2	10933.0	10913.0	10909.2	23.8	0.0	[{"pid": 175043, "rss_mb": 10909.21875, "pss_mb": 10893.7392578125, "tag": "main"}, {"pid": 372197, "rss_mb": 23.80859375, "pss_mb": 19.310546875, "tag": "ffmpeg"}]
2263.6	2	10802.1	10790.2	10778.2	23.8	0.0	[{"pid": 175043, "rss_mb": 10778.25, "pss_mb": 10770.8359375, "tag": "main"}, {"pid": 372197, "rss_mb": 23.80859375, "pss_mb": 19.3505859375, "tag": "ffmpeg"}]
2268.8	2	10885.7	10884.2	10861.9	23.8	0.0	[{"pid": 175043, "rss_mb": 10861.91015625, "pss_mb": 10864.8427734375, "tag": "main"}, {"pid": 372197, "rss_mb": 23.80859375, "pss_mb": 19.37890625, "tag": "ffmpeg"}]
2274.0	2	9247.4	9227.7	9223.5	23.8	0.0	[{"pid": 175043, "rss_mb": 9223.546875, "pss_mb": 9208.3544921875, "tag": "main"}, {"pid": 372197, "rss_mb": 23.80859375, "pss_mb": 19.38671875, "tag": "ffmpeg"}]
2279.2	2	9247.4	9227.7	9223.5	23.8	0.0	[{"pid": 175043, "rss_mb": 9223.546875, "pss_mb": 9208.353515625, "tag": "main"}, {"pid": 372197, "rss_mb": 23.80859375, "pss_mb": 19.3857421875, "tag": "ffmpeg"}]
2284.3	2	8598.6	8570.2	8421.4	177.2	0.0	[{"pid": 175043, "rss_mb": 8421.3828125, "pss_mb": 8402.275390625, "tag": "main"}, {"pid": 388707, "rss_mb": 177.23828125, "pss_mb": 167.9111328125, "tag": "ffmpeg"}]
2289.6	3	9264.3	9258.6	9170.0	94.3	0.0	[{"pid": 175043, "rss_mb": 9170.0078125, "pss_mb": 9182.181640625, "tag": "main"}, {"pid": 389044, "rss_mb": 76.62890625, "pss_mb": 67.9140625, "tag": "ffmpeg"}, {"pid": 389046, "rss_mb": 17.625, "pss_mb": 8.525390625, "tag": "ffmpeg"}]
2294.8	3	9336.3	9319.3	9241.9	94.4	0.0	[{"pid": 175043, "rss_mb": 9241.9140625, "pss_mb": 9226.6923828125, "tag": "main"}, {"pid": 389044, "rss_mb": 76.7578125, "pss_mb": 64.0908203125, "tag": "ffmpeg"}, {"pid": 389046, "rss_mb": 17.625, "pss_mb": 28.5478515625, "tag": "ffmpeg"}]
2300.0	3	9611.9	9577.5	9498.1	113.8	0.0	[{"pid": 175043, "rss_mb": 9498.1015625, "pss_mb": 9482.9658203125, "tag": "main"}, {"pid": 389044, "rss_mb": 74.65625, "pss_mb": 65.15234375, "tag": "ffmpeg"}, {"pid": 389046, "rss_mb": 39.125, "pss_mb": 29.423828125, "tag": "ffmpeg"}]
2305.2	3	9839.8	9805.4	9725.9	113.9	0.0	[{"pid": 175043, "rss_mb": 9725.8515625, "pss_mb": 9710.81640625, "tag": "main"}, {"pid": 389044, "rss_mb": 73.80078125, "pss_mb": 64.09375, "tag": "ffmpeg"}, {"pid": 389046, "rss_mb": 40.125, "pss_mb": 30.4462890625, "tag": "ffmpeg"}]
2310.5	3	9955.9	9921.5	9839.9	116.1	0.0	[{"pid": 175043, "rss_mb": 9839.8828125, "pss_mb": 9824.7314453125, "tag": "main"}, {"pid": 389044, "rss_mb": 75.92578125, "pss_mb": 66.3447265625, "tag": "ffmpeg"}, {"pid": 389046, "rss_mb": 40.125, "pss_mb": 30.4462890625, "tag": "ffmpeg"}]
2315.8	3	10066.2	10030.7	9964.3	101.9	0.0	[{"pid": 175043, "rss_mb": 9964.2734375, "pss_mb": 9949.1787109375, "tag": "main"}, {"pid": 389044, "rss_mb": 76.01953125, "pss_mb": 65.8046875, "tag": "ffmpeg"}, {"pid": 389046, "rss_mb": 25.890625, "pss_mb": 15.6982421875, "tag": "ffmpeg"}]
2321.0	3	10384.3	10348.8	10282.6	101.7	0.0	[{"pid": 175043, "rss_mb": 10282.6484375, "pss_mb": 10267.3955078125, "tag": "main"}, {"pid": 389044, "rss_mb": 75.76953125, "pss_mb": 65.6787109375, "tag": "ffmpeg"}, {"pid": 389046, "rss_mb": 25.890625, "pss_mb": 15.6962890625, "tag": "ffmpeg"}]
2326.3	3	10510.3	10474.6	10409.5	100.8	0.0	[{"pid": 175043, "rss_mb": 10409.4921875, "pss_mb": 10394.29296875, "tag": "main"}, {"pid": 389044, "rss_mb": 74.875, "pss_mb": 64.615234375, "tag": "ffmpeg"}, {"pid": 389046, "rss_mb": 25.890625, "pss_mb": 15.6962890625, "tag": "ffmpeg"}]
2331.5	3	10820.4	10784.7	10718.5	101.9	0.0	[{"pid": 175043, "rss_mb": 10718.4921875, "pss_mb": 10703.31640625, "tag": "main"}, {"pid": 389044, "rss_mb": 76.0, "pss_mb": 65.6787109375, "tag": "ffmpeg"}, {"pid": 389046, "rss_mb": 25.890625, "pss_mb": 15.697265625, "tag": "ffmpeg"}]
2336.7	3	10971.4	10935.8	10873.0	98.5	0.0	[{"pid": 175043, "rss_mb": 10872.9921875, "pss_mb": 10857.8564453125, "tag": "main"}, {"pid": 389044, "rss_mb": 72.56640625, "pss_mb": 62.2451171875, "tag": "ffmpeg"}, {"pid": 389046, "rss_mb": 25.890625, "pss_mb": 15.6962890625, "tag": "ffmpeg"}]
2341.9	3	11192.8	11157.0	11093.0	99.8	0.0	[{"pid": 175043, "rss_mb": 11092.9921875, "pss_mb": 11077.7763671875, "tag": "main"}, {"pid": 389044, "rss_mb": 73.9375, "pss_mb": 63.5546875, "tag": "ffmpeg"}, {"pid": 389046, "rss_mb": 25.890625, "pss_mb": 15.7021484375, "tag": "ffmpeg"}]
2347.2	3	11304.0	11268.5	11206.9	97.1	0.0	[{"pid": 175043, "rss_mb": 11206.8984375, "pss_mb": 11191.6904296875, "tag": "main"}, {"pid": 389044, "rss_mb": 71.2578125, "pss_mb": 61.05859375, "tag": "ffmpeg"}, {"pid": 389046, "rss_mb": 25.890625, "pss_mb": 15.7021484375, "tag": "ffmpeg"}]
2352.4	3	11680.9	11645.7	11579.3	101.6	0.0	[{"pid": 175043, "rss_mb": 11579.2734375, "pss_mb": 11564.2744140625, "tag": "main"}, {"pid": 389044, "rss_mb": 75.7578125, "pss_mb": 65.6826171875, "tag": "ffmpeg"}, {"pid": 389046, "rss_mb": 25.890625, "pss_mb": 15.7021484375, "tag": "ffmpeg"}]
2357.7	3	11849.6	11814.2	11747.9	101.7	0.0	[{"pid": 175043, "rss_mb": 11747.90625, "pss_mb": 11732.7763671875, "tag": "main"}, {"pid": 389044, "rss_mb": 75.8203125, "pss_mb": 65.681640625, "tag": "ffmpeg"}, {"pid": 389046, "rss_mb": 25.890625, "pss_mb": 15.7001953125, "tag": "ffmpeg"}]
2363.0	3	12124.7	12089.4	12018.4	106.3	0.0	[{"pid": 175043, "rss_mb": 12018.40625, "pss_mb": 12003.318359375, "tag": "main"}, {"pid": 389044, "rss_mb": 80.4453125, "pss_mb": 70.423828125, "tag": "ffmpeg"}, {"pid": 389046, "rss_mb": 25.890625, "pss_mb": 15.7041015625, "tag": "ffmpeg"}]
2368.2	3	12178.3	12142.8	12070.7	107.6	0.0	[{"pid": 175043, "rss_mb": 12070.6953125, "pss_mb": 12055.53125, "tag": "main"}, {"pid": 389044, "rss_mb": 81.75, "pss_mb": 71.611328125, "tag": "ffmpeg"}, {"pid": 389046, "rss_mb": 25.890625, "pss_mb": 15.7041015625, "tag": "ffmpeg"}]
2373.4	3	12358.9	12323.2	12251.2	107.6	0.0	[{"pid": 175043, "rss_mb": 12251.23828125, "pss_mb": 12235.884765625, "tag": "main"}, {"pid": 389044, "rss_mb": 81.75, "pss_mb": 71.6103515625, "tag": "ffmpeg"}, {"pid": 389046, "rss_mb": 25.890625, "pss_mb": 15.7080078125, "tag": "ffmpeg"}]
2378.7	3	12267.8	12232.0	12161.2	106.6	0.0	[{"pid": 175043, "rss_mb": 12161.18359375, "pss_mb": 12145.712890625, "tag": "main"}, {"pid": 389044, "rss_mb": 80.75, "pss_mb": 70.546875, "tag": "ffmpeg"}, {"pid": 389046, "rss_mb": 25.890625, "pss_mb": 15.712890625, "tag": "ffmpeg"}]
2384.0	3	12392.4	12356.6	12289.2	103.2	0.0	[{"pid": 175043, "rss_mb": 12289.1640625, "pss_mb": 12273.8603515625, "tag": "main"}, {"pid": 389044, "rss_mb": 77.3125, "pss_mb": 66.9912109375, "tag": "ffmpeg"}, {"pid": 389046, "rss_mb": 25.890625, "pss_mb": 15.716796875, "tag": "ffmpeg"}]
2389.2	3	12393.3	12357.7	12289.1	104.2	0.0	[{"pid": 175043, "rss_mb": 12289.12890625, "pss_mb": 12273.8583984375, "tag": "main"}, {"pid": 389044, "rss_mb": 78.31640625, "pss_mb": 68.173828125, "tag": "ffmpeg"}, {"pid": 389046, "rss_mb": 25.890625, "pss_mb": 15.716796875, "tag": "ffmpeg"}]
2394.4	3	12285.3	12249.4	12185.2	100.1	0.0	[{"pid": 175043, "rss_mb": 12185.2421875, "pss_mb": 12169.8623046875, "tag": "main"}, {"pid": 389044, "rss_mb": 74.171875, "pss_mb": 63.8544921875, "tag": "ffmpeg"}, {"pid": 389046, "rss_mb": 25.890625, "pss_mb": 15.7255859375, "tag": "ffmpeg"}]
2399.7	2	12207.1	12187.4	12181.2	25.9	0.0	[{"pid": 175043, "rss_mb": 12181.1796875, "pss_mb": 12165.908203125, "tag": "main"}, {"pid": 389046, "rss_mb": 25.890625, "pss_mb": 21.5166015625, "tag": "ffmpeg"}]
2405.0	2	12269.1	12271.4	12243.2	25.9	0.0	[{"pid": 175043, "rss_mb": 12243.2109375, "pss_mb": 12249.9111328125, "tag": "main"}, {"pid": 389046, "rss_mb": 25.890625, "pss_mb": 21.5234375, "tag": "ffmpeg"}]
2410.2	2	12201.2	12181.5	12175.3	25.9	0.0	[{"pid": 175043, "rss_mb": 12175.3359375, "pss_mb": 12159.9599609375, "tag": "main"}, {"pid": 389046, "rss_mb": 25.890625, "pss_mb": 21.5185546875, "tag": "ffmpeg"}]
2415.4	2	12304.0	12284.1	12278.1	25.9	0.0	[{"pid": 175043, "rss_mb": 12278.0859375, "pss_mb": 12262.5859375, "tag": "main"}, {"pid": 389046, "rss_mb": 25.890625, "pss_mb": 21.52734375, "tag": "ffmpeg"}]
2420.7	2	12194.0	12174.1	12168.1	25.9	0.0	[{"pid": 175043, "rss_mb": 12168.06640625, "pss_mb": 12152.583984375, "tag": "main"}, {"pid": 389046, "rss_mb": 25.890625, "pss_mb": 21.53515625, "tag": "ffmpeg"}]
2426.0	2	12233.8	12214.0	12207.9	25.9	0.0	[{"pid": 175043, "rss_mb": 12207.875, "pss_mb": 12192.46875, "tag": "main"}, {"pid": 389046, "rss_mb": 25.890625, "pss_mb": 21.5380859375, "tag": "ffmpeg"}]
2431.2	2	12273.6	12258.9	12247.7	25.9	0.0	[{"pid": 175043, "rss_mb": 12247.6796875, "pss_mb": 12237.3623046875, "tag": "main"}, {"pid": 389046, "rss_mb": 25.890625, "pss_mb": 21.5419921875, "tag": "ffmpeg"}]
2436.4	2	11951.9	11932.0	11926.0	25.9	0.0	[{"pid": 175043, "rss_mb": 11925.99609375, "pss_mb": 11910.4580078125, "tag": "main"}, {"pid": 389046, "rss_mb": 25.890625, "pss_mb": 21.5419921875, "tag": "ffmpeg"}]
2441.6	2	11916.0	11896.0	11890.2	25.9	0.0	[{"pid": 175043, "rss_mb": 11890.15625, "pss_mb": 11874.43359375, "tag": "main"}, {"pid": 389046, "rss_mb": 25.890625, "pss_mb": 21.5341796875, "tag": "ffmpeg"}]
2446.9	2	11530.6	11514.7	11504.7	25.9	0.0	[{"pid": 175043, "rss_mb": 11504.671875, "pss_mb": 11493.1103515625, "tag": "main"}, {"pid": 389046, "rss_mb": 25.890625, "pss_mb": 21.5703125, "tag": "ffmpeg"}]
2452.1	2	10667.9	10673.0	10642.0	25.9	0.0	[{"pid": 175043, "rss_mb": 10642.0234375, "pss_mb": 10651.4111328125, "tag": "main"}, {"pid": 389046, "rss_mb": 25.890625, "pss_mb": 21.578125, "tag": "ffmpeg"}]
2457.3	2	10638.4	10658.6	10612.5	25.9	0.0	[{"pid": 175043, "rss_mb": 10612.4609375, "pss_mb": 10637.001953125, "tag": "main"}, {"pid": 389046, "rss_mb": 25.890625, "pss_mb": 21.5810546875, "tag": "ffmpeg"}]
2462.5	2	10502.9	10482.2	10477.0	25.9	0.0	[{"pid": 175043, "rss_mb": 10477.0078125, "pss_mb": 10460.572265625, "tag": "main"}, {"pid": 389046, "rss_mb": 25.890625, "pss_mb": 21.5927734375, "tag": "ffmpeg"}]
2467.7	2	8304.6	8284.2	8278.7	25.9	0.0	[{"pid": 175043, "rss_mb": 8278.67578125, "pss_mb": 8262.5927734375, "tag": "main"}, {"pid": 389046, "rss_mb": 25.890625, "pss_mb": 21.5966796875, "tag": "ffmpeg"}]
2472.9	2	8304.6	8284.2	8278.7	25.9	0.0	[{"pid": 175043, "rss_mb": 8278.67578125, "pss_mb": 8262.5947265625, "tag": "main"}, {"pid": 389046, "rss_mb": 25.890625, "pss_mb": 21.5966796875, "tag": "ffmpeg"}]
2478.1	3	8223.0	8189.7	8130.3	92.7	0.0	[{"pid": 175043, "rss_mb": 8130.26953125, "pss_mb": 8114.4345703125, "tag": "main"}, {"pid": 406593, "rss_mb": 75.09765625, "pss_mb": 66.6279296875, "tag": "ffmpeg"}, {"pid": 406595, "rss_mb": 17.625, "pss_mb": 8.5908203125, "tag": "ffmpeg"}]
2483.3	3	8318.6	8284.5	8229.3	89.3	0.0	[{"pid": 175043, "rss_mb": 8229.3203125, "pss_mb": 8212.6767578125, "tag": "main"}, {"pid": 406593, "rss_mb": 71.6484375, "pss_mb": 63.193359375, "tag": "ffmpeg"}, {"pid": 406595, "rss_mb": 17.625, "pss_mb": 8.5947265625, "tag": "ffmpeg"}]
2488.5	3	8284.1	8249.5	8172.6	111.5	0.0	[{"pid": 175043, "rss_mb": 8172.58984375, "pss_mb": 8156.607421875, "tag": "main"}, {"pid": 406593, "rss_mb": 72.7734375, "pss_mb": 63.787109375, "tag": "ffmpeg"}, {"pid": 406595, "rss_mb": 38.71484375, "pss_mb": 29.1259765625, "tag": "ffmpeg"}]
2493.7	3	8280.3	8245.4	8168.6	111.7	0.0	[{"pid": 175043, "rss_mb": 8168.5859375, "pss_mb": 8152.400390625, "tag": "main"}, {"pid": 406593, "rss_mb": 72.96484375, "pss_mb": 63.9072265625, "tag": "ffmpeg"}, {"pid": 406595, "rss_mb": 38.71484375, "pss_mb": 29.1171875, "tag": "ffmpeg"}]
2498.9	3	8284.0	8249.2	8168.6	115.4	0.0	[{"pid": 175043, "rss_mb": 8168.5859375, "pss_mb": 8152.4130859375, "tag": "main"}, {"pid": 406593, "rss_mb": 76.46484375, "pss_mb": 67.3505859375, "tag": "ffmpeg"}, {"pid": 406595, "rss_mb": 38.96484375, "pss_mb": 29.478515625, "tag": "ffmpeg"}]
2504.0	3	8381.2	8346.3	8265.8	115.4	0.0	[{"pid": 175043, "rss_mb": 8265.7578125, "pss_mb": 8249.51171875, "tag": "main"}, {"pid": 406593, "rss_mb": 76.46484375, "pss_mb": 67.3505859375, "tag": "ffmpeg"}, {"pid": 406595, "rss_mb": 38.96484375, "pss_mb": 29.478515625, "tag": "ffmpeg"}]
2509.2	3	8587.9	8551.7	8486.9	101.1	0.0	[{"pid": 175043, "rss_mb": 8486.8828125, "pss_mb": 8470.734375, "tag": "main"}, {"pid": 406593, "rss_mb": 76.46484375, "pss_mb": 66.666015625, "tag": "ffmpeg"}, {"pid": 406595, "rss_mb": 24.59765625, "pss_mb": 14.3203125, "tag": "ffmpeg"}]
2514.4	3	8697.2	8661.1	8595.0	102.2	0.0	[{"pid": 175043, "rss_mb": 8595.0078125, "pss_mb": 8578.9296875, "tag": "main"}, {"pid": 406593, "rss_mb": 77.58984375, "pss_mb": 67.849609375, "tag": "ffmpeg"}, {"pid": 406595, "rss_mb": 24.59765625, "pss_mb": 14.3203125, "tag": "ffmpeg"}]
2519.7	3	8940.9	8904.5	8836.3	104.6	0.0	[{"pid": 175043, "rss_mb": 8836.2578125, "pss_mb": 8820.07421875, "tag": "main"}, {"pid": 406593, "rss_mb": 80.04296875, "pss_mb": 70.08984375, "tag": "ffmpeg"}, {"pid": 406595, "rss_mb": 24.59765625, "pss_mb": 14.3173828125, "tag": "ffmpeg"}]
2524.9	3	9136.0	9099.8	9027.9	108.1	0.0	[{"pid": 175043, "rss_mb": 9027.8828125, "pss_mb": 9011.8642578125, "tag": "main"}, {"pid": 406593, "rss_mb": 83.54296875, "pss_mb": 73.6552734375, "tag": "ffmpeg"}, {"pid": 406595, "rss_mb": 24.59765625, "pss_mb": 14.3212890625, "tag": "ffmpeg"}]
2530.0	3	9239.4	9203.4	9130.2	109.2	0.0	[{"pid": 175043, "rss_mb": 9130.23046875, "pss_mb": 9114.1845703125, "tag": "main"}, {"pid": 406593, "rss_mb": 84.609375, "pss_mb": 74.8408203125, "tag": "ffmpeg"}, {"pid": 406595, "rss_mb": 24.59765625, "pss_mb": 14.3310546875, "tag": "ffmpeg"}]
2535.2	3	9453.5	9417.6	9346.7	106.8	0.0	[{"pid": 175043, "rss_mb": 9346.73046875, "pss_mb": 9330.80859375, "tag": "main"}, {"pid": 406593, "rss_mb": 82.1796875, "pss_mb": 72.470703125, "tag": "ffmpeg"}, {"pid": 406595, "rss_mb": 24.59765625, "pss_mb": 14.33203125, "tag": "ffmpeg"}]
2540.4	3	9624.8	9588.8	9516.6	108.2	0.0	[{"pid": 175043, "rss_mb": 9516.625, "pss_mb": 9500.7236328125, "tag": "main"}, {"pid": 406593, "rss_mb": 83.62109375, "pss_mb": 73.783203125, "tag": "ffmpeg"}, {"pid": 406595, "rss_mb": 24.59765625, "pss_mb": 14.3359375, "tag": "ffmpeg"}]
2545.7	3	9986.4	9950.2	9877.0	109.4	0.0	[{"pid": 175043, "rss_mb": 9877.0, "pss_mb": 9860.94921875, "tag": "main"}, {"pid": 406593, "rss_mb": 84.8046875, "pss_mb": 74.955078125, "tag": "ffmpeg"}, {"pid": 406595, "rss_mb": 24.59765625, "pss_mb": 14.3271484375, "tag": "ffmpeg"}]
2550.9	3	10239.9	10204.0	10137.4	102.5	0.0	[{"pid": 175043, "rss_mb": 10137.375, "pss_mb": 10121.5234375, "tag": "main"}, {"pid": 406593, "rss_mb": 77.9375, "pss_mb": 68.0947265625, "tag": "ffmpeg"}, {"pid": 406595, "rss_mb": 24.59765625, "pss_mb": 14.3623046875, "tag": "ffmpeg"}]
2556.2	3	10430.6	10395.1	10321.5	109.2	0.0	[{"pid": 175043, "rss_mb": 10321.47265625, "pss_mb": 10305.857421875, "tag": "main"}, {"pid": 406593, "rss_mb": 84.5625, "pss_mb": 74.837890625, "tag": "ffmpeg"}, {"pid": 406595, "rss_mb": 24.59765625, "pss_mb": 14.365234375, "tag": "ffmpeg"}]
2561.4	3	10356.4	10320.5	10247.3	109.2	0.0	[{"pid": 175043, "rss_mb": 10247.25390625, "pss_mb": 10231.21484375, "tag": "main"}, {"pid": 406593, "rss_mb": 84.5625, "pss_mb": 74.8408203125, "tag": "ffmpeg"}, {"pid": 406595, "rss_mb": 24.59765625, "pss_mb": 14.4365234375, "tag": "ffmpeg"}]
2566.6	3	10439.3	10403.6	10330.1	109.3	0.0	[{"pid": 175043, "rss_mb": 10330.05859375, "pss_mb": 10314.271484375, "tag": "main"}, {"pid": 406593, "rss_mb": 84.6875, "pss_mb": 74.841796875, "tag": "ffmpeg"}, {"pid": 406595, "rss_mb": 24.59765625, "pss_mb": 14.4404296875, "tag": "ffmpeg"}]
2571.8	2	10387.2	10366.8	10362.6	24.6	0.0	[{"pid": 175043, "rss_mb": 10362.5546875, "pss_mb": 10346.7666015625, "tag": "main"}, {"pid": 406595, "rss_mb": 24.59765625, "pss_mb": 20.009765625, "tag": "ffmpeg"}]
2577.1	2	10369.8	10348.1	10345.2	24.6	0.0	[{"pid": 175043, "rss_mb": 10345.19140625, "pss_mb": 10328.12890625, "tag": "main"}, {"pid": 406595, "rss_mb": 24.59765625, "pss_mb": 20.013671875, "tag": "ffmpeg"}]
2582.4	2	10254.8	10232.6	10230.2	24.6	0.0	[{"pid": 175043, "rss_mb": 10230.19140625, "pss_mb": 10212.62890625, "tag": "main"}, {"pid": 406595, "rss_mb": 24.59765625, "pss_mb": 20.017578125, "tag": "ffmpeg"}]
2587.6	2	10305.1	10284.7	10280.5	24.6	0.0	[{"pid": 175043, "rss_mb": 10280.53515625, "pss_mb": 10264.671875, "tag": "main"}, {"pid": 406595, "rss_mb": 24.59765625, "pss_mb": 20.01953125, "tag": "ffmpeg"}]
2592.8	2	10329.2	10308.7	10304.5	24.7	0.0	[{"pid": 175043, "rss_mb": 10304.51953125, "pss_mb": 10288.5146484375, "tag": "main"}, {"pid": 406595, "rss_mb": 24.72265625, "pss_mb": 20.16796875, "tag": "ffmpeg"}]
2598.1	2	10306.5	10285.4	10281.8	24.7	0.0	[{"pid": 175043, "rss_mb": 10281.7890625, "pss_mb": 10265.2138671875, "tag": "main"}, {"pid": 406595, "rss_mb": 24.72265625, "pss_mb": 20.16796875, "tag": "ffmpeg"}]
2603.4	2	10288.1	10267.5	10263.4	24.7	0.0	[{"pid": 175043, "rss_mb": 10263.42578125, "pss_mb": 10247.3310546875, "tag": "main"}, {"pid": 406595, "rss_mb": 24.72265625, "pss_mb": 20.1484375, "tag": "ffmpeg"}]
2608.6	2	10197.1	10176.4	10172.4	24.7	0.0	[{"pid": 175043, "rss_mb": 10172.35546875, "pss_mb": 10156.2490234375, "tag": "main"}, {"pid": 406595, "rss_mb": 24.72265625, "pss_mb": 20.177734375, "tag": "ffmpeg"}]
2613.9	2	10221.1	10197.6	10196.4	24.7	0.0	[{"pid": 175043, "rss_mb": 10196.421875, "pss_mb": 10177.396484375, "tag": "main"}, {"pid": 406595, "rss_mb": 24.72265625, "pss_mb": 20.181640625, "tag": "ffmpeg"}]
2619.1	2	9283.8	9293.2	9259.1	24.7	0.0	[{"pid": 175043, "rss_mb": 9259.0703125, "pss_mb": 9272.99609375, "tag": "main"}, {"pid": 406595, "rss_mb": 24.72265625, "pss_mb": 20.1650390625, "tag": "ffmpeg"}]
2624.3	2	9149.3	9150.3	9124.6	24.7	0.0	[{"pid": 175043, "rss_mb": 9124.5625, "pss_mb": 9130.103515625, "tag": "main"}, {"pid": 406595, "rss_mb": 24.72265625, "pss_mb": 20.208984375, "tag": "ffmpeg"}]
2629.5	2	9159.1	9138.3	9134.4	24.7	0.0	[{"pid": 175043, "rss_mb": 9134.37109375, "pss_mb": 9118.1044921875, "tag": "main"}, {"pid": 406595, "rss_mb": 24.72265625, "pss_mb": 20.220703125, "tag": "ffmpeg"}]
2634.7	2	9235.0	9214.3	9210.3	24.7	0.0	[{"pid": 175043, "rss_mb": 9210.29296875, "pss_mb": 9194.1044921875, "tag": "main"}, {"pid": 406595, "rss_mb": 24.72265625, "pss_mb": 20.228515625, "tag": "ffmpeg"}]
2639.9	2	7174.6	7153.9	7149.9	24.7	0.0	[{"pid": 175043, "rss_mb": 7149.91796875, "pss_mb": 7133.6923828125, "tag": "main"}, {"pid": 406595, "rss_mb": 24.72265625, "pss_mb": 20.232421875, "tag": "ffmpeg"}]
2645.0	2	7174.6	7153.9	7149.9	24.7	0.0	[{"pid": 175043, "rss_mb": 7149.91796875, "pss_mb": 7133.6943359375, "tag": "main"}, {"pid": 406595, "rss_mb": 24.72265625, "pss_mb": 20.232421875, "tag": "ffmpeg"}]
2650.2	3	7388.6	7355.0	7293.4	95.1	0.0	[{"pid": 175043, "rss_mb": 7293.4453125, "pss_mb": 7277.3125, "tag": "main"}, {"pid": 422732, "rss_mb": 77.62109375, "pss_mb": 69.22265625, "tag": "ffmpeg"}, {"pid": 422734, "rss_mb": 17.5, "pss_mb": 8.5048828125, "tag": "ffmpeg"}]
2655.4	3	7599.3	7569.8	7505.3	94.1	0.0	[{"pid": 175043, "rss_mb": 7505.26171875, "pss_mb": 7493.279296875, "tag": "main"}, {"pid": 422732, "rss_mb": 76.578125, "pss_mb": 68.056640625, "tag": "ffmpeg"}, {"pid": 422734, "rss_mb": 17.5, "pss_mb": 8.505859375, "tag": "ffmpeg"}]
2660.6	3	7735.9	7701.1	7618.3	117.5	0.0	[{"pid": 175043, "rss_mb": 7618.34765625, "pss_mb": 7602.375, "tag": "main"}, {"pid": 422732, "rss_mb": 79.1640625, "pss_mb": 69.921875, "tag": "ffmpeg"}, {"pid": 422734, "rss_mb": 38.375, "pss_mb": 28.8017578125, "tag": "ffmpeg"}]
2665.8	3	7881.1	7845.8	7764.5	116.6	0.0	[{"pid": 175043, "rss_mb": 7764.5390625, "pss_mb": 7748.27734375, "tag": "main"}, {"pid": 422732, "rss_mb": 78.2109375, "pss_mb": 68.73828125, "tag": "ffmpeg"}, {"pid": 422734, "rss_mb": 38.375, "pss_mb": 28.8017578125, "tag": "ffmpeg"}]
2671.0	3	8109.9	8074.9	7992.3	117.7	0.0	[{"pid": 175043, "rss_mb": 7992.2890625, "pss_mb": 7976.087890625, "tag": "main"}, {"pid": 422732, "rss_mb": 79.15234375, "pss_mb": 69.798828125, "tag": "ffmpeg"}, {"pid": 422734, "rss_mb": 38.5, "pss_mb": 29.03125, "tag": "ffmpeg"}]
2676.2	3	8233.1	8197.0	8126.5	106.6	0.0	[{"pid": 175043, "rss_mb": 8126.4921875, "pss_mb": 8110.2783203125, "tag": "main"}, {"pid": 422732, "rss_mb": 82.65234375, "pss_mb": 72.7431640625, "tag": "ffmpeg"}, {"pid": 422734, "rss_mb": 23.98828125, "pss_mb": 13.943359375, "tag": "ffmpeg"}]
2681.4	3	8448.8	8412.8	8343.4	105.4	0.0	[{"pid": 175043, "rss_mb": 8343.3671875, "pss_mb": 8327.294921875, "tag": "main"}, {"pid": 422732, "rss_mb": 81.42578125, "pss_mb": 71.5576171875, "tag": "ffmpeg"}, {"pid": 422734, "rss_mb": 23.98828125, "pss_mb": 13.94921875, "tag": "ffmpeg"}]
2686.6	3	8674.3	8638.4	8571.2	103.1	0.0	[{"pid": 175043, "rss_mb": 8571.2421875, "pss_mb": 8555.1083984375, "tag": "main"}, {"pid": 422732, "rss_mb": 79.109375, "pss_mb": 69.3046875, "tag": "ffmpeg"}, {"pid": 422734, "rss_mb": 23.98828125, "pss_mb": 13.94921875, "tag": "ffmpeg"}]
2691.9	3	8787.2	8751.2	8685.1	102.1	0.0	[{"pid": 175043, "rss_mb": 8685.1171875, "pss_mb": 8669.0224609375, "tag": "main"}, {"pid": 422732, "rss_mb": 78.1015625, "pss_mb": 68.244140625, "tag": "ffmpeg"}, {"pid": 422734, "rss_mb": 23.98828125, "pss_mb": 13.9501953125, "tag": "ffmpeg"}]
2697.1	3	9032.0	8997.9	8929.9	102.1	0.0	[{"pid": 175043, "rss_mb": 8929.8671875, "pss_mb": 8915.8232421875, "tag": "main"}, {"pid": 422732, "rss_mb": 78.109375, "pss_mb": 68.126953125, "tag": "ffmpeg"}, {"pid": 422734, "rss_mb": 23.98828125, "pss_mb": 13.9501953125, "tag": "ffmpeg"}]
2702.3	3	9186.0	9154.5	9083.9	102.2	0.0	[{"pid": 175043, "rss_mb": 9083.8671875, "pss_mb": 9072.431640625, "tag": "main"}, {"pid": 422732, "rss_mb": 78.16796875, "pss_mb": 68.1220703125, "tag": "ffmpeg"}, {"pid": 422734, "rss_mb": 23.98828125, "pss_mb": 13.9462890625, "tag": "ffmpeg"}]
2707.5	3	9474.3	9438.1	9368.6	105.7	0.0	[{"pid": 175043, "rss_mb": 9368.6171875, "pss_mb": 9352.458984375, "tag": "main"}, {"pid": 422732, "rss_mb": 81.6640625, "pss_mb": 71.6806640625, "tag": "ffmpeg"}, {"pid": 422734, "rss_mb": 23.98828125, "pss_mb": 13.9541015625, "tag": "ffmpeg"}]
2712.7	3	9600.0	9565.2	9501.2	98.7	0.0	[{"pid": 175043, "rss_mb": 9501.2421875, "pss_mb": 9485.3515625, "tag": "main"}, {"pid": 422732, "rss_mb": 74.73046875, "pss_mb": 65.8759765625, "tag": "ffmpeg"}, {"pid": 422734, "rss_mb": 23.98828125, "pss_mb": 13.953125, "tag": "ffmpeg"}]
2717.9	3	9888.2	9852.1	9786.2	102.0	0.0	[{"pid": 175043, "rss_mb": 9786.2421875, "pss_mb": 9770.119140625, "tag": "main"}, {"pid": 422732, "rss_mb": 77.98046875, "pss_mb": 67.9990234375, "tag": "ffmpeg"}, {"pid": 422734, "rss_mb": 23.98828125, "pss_mb": 13.953125, "tag": "ffmpeg"}]
2723.1	3	10173.0	10136.8	10071.0	102.0	0.0	[{"pid": 175043, "rss_mb": 10070.9921875, "pss_mb": 10054.8955078125, "tag": "main"}, {"pid": 422732, "rss_mb": 77.98046875, "pss_mb": 68.0009765625, "tag": "ffmpeg"}, {"pid": 422734, "rss_mb": 23.98828125, "pss_mb": 13.953125, "tag": "ffmpeg"}]
2728.4	3	10433.0	10397.0	10333.1	99.9	0.0	[{"pid": 175043, "rss_mb": 10333.1171875, "pss_mb": 10317.125, "tag": "main"}, {"pid": 422732, "rss_mb": 75.90625, "pss_mb": 65.87109375, "tag": "ffmpeg"}, {"pid": 422734, "rss_mb": 23.98828125, "pss_mb": 13.95703125, "tag": "ffmpeg"}]
2733.6	3	10455.6	10419.6	10355.7	99.8	0.0	[{"pid": 175043, "rss_mb": 10355.73828125, "pss_mb": 10339.6650390625, "tag": "main"}, {"pid": 422732, "rss_mb": 75.84765625, "pss_mb": 65.7470703125, "tag": "ffmpeg"}, {"pid": 422734, "rss_mb": 23.98828125, "pss_mb": 14.2119140625, "tag": "ffmpeg"}]
2738.9	3	10457.1	10420.7	10355.9	101.2	0.0	[{"pid": 175043, "rss_mb": 10355.86328125, "pss_mb": 10339.6669921875, "tag": "main"}, {"pid": 422732, "rss_mb": 76.84765625, "pss_mb": 66.810546875, "tag": "ffmpeg"}, {"pid": 422734, "rss_mb": 24.36328125, "pss_mb": 14.2158203125, "tag": "ffmpeg"}]
2744.1	3	10461.8	10425.6	10355.9	106.0	0.0	[{"pid": 175043, "rss_mb": 10355.86328125, "pss_mb": 10339.6650390625, "tag": "main"}, {"pid": 422732, "rss_mb": 81.47265625, "pss_mb": 71.5556640625, "tag": "ffmpeg"}, {"pid": 422734, "rss_mb": 24.48828125, "pss_mb": 14.3759765625, "tag": "ffmpeg"}]
2749.3	3	10558.4	10522.3	10453.7	104.7	0.0	[{"pid": 175043, "rss_mb": 10453.73828125, "pss_mb": 10437.5732421875, "tag": "main"}, {"pid": 422732, "rss_mb": 80.22265625, "pss_mb": 70.3681640625, "tag": "ffmpeg"}, {"pid": 422734, "rss_mb": 24.48828125, "pss_mb": 14.3798828125, "tag": "ffmpeg"}]
2754.5	3	10461.8	10425.6	10355.9	106.0	0.0	[{"pid": 175043, "rss_mb": 10355.86328125, "pss_mb": 10339.666015625, "tag": "main"}, {"pid": 422732, "rss_mb": 81.47265625, "pss_mb": 71.5556640625, "tag": "ffmpeg"}, {"pid": 422734, "rss_mb": 24.48828125, "pss_mb": 14.3798828125, "tag": "ffmpeg"}]
2759.8	3	10459.1	10359.8	10355.9	103.2	0.0	[{"pid": 175043, "rss_mb": 10355.86328125, "pss_mb": 10339.7236328125, "tag": "main"}, {"pid": 422732, "rss_mb": 78.69921875, "pss_mb": 0.0, "tag": "ffmpeg"}, {"pid": 422734, "rss_mb": 24.48828125, "pss_mb": 20.0830078125, "tag": "ffmpeg"}]
2765.0	2	10380.4	10359.8	10355.9	24.5	0.0	[{"pid": 175043, "rss_mb": 10355.86328125, "pss_mb": 10339.7216796875, "tag": "main"}, {"pid": 422734, "rss_mb": 24.48828125, "pss_mb": 20.0869140625, "tag": "ffmpeg"}]
2770.2	2	10380.4	10359.7	10355.9	24.5	0.0	[{"pid": 175043, "rss_mb": 10355.86328125, "pss_mb": 10339.6708984375, "tag": "main"}, {"pid": 422734, "rss_mb": 24.48828125, "pss_mb": 20.078125, "tag": "ffmpeg"}]
2775.4	2	10380.4	10359.8	10355.9	24.5	0.0	[{"pid": 175043, "rss_mb": 10355.86328125, "pss_mb": 10339.716796875, "tag": "main"}, {"pid": 422734, "rss_mb": 24.48828125, "pss_mb": 20.091796875, "tag": "ffmpeg"}]
2780.6	2	10380.4	10359.8	10355.9	24.5	0.0	[{"pid": 175043, "rss_mb": 10355.86328125, "pss_mb": 10339.720703125, "tag": "main"}, {"pid": 422734, "rss_mb": 24.48828125, "pss_mb": 20.095703125, "tag": "ffmpeg"}]
2785.8	2	10380.4	10359.8	10355.9	24.5	0.0	[{"pid": 175043, "rss_mb": 10355.86328125, "pss_mb": 10339.7177734375, "tag": "main"}, {"pid": 422734, "rss_mb": 24.48828125, "pss_mb": 20.09765625, "tag": "ffmpeg"}]
2791.1	2	10354.4	10333.8	10329.9	24.5	0.0	[{"pid": 175043, "rss_mb": 10329.87890625, "pss_mb": 10313.7119140625, "tag": "main"}, {"pid": 422734, "rss_mb": 24.48828125, "pss_mb": 20.09765625, "tag": "ffmpeg"}]
2796.3	2	10209.5	10188.9	10185.1	24.5	0.0	[{"pid": 175043, "rss_mb": 10185.05859375, "pss_mb": 10168.8408203125, "tag": "main"}, {"pid": 422734, "rss_mb": 24.48828125, "pss_mb": 20.1015625, "tag": "ffmpeg"}]
2801.5	2	10209.5	10188.9	10185.1	24.5	0.0	[{"pid": 175043, "rss_mb": 10185.05859375, "pss_mb": 10168.84375, "tag": "main"}, {"pid": 422734, "rss_mb": 24.48828125, "pss_mb": 20.10546875, "tag": "ffmpeg"}]
2806.7	2	9204.0	8042.7	9179.4	24.6	0.0	[{"pid": 175043, "rss_mb": 9179.40234375, "pss_mb": 8022.513671875, "tag": "main"}, {"pid": 422734, "rss_mb": 24.61328125, "pss_mb": 20.1484375, "tag": "ffmpeg"}]
2811.8	2	7014.7	6993.8	6990.1	24.6	0.0	[{"pid": 175043, "rss_mb": 6990.078125, "pss_mb": 6973.6259765625, "tag": "main"}, {"pid": 422734, "rss_mb": 24.61328125, "pss_mb": 20.162109375, "tag": "ffmpeg"}]
2817.0	2	7014.7	6993.8	6990.1	24.6	0.0	[{"pid": 175043, "rss_mb": 6990.078125, "pss_mb": 6973.625, "tag": "main"}, {"pid": 422734, "rss_mb": 24.61328125, "pss_mb": 20.162109375, "tag": "ffmpeg"}]
2822.1	3	6634.9	6601.3	6547.3	87.6	0.0	[{"pid": 175043, "rss_mb": 6547.32421875, "pss_mb": 6531.205078125, "tag": "main"}, {"pid": 438584, "rss_mb": 70.0546875, "pss_mb": 61.580078125, "tag": "ffmpeg"}, {"pid": 438586, "rss_mb": 17.5, "pss_mb": 8.4912109375, "tag": "ffmpeg"}]
2827.3	3	7019.5	6995.8	6931.9	87.6	0.0	[{"pid": 175043, "rss_mb": 6931.91015625, "pss_mb": 6925.6611328125, "tag": "main"}, {"pid": 438584, "rss_mb": 70.0546875, "pss_mb": 61.58984375, "tag": "ffmpeg"}, {"pid": 438586, "rss_mb": 17.5, "pss_mb": 8.4990234375, "tag": "ffmpeg"}]
2832.5	3	7025.2	6990.6	6914.6	110.5	0.0	[{"pid": 175043, "rss_mb": 6914.6484375, "pss_mb": 6898.443359375, "tag": "main"}, {"pid": 438584, "rss_mb": 72.5546875, "pss_mb": 63.4716796875, "tag": "ffmpeg"}, {"pid": 438586, "rss_mb": 37.97265625, "pss_mb": 28.6572265625, "tag": "ffmpeg"}]
2837.8	3	7258.3	7223.7	7147.8	110.5	0.0	[{"pid": 175043, "rss_mb": 7147.7734375, "pss_mb": 7131.54296875, "tag": "main"}, {"pid": 438584, "rss_mb": 72.5546875, "pss_mb": 63.4658203125, "tag": "ffmpeg"}, {"pid": 438586, "rss_mb": 37.97265625, "pss_mb": 28.6533203125, "tag": "ffmpeg"}]
2843.0	3	7508.4	7473.8	7397.4	111.0	0.0	[{"pid": 175043, "rss_mb": 7397.3984375, "pss_mb": 7381.3154296875, "tag": "main"}, {"pid": 438584, "rss_mb": 72.5546875, "pss_mb": 63.4697265625, "tag": "ffmpeg"}, {"pid": 438586, "rss_mb": 38.47265625, "pss_mb": 29.0390625, "tag": "ffmpeg"}]
2848.2	3	7681.5	7645.2	7583.8	97.7	0.0	[{"pid": 175043, "rss_mb": 7583.828125, "pss_mb": 7567.4287109375, "tag": "main"}, {"pid": 438584, "rss_mb": 73.94140625, "pss_mb": 64.04296875, "tag": "ffmpeg"}, {"pid": 438586, "rss_mb": 23.734375, "pss_mb": 13.740234375, "tag": "ffmpeg"}]
2853.4	3	7800.8	7767.8	7703.1	97.7	0.0	[{"pid": 175043, "rss_mb": 7703.0859375, "pss_mb": 7689.9794921875, "tag": "main"}, {"pid": 438584, "rss_mb": 73.94140625, "pss_mb": 64.0517578125, "tag": "ffmpeg"}, {"pid": 438586, "rss_mb": 23.734375, "pss_mb": 13.7353515625, "tag": "ffmpeg"}]
2858.6	3	8064.6	8028.7	7967.0	97.7	0.0	[{"pid": 175043, "rss_mb": 7966.9609375, "pss_mb": 7950.884765625, "tag": "main"}, {"pid": 438584, "rss_mb": 73.94140625, "pss_mb": 64.072265625, "tag": "ffmpeg"}, {"pid": 438586, "rss_mb": 23.734375, "pss_mb": 13.775390625, "tag": "ffmpeg"}]
2863.8	3	8179.0	8142.9	8080.9	98.1	0.0	[{"pid": 175043, "rss_mb": 8080.921875, "pss_mb": 8064.787109375, "tag": "main"}, {"pid": 438584, "rss_mb": 74.38671875, "pss_mb": 64.388671875, "tag": "ffmpeg"}, {"pid": 438586, "rss_mb": 23.734375, "pss_mb": 13.771484375, "tag": "ffmpeg"}]
2869.1	3	8447.9	8412.0	8348.5	99.4	0.0	[{"pid": 175043, "rss_mb": 8348.546875, "pss_mb": 8332.5322265625, "tag": "main"}, {"pid": 438584, "rss_mb": 75.66015625, "pss_mb": 65.6533203125, "tag": "ffmpeg"}, {"pid": 438586, "rss_mb": 23.734375, "pss_mb": 13.818359375, "tag": "ffmpeg"}]
2874.3	3	8637.2	8601.1	8536.6	100.6	0.0	[{"pid": 175043, "rss_mb": 8536.578125, "pss_mb": 8520.451171875, "tag": "main"}, {"pid": 438584, "rss_mb": 76.91015625, "pss_mb": 66.841796875, "tag": "ffmpeg"}, {"pid": 438586, "rss_mb": 23.734375, "pss_mb": 13.818359375, "tag": "ffmpeg"}]
2879.5	3	8861.5	8825.5	8764.5	97.1	0.0	[{"pid": 175043, "rss_mb": 8764.453125, "pss_mb": 8748.27734375, "tag": "main"}, {"pid": 438584, "rss_mb": 73.3515625, "pss_mb": 63.4072265625, "tag": "ffmpeg"}, {"pid": 438586, "rss_mb": 23.734375, "pss_mb": 13.822265625, "tag": "ffmpeg"}]
2884.7	2	8925.7	8905.2	8902.0	23.7	0.0	[{"pid": 175043, "rss_mb": 8901.984375, "pss_mb": 8885.9814453125, "tag": "main"}, {"pid": 438586, "rss_mb": 23.734375, "pss_mb": 19.220703125, "tag": "ffmpeg"}]
2890.0	2	9191.5	9170.9	9167.7	23.7	0.0	[{"pid": 175043, "rss_mb": 9167.734375, "pss_mb": 9151.7158203125, "tag": "main"}, {"pid": 438586, "rss_mb": 23.734375, "pss_mb": 19.21875, "tag": "ffmpeg"}]
2895.2	2	9381.4	9360.8	9357.7	23.7	0.0	[{"pid": 175043, "rss_mb": 9357.71484375, "pss_mb": 9341.630859375, "tag": "main"}, {"pid": 438586, "rss_mb": 23.734375, "pss_mb": 19.21484375, "tag": "ffmpeg"}]
2900.4	2	9633.1	9612.4	9609.3	23.7	0.0	[{"pid": 175043, "rss_mb": 9609.33984375, "pss_mb": 9593.1875, "tag": "main"}, {"pid": 438586, "rss_mb": 23.734375, "pss_mb": 19.224609375, "tag": "ffmpeg"}]
2905.6	2	9675.7	9655.1	9652.0	23.7	0.0	[{"pid": 175043, "rss_mb": 9652.0, "pss_mb": 9635.9072265625, "tag": "main"}, {"pid": 438586, "rss_mb": 23.734375, "pss_mb": 19.224609375, "tag": "ffmpeg"}]
2910.8	2	9590.3	9569.7	9566.5	23.7	0.0	[{"pid": 175043, "rss_mb": 9566.5390625, "pss_mb": 9550.4697265625, "tag": "main"}, {"pid": 438586, "rss_mb": 23.734375, "pss_mb": 19.228515625, "tag": "ffmpeg"}]
2916.0	2	9645.1	9624.6	9621.4	23.7	0.0	[{"pid": 175043, "rss_mb": 9621.3984375, "pss_mb": 9605.3662109375, "tag": "main"}, {"pid": 438586, "rss_mb": 23.734375, "pss_mb": 19.2431640625, "tag": "ffmpeg"}]
2921.2	2	9685.2	9664.6	9661.5	23.7	0.0	[{"pid": 175043, "rss_mb": 9661.4609375, "pss_mb": 9645.3623046875, "tag": "main"}, {"pid": 438586, "rss_mb": 23.734375, "pss_mb": 19.2783203125, "tag": "ffmpeg"}]
2926.5	2	9681.2	9660.6	9657.4	23.7	0.0	[{"pid": 175043, "rss_mb": 9657.42578125, "pss_mb": 9641.3642578125, "tag": "main"}, {"pid": 438586, "rss_mb": 23.734375, "pss_mb": 19.2783203125, "tag": "ffmpeg"}]
2931.7	2	8944.2	8923.6	8920.4	23.7	0.0	[{"pid": 175043, "rss_mb": 8920.44921875, "pss_mb": 8904.287109375, "tag": "main"}, {"pid": 438586, "rss_mb": 23.734375, "pss_mb": 19.2939453125, "tag": "ffmpeg"}]
2936.8	2	8628.7	8644.1	8605.0	23.7	0.0	[{"pid": 175043, "rss_mb": 8604.984375, "pss_mb": 8624.8115234375, "tag": "main"}, {"pid": 438586, "rss_mb": 23.734375, "pss_mb": 19.302734375, "tag": "ffmpeg"}]
2942.1	2	8592.9	8616.2	8569.1	23.7	0.0	[{"pid": 175043, "rss_mb": 8569.1171875, "pss_mb": 8596.859375, "tag": "main"}, {"pid": 438586, "rss_mb": 23.734375, "pss_mb": 19.314453125, "tag": "ffmpeg"}]
2947.3	2	7326.8	7306.1	7303.0	23.7	0.0	[{"pid": 175043, "rss_mb": 7303.0390625, "pss_mb": 7286.7939453125, "tag": "main"}, {"pid": 438586, "rss_mb": 23.734375, "pss_mb": 19.326171875, "tag": "ffmpeg"}]
2952.4	2	6397.2	6376.7	6373.5	23.7	0.0	[{"pid": 175043, "rss_mb": 6373.5078125, "pss_mb": 6357.3388671875, "tag": "main"}, {"pid": 438586, "rss_mb": 23.734375, "pss_mb": 19.333984375, "tag": "ffmpeg"}]
2957.5	2	6397.2	6376.7	6373.5	23.7	0.0	[{"pid": 175043, "rss_mb": 6373.5078125, "pss_mb": 6357.3408203125, "tag": "main"}, {"pid": 438586, "rss_mb": 23.734375, "pss_mb": 19.333984375, "tag": "ffmpeg"}]
2962.7	2	5326.8	5286.3	5302.0	24.8	0.0	[{"pid": 175043, "rss_mb": 5301.98046875, "pss_mb": 5286.3095703125, "tag": "main"}, {"pid": 451943, "rss_mb": 24.82421875, "pss_mb": 0.0, "tag": "ffprobe"}]
2967.8	2	5336.3	5316.2	5302.0	34.3	0.0	[{"pid": 175043, "rss_mb": 5301.98046875, "pss_mb": 5286.2265625, "tag": "main"}, {"pid": 452211, "rss_mb": 34.2890625, "pss_mb": 30.021484375, "tag": "ffmpeg"}]
