# t_s	n_proc	rss_mb	pss_mb	rss_main_mb	rss_child_mb	gpu_tree_mib	procs_json
0.1	1	8.1	3.3	8.1	0.0	0.0	[{"pid": 829214, "rss_mb": 8.125, "pss_mb": 3.328125, "tag": "main"}]
5.2	2	611.0	469.7	561.1	49.9	0.0	[{"pid": 829214, "rss_mb": 561.12890625, "pss_mb": 423.70703125, "tag": "main"}, {"pid": 829579, "rss_mb": 49.859375, "pss_mb": 45.95703125, "tag": "ffmpeg"}]
10.3	2	589.2	447.4	561.1	28.1	0.0	[{"pid": 829214, "rss_mb": 561.12890625, "pss_mb": 423.9345703125, "tag": "main"}, {"pid": 829755, "rss_mb": 28.12109375, "pss_mb": 23.513671875, "tag": "ffprobe"}]
15.4	2	589.8	447.9	561.6	28.1	0.0	[{"pid": 829214, "rss_mb": 561.62890625, "pss_mb": 424.38671875, "tag": "main"}, {"pid": 829755, "rss_mb": 28.12109375, "pss_mb": 23.52734375, "tag": "ffprobe"}]
20.5	4	682.7	508.8	590.2	92.4	0.0	[{"pid": 829214, "rss_mb": 590.21484375, "pss_mb": 453.0791015625, "tag": "main"}, {"pid": 831341, "rss_mb": 31.35546875, "pss_mb": 19.5439453125, "tag": "ffmpeg"}, {"pid": 831375, "rss_mb": 30.62109375, "pss_mb": 17.9990234375, "tag": "ffmpeg"}, {"pid": 831405, "rss_mb": 30.4609375, "pss_mb": 18.1728515625, "tag": "ffmpeg"}]
25.6	1	599.6	462.6	599.6	0.0	0.0	[{"pid": 829214, "rss_mb": 599.61328125, "pss_mb": 462.5869140625, "tag": "main"}]
30.8	3	4149.0	4105.7	4131.8	17.2	0.0	[{"pid": 829214, "rss_mb": 4131.77734375, "pss_mb": 4092.970703125, "tag": "main"}, {"pid": 832487, "rss_mb": 17.25, "pss_mb": 12.734375, "tag": "ffmpeg"}, {"pid": 832346, "rss_mb": 0.0, "pss_mb": 0.0, "tag": "ffmpeg"}]
35.9	3	4670.7	4441.2	4648.4	22.3	0.0	[{"pid": 829214, "rss_mb": 4648.4375, "pss_mb": 4423.369140625, "tag": "main"}, {"pid": 832487, "rss_mb": 22.30078125, "pss_mb": 17.806640625, "tag": "ffmpeg"}, {"pid": 832346, "rss_mb": 0.0, "pss_mb": 0.0, "tag": "ffmpeg"}]
41.0	3	4886.4	4666.3	4863.9	22.6	0.0	[{"pid": 829214, "rss_mb": 4863.89453125, "pss_mb": 4648.236328125, "tag": "main"}, {"pid": 832487, "rss_mb": 22.55078125, "pss_mb": 18.068359375, "tag": "ffmpeg"}, {"pid": 832346, "rss_mb": 0.0, "pss_mb": 0.0, "tag": "ffmpeg"}]
46.1	3	4691.7	4550.1	4669.2	22.6	0.0	[{"pid": 829214, "rss_mb": 4669.16796875, "pss_mb": 4531.9580078125, "tag": "main"}, {"pid": 832487, "rss_mb": 22.55078125, "pss_mb": 18.095703125, "tag": "ffmpeg"}, {"pid": 832346, "rss_mb": 0.0, "pss_mb": 0.0, "tag": "ffmpeg"}]
51.2	3	4815.1	4673.3	4797.9	17.2	0.0	[{"pid": 829214, "rss_mb": 4797.8515625, "pss_mb": 4660.556640625, "tag": "main"}, {"pid": 834315, "rss_mb": 17.25, "pss_mb": 12.6953125, "tag": "ffmpeg"}, {"pid": 834250, "rss_mb": 0.0, "pss_mb": 0.0, "tag": "ffmpeg"}]
56.3	3	4982.0	4840.4	4957.8	24.2	0.0	[{"pid": 829214, "rss_mb": 4957.7734375, "pss_mb": 4820.6044921875, "tag": "main"}, {"pid": 834315, "rss_mb": 24.21484375, "pss_mb": 19.7734375, "tag": "ffmpeg"}, {"pid": 834250, "rss_mb": 0.0, "pss_mb": 0.0, "tag": "ffmpeg"}]
61.5	3	5436.1	5180.9	5411.9	24.2	0.0	[{"pid": 829214, "rss_mb": 5411.8828125, "pss_mb": 5161.0849609375, "tag": "main"}, {"pid": 834315, "rss_mb": 24.21484375, "pss_mb": 19.8046875, "tag": "ffmpeg"}, {"pid": 834250, "rss_mb": 0.0, "pss_mb": 0.0, "tag": "ffmpeg"}]
66.6	3	5234.1	5092.9	5209.9	24.2	0.0	[{"pid": 829214, "rss_mb": 5209.875, "pss_mb": 5072.953125, "tag": "main"}, {"pid": 834315, "rss_mb": 24.21484375, "pss_mb": 19.904296875, "tag": "ffmpeg"}, {"pid": 834250, "rss_mb": 0.0, "pss_mb": 0.0, "tag": "ffmpeg"}]
71.8	3	7133.2	6978.6	7041.4	91.8	0.0	[{"pid": 829214, "rss_mb": 7041.40234375, "pss_mb": 6904.5751953125, "tag": "main"}, {"pid": 836062, "rss_mb": 74.43359375, "pss_mb": 65.716796875, "tag": "ffmpeg"}, {"pid": 836103, "rss_mb": 17.375, "pss_mb": 8.279296875, "tag": "ffmpeg"}]
77.0	3	7410.3	7269.4	7387.0	23.3	0.0	[{"pid": 829214, "rss_mb": 7386.9921875, "pss_mb": 7250.4248046875, "tag": "main"}, {"pid": 836103, "rss_mb": 23.2890625, "pss_mb": 18.9677734375, "tag": "ffmpeg"}, {"pid": 836062, "rss_mb": 0.0, "pss_mb": 0.0, "tag": "ffmpeg"}]
82.1	3	7697.9	7461.7	7674.6	23.3	0.0	[{"pid": 829214, "rss_mb": 7674.57421875, "pss_mb": 7442.75390625, "tag": "main"}, {"pid": 836103, "rss_mb": 23.2890625, "pss_mb": 18.966796875, "tag": "ffmpeg"}, {"pid": 836062, "rss_mb": 0.0, "pss_mb": 0.0, "tag": "ffmpeg"}]
87.4	3	7778.6	7694.7	7755.3	23.3	0.0	[{"pid": 829214, "rss_mb": 7755.26953125, "pss_mb": 7675.654296875, "tag": "main"}, {"pid": 836103, "rss_mb": 23.2890625, "pss_mb": 19.0, "tag": "ffmpeg"}, {"pid": 836062, "rss_mb": 0.0, "pss_mb": 0.0, "tag": "ffmpeg"}]
92.5	1	4494.4	4356.9	4494.4	0.0	0.0	[{"pid": 829214, "rss_mb": 4494.3984375, "pss_mb": 4356.8818359375, "tag": "main"}]
97.6	3	6253.6	6112.8	6236.3	17.2	0.0	[{"pid": 829214, "rss_mb": 6236.30078125, "pss_mb": 6100.0537109375, "tag": "main"}, {"pid": 838412, "rss_mb": 17.25, "pss_mb": 12.724609375, "tag": "ffmpeg"}, {"pid": 838370, "rss_mb": 0.0, "pss_mb": 0.0, "tag": "ffmpeg"}]
102.8	3	6260.2	6119.5	6236.4	23.8	0.0	[{"pid": 829214, "rss_mb": 6236.421875, "pss_mb": 6100.0927734375, "tag": "main"}, {"pid": 838412, "rss_mb": 23.82421875, "pss_mb": 19.3984375, "tag": "ffmpeg"}, {"pid": 838370, "rss_mb": 0.0, "pss_mb": 0.0, "tag": "ffmpeg"}]
107.9	3	6420.4	6279.6	6396.6	23.8	0.0	[{"pid": 829214, "rss_mb": 6396.5546875, "pss_mb": 6260.119140625, "tag": "main"}, {"pid": 838412, "rss_mb": 23.82421875, "pss_mb": 19.4765625, "tag": "ffmpeg"}, {"pid": 838370, "rss_mb": 0.0, "pss_mb": 0.0, "tag": "ffmpeg"}]
113.1	3	6325.8	6184.7	6302.0	23.8	0.0	[{"pid": 829214, "rss_mb": 6301.95703125, "pss_mb": 6165.1630859375, "tag": "main"}, {"pid": 838412, "rss_mb": 23.82421875, "pss_mb": 19.51953125, "tag": "ffmpeg"}, {"pid": 838370, "rss_mb": 0.0, "pss_mb": 0.0, "tag": "ffmpeg"}]
118.2	3	7178.8	7037.6	7161.6	17.1	0.0	[{"pid": 829214, "rss_mb": 7161.640625, "pss_mb": 7024.8916015625, "tag": "main"}, {"pid": 840165, "rss_mb": 17.125, "pss_mb": 12.7392578125, "tag": "ffmpeg"}, {"pid": 839989, "rss_mb": 0.0, "pss_mb": 0.0, "tag": "ffmpeg"}]
123.4	3	7185.4	7044.5	7161.5	23.9	0.0	[{"pid": 829214, "rss_mb": 7161.5078125, "pss_mb": 7024.8896484375, "tag": "main"}, {"pid": 840165, "rss_mb": 23.921875, "pss_mb": 19.5751953125, "tag": "ffmpeg"}, {"pid": 839989, "rss_mb": 0.0, "pss_mb": 0.0, "tag": "ffmpeg"}]
128.5	3	7217.6	7076.5	7193.7	23.9	0.0	[{"pid": 829214, "rss_mb": 7193.703125, "pss_mb": 7056.888671875, "tag": "main"}, {"pid": 840165, "rss_mb": 23.921875, "pss_mb": 19.6142578125, "tag": "ffmpeg"}, {"pid": 839989, "rss_mb": 0.0, "pss_mb": 0.0, "tag": "ffmpeg"}]
133.6	3	6922.9	6781.7	6899.0	23.9	0.0	[{"pid": 829214, "rss_mb": 6898.97265625, "pss_mb": 6762.056640625, "tag": "main"}, {"pid": 840165, "rss_mb": 23.921875, "pss_mb": 19.6806640625, "tag": "ffmpeg"}, {"pid": 839989, "rss_mb": 0.0, "pss_mb": 0.0, "tag": "ffmpeg"}]
138.8	3	7481.9	7351.4	7464.7	17.2	0.0	[{"pid": 829214, "rss_mb": 7464.66796875, "pss_mb": 7332.123046875, "tag": "main"}, {"pid": 841887, "rss_mb": 17.25, "pss_mb": 19.2373046875, "tag": "ffmpeg"}, {"pid": 841814, "rss_mb": 0.0, "pss_mb": 0.0, "tag": "ffmpeg"}]
144.0	3	7259.5	7118.6	7235.9	23.6	0.0	[{"pid": 829214, "rss_mb": 7235.921875, "pss_mb": 7099.2958984375, "tag": "main"}, {"pid": 841887, "rss_mb": 23.62109375, "pss_mb": 19.2880859375, "tag": "ffmpeg"}, {"pid": 841814, "rss_mb": 0.0, "pss_mb": 0.0, "tag": "ffmpeg"}]
149.1	3	5860.8	5719.7	5837.1	23.7	0.0	[{"pid": 829214, "rss_mb": 5837.08203125, "pss_mb": 5700.3330078125, "tag": "main"}, {"pid": 841887, "rss_mb": 23.74609375, "pss_mb": 19.3544921875, "tag": "ffmpeg"}, {"pid": 841814, "rss_mb": 0.0, "pss_mb": 0.0, "tag": "ffmpeg"}]
154.2	3	5532.7	5381.8	5442.1	90.6	0.0	[{"pid": 829214, "rss_mb": 5442.09375, "pss_mb": 5308.8369140625, "tag": "main"}, {"pid": 843581, "rss_mb": 73.13671875, "pss_mb": 64.47265625, "tag": "ffmpeg"}, {"pid": 843623, "rss_mb": 17.5, "pss_mb": 8.4873046875, "tag": "ffmpeg"}]
159.4	3	6737.9	6596.6	6720.4	17.5	0.0	[{"pid": 829214, "rss_mb": 6720.38671875, "pss_mb": 6583.666015625, "tag": "main"}, {"pid": 843623, "rss_mb": 17.5, "pss_mb": 12.9462890625, "tag": "ffmpeg"}, {"pid": 843581, "rss_mb": 0.0, "pss_mb": 0.0, "tag": "ffmpeg"}]
164.5	3	6743.8	6602.8	6720.3	23.5	0.0	[{"pid": 829214, "rss_mb": 6720.328125, "pss_mb": 6583.6669921875, "tag": "main"}, {"pid": 843623, "rss_mb": 23.50390625, "pss_mb": 19.095703125, "tag": "ffmpeg"}, {"pid": 843581, "rss_mb": 0.0, "pss_mb": 0.0, "tag": "ffmpeg"}]
169.7	3	6744.0	6602.8	6720.5	23.5	0.0	[{"pid": 829214, "rss_mb": 6720.54296875, "pss_mb": 6583.66796875, "tag": "main"}, {"pid": 843623, "rss_mb": 23.50390625, "pss_mb": 19.1220703125, "tag": "ffmpeg"}, {"pid": 843581, "rss_mb": 0.0, "pss_mb": 0.0, "tag": "ffmpeg"}]
174.8	3	8072.6	7920.4	7983.9	88.7	0.0	[{"pid": 829214, "rss_mb": 7983.87109375, "pss_mb": 7848.9580078125, "tag": "main"}, {"pid": 845158, "rss_mb": 71.49609375, "pss_mb": 63.1875, "tag": "ffmpeg"}, {"pid": 845200, "rss_mb": 17.25, "pss_mb": 8.27734375, "tag": "ffmpeg"}]
180.0	3	7787.5	7529.9	7763.7	23.8	0.0	[{"pid": 829214, "rss_mb": 7763.66796875, "pss_mb": 7510.662109375, "tag": "main"}, {"pid": 845200, "rss_mb": 23.8125, "pss_mb": 19.28125, "tag": "ffmpeg"}, {"pid": 845158, "rss_mb": 0.0, "pss_mb": 0.0, "tag": "ffmpeg"}]
185.2	3	7671.5	7530.2	7647.6	23.8	0.0	[{"pid": 829214, "rss_mb": 7647.64453125, "pss_mb": 7510.857421875, "tag": "main"}, {"pid": 845200, "rss_mb": 23.8125, "pss_mb": 19.298828125, "tag": "ffmpeg"}, {"pid": 845158, "rss_mb": 0.0, "pss_mb": 0.0, "tag": "ffmpeg"}]
190.3	3	7671.9	7530.5	7648.0	23.8	0.0	[{"pid": 829214, "rss_mb": 7648.0390625, "pss_mb": 7511.16796875, "tag": "main"}, {"pid": 845200, "rss_mb": 23.8125, "pss_mb": 19.322265625, "tag": "ffmpeg"}, {"pid": 845158, "rss_mb": 0.0, "pss_mb": 0.0, "tag": "ffmpeg"}]
195.5	3	7847.3	7582.7	7756.8	90.4	0.0	[{"pid": 829214, "rss_mb": 7756.84375, "pss_mb": 7509.55859375, "tag": "main"}, {"pid": 846970, "rss_mb": 73.17578125, "pss_mb": 64.720703125, "tag": "ffmpeg"}, {"pid": 847011, "rss_mb": 17.25, "pss_mb": 8.4208984375, "tag": "ffmpeg"}]
200.7	3	7934.3	7677.1	7910.5	23.8	0.0	[{"pid": 829214, "rss_mb": 7910.47265625, "pss_mb": 7657.4775390625, "tag": "main"}, {"pid": 847011, "rss_mb": 23.80078125, "pss_mb": 19.619140625, "tag": "ffmpeg"}, {"pid": 846970, "rss_mb": 0.0, "pss_mb": 0.0, "tag": "ffmpeg"}]
205.9	3	7817.7	7676.9	7793.9	23.8	0.0	[{"pid": 829214, "rss_mb": 7793.8984375, "pss_mb": 7657.26953125, "tag": "main"}, {"pid": 847011, "rss_mb": 23.80078125, "pss_mb": 19.6611328125, "tag": "ffmpeg"}, {"pid": 846970, "rss_mb": 0.0, "pss_mb": 0.0, "tag": "ffmpeg"}]
211.0	3	7817.9	7677.0	7794.1	23.8	0.0	[{"pid": 829214, "rss_mb": 7794.0703125, "pss_mb": 7657.26953125, "tag": "main"}, {"pid": 847011, "rss_mb": 23.80078125, "pss_mb": 19.7197265625, "tag": "ffmpeg"}, {"pid": 846970, "rss_mb": 0.0, "pss_mb": 0.0, "tag": "ffmpeg"}]
216.2	3	6663.9	6421.8	6573.0	90.8	0.0	[{"pid": 829214, "rss_mb": 6573.015625, "pss_mb": 6348.2431640625, "tag": "main"}, {"pid": 848940, "rss_mb": 73.33984375, "pss_mb": 65.0107421875, "tag": "ffmpeg"}, {"pid": 848992, "rss_mb": 17.5, "pss_mb": 8.51953125, "tag": "ffmpeg"}]
221.4	3	7657.4	7516.3	7633.3	24.1	0.0	[{"pid": 829214, "rss_mb": 7633.3125, "pss_mb": 7496.5029296875, "tag": "main"}, {"pid": 848992, "rss_mb": 24.078125, "pss_mb": 19.755859375, "tag": "ffmpeg"}, {"pid": 848940, "rss_mb": 0.0, "pss_mb": 0.0, "tag": "ffmpeg"}]
226.5	3	7657.5	7516.3	7633.5	24.1	0.0	[{"pid": 829214, "rss_mb": 7633.4609375, "pss_mb": 7496.5263671875, "tag": "main"}, {"pid": 848992, "rss_mb": 24.078125, "pss_mb": 19.810546875, "tag": "ffmpeg"}, {"pid": 848940, "rss_mb": 0.0, "pss_mb": 0.0, "tag": "ffmpeg"}]
231.7	3	7660.7	7519.5	7636.6	24.1	0.0	[{"pid": 829214, "rss_mb": 7636.5859375, "pss_mb": 7499.6162109375, "tag": "main"}, {"pid": 848992, "rss_mb": 24.078125, "pss_mb": 19.861328125, "tag": "ffmpeg"}, {"pid": 848940, "rss_mb": 0.0, "pss_mb": 0.0, "tag": "ffmpeg"}]
236.8	3	9437.9	9296.6	9420.5	17.4	0.0	[{"pid": 829214, "rss_mb": 9420.546875, "pss_mb": 9283.783203125, "tag": "main"}, {"pid": 850707, "rss_mb": 17.375, "pss_mb": 12.767578125, "tag": "ffmpeg"}, {"pid": 850665, "rss_mb": 0.0, "pss_mb": 0.0, "tag": "ffmpeg"}]
242.0	3	9444.9	9303.5	9420.7	24.2	0.0	[{"pid": 829214, "rss_mb": 9420.7109375, "pss_mb": 9283.7763671875, "tag": "main"}, {"pid": 850707, "rss_mb": 24.17578125, "pss_mb": 19.7314453125, "tag": "ffmpeg"}, {"pid": 850665, "rss_mb": 0.0, "pss_mb": 0.0, "tag": "ffmpeg"}]
247.2	3	9444.7	9303.5	9420.5	24.2	0.0	[{"pid": 829214, "rss_mb": 9420.4921875, "pss_mb": 9283.7763671875, "tag": "main"}, {"pid": 850707, "rss_mb": 24.17578125, "pss_mb": 19.7587890625, "tag": "ffmpeg"}, {"pid": 850665, "rss_mb": 0.0, "pss_mb": 0.0, "tag": "ffmpeg"}]
252.4	3	9470.1	9329.0	9445.9	24.2	0.0	[{"pid": 829214, "rss_mb": 9445.8828125, "pss_mb": 9309.2373046875, "tag": "main"}, {"pid": 850707, "rss_mb": 24.17578125, "pss_mb": 19.7626953125, "tag": "ffmpeg"}, {"pid": 850665, "rss_mb": 0.0, "pss_mb": 0.0, "tag": "ffmpeg"}]
257.5	3	9341.5	9200.1	9324.4	17.1	0.0	[{"pid": 829214, "rss_mb": 9324.4140625, "pss_mb": 9187.517578125, "tag": "main"}, {"pid": 852522, "rss_mb": 17.125, "pss_mb": 12.6220703125, "tag": "ffmpeg"}, {"pid": 852413, "rss_mb": 0.0, "pss_mb": 0.0, "tag": "ffmpeg"}]
262.7	3	9347.2	9206.0	9324.4	22.9	0.0	[{"pid": 829214, "rss_mb": 9324.37109375, "pss_mb": 9187.5244140625, "tag": "main"}, {"pid": 852522, "rss_mb": 22.8515625, "pss_mb": 18.505859375, "tag": "ffmpeg"}, {"pid": 852413, "rss_mb": 0.0, "pss_mb": 0.0, "tag": "ffmpeg"}]
267.9	3	9347.3	9206.1	9324.3	23.0	0.0	[{"pid": 829214, "rss_mb": 9324.28515625, "pss_mb": 9187.529296875, "tag": "main"}, {"pid": 852522, "rss_mb": 22.9765625, "pss_mb": 18.548828125, "tag": "ffmpeg"}, {"pid": 852413, "rss_mb": 0.0, "pss_mb": 0.0, "tag": "ffmpeg"}]
273.1	5	8509.9	8345.0	7991.0	518.9	0.0	[{"pid": 829214, "rss_mb": 7990.984375, "pss_mb": 7848.9365234375, "tag": "main"}, {"pid": 854127, "rss_mb": 145.76171875, "pss_mb": 124.923828125, "tag": "ffmpeg"}, {"pid": 854170, "rss_mb": 144.14453125, "pss_mb": 124.185546875, "tag": "ffmpeg"}, {"pid": 854171, "rss_mb": 143.70703125, "pss_mb": 124.20703125, "tag": "ffmpeg"}, {"pid": 854199, "rss_mb": 85.30078125, "pss_mb": 122.787109375, "tag": "ffmpeg"}]
278.2	1	8090.0	7953.5	8090.0	0.0	0.0	[{"pid": 829214, "rss_mb": 8090.03515625, "pss_mb": 7953.49609375, "tag": "main"}]
283.4	3	9015.9	8877.3	8922.4	93.5	0.0	[{"pid": 829214, "rss_mb": 8922.41015625, "pss_mb": 8801.1650390625, "tag": "main"}, {"pid": 855348, "rss_mb": 76.16015625, "pss_mb": 67.7158203125, "tag": "ffmpeg"}, {"pid": 855389, "rss_mb": 17.375, "pss_mb": 8.4404296875, "tag": "ffmpeg"}]
288.6	3	9336.2	9182.2	9240.3	95.9	0.0	[{"pid": 829214, "rss_mb": 9240.32421875, "pss_mb": 9103.6279296875, "tag": "main"}, {"pid": 855348, "rss_mb": 78.53515625, "pss_mb": 70.166015625, "tag": "ffmpeg"}, {"pid": 855389, "rss_mb": 17.375, "pss_mb": 8.4404296875, "tag": "ffmpeg"}]
293.8	3	9510.6	9356.6	9414.7	95.9	0.0	[{"pid": 829214, "rss_mb": 9414.68359375, "pss_mb": 9277.9462890625, "tag": "main"}, {"pid": 855348, "rss_mb": 78.53515625, "pss_mb": 70.2001953125, "tag": "ffmpeg"}, {"pid": 855389, "rss_mb": 17.375, "pss_mb": 8.4404296875, "tag": "ffmpeg"}]
299.0	3	9619.8	9444.7	9520.4	99.4	0.0	[{"pid": 829214, "rss_mb": 9520.390625, "pss_mb": 9362.5107421875, "tag": "main"}, {"pid": 855348, "rss_mb": 82.01953125, "pss_mb": 73.708984375, "tag": "ffmpeg"}, {"pid": 855389, "rss_mb": 17.375, "pss_mb": 8.4404296875, "tag": "ffmpeg"}]
304.2	3	9677.0	9595.8	9579.9	97.1	0.0	[{"pid": 829214, "rss_mb": 9579.8984375, "pss_mb": 9515.978515625, "tag": "main"}, {"pid": 855348, "rss_mb": 79.76171875, "pss_mb": 71.3486328125, "tag": "ffmpeg"}, {"pid": 855389, "rss_mb": 17.375, "pss_mb": 8.4404296875, "tag": "ffmpeg"}]
309.4	3	9879.7	9725.9	9783.7	96.1	0.0	[{"pid": 829214, "rss_mb": 9783.671875, "pss_mb": 9647.1357421875, "tag": "main"}, {"pid": 855348, "rss_mb": 78.69921875, "pss_mb": 70.322265625, "tag": "ffmpeg"}, {"pid": 855389, "rss_mb": 17.375, "pss_mb": 8.4404296875, "tag": "ffmpeg"}]
314.6	3	10014.6	9858.6	9913.2	101.4	0.0	[{"pid": 829214, "rss_mb": 9913.20703125, "pss_mb": 9776.71875, "tag": "main"}, {"pid": 855348, "rss_mb": 79.82421875, "pss_mb": 70.330078125, "tag": "ffmpeg"}, {"pid": 855389, "rss_mb": 21.59375, "pss_mb": 11.5498046875, "tag": "ffmpeg"}]
319.8	3	10036.9	9880.9	9936.5	100.4	0.0	[{"pid": 829214, "rss_mb": 9936.54296875, "pss_mb": 9800.12890625, "tag": "main"}, {"pid": 855348, "rss_mb": 78.7578125, "pss_mb": 69.216796875, "tag": "ffmpeg"}, {"pid": 855389, "rss_mb": 21.59375, "pss_mb": 11.5498046875, "tag": "ffmpeg"}]
325.0	3	10182.8	10026.9	10082.4	100.4	0.0	[{"pid": 829214, "rss_mb": 10082.44140625, "pss_mb": 9946.0263671875, "tag": "main"}, {"pid": 855348, "rss_mb": 78.8046875, "pss_mb": 69.3388671875, "tag": "ffmpeg"}, {"pid": 855389, "rss_mb": 21.59375, "pss_mb": 11.5478515625, "tag": "ffmpeg"}]
330.2	3	10292.8	10136.5	10194.6	98.2	0.0	[{"pid": 829214, "rss_mb": 10194.5703125, "pss_mb": 10057.9755859375, "tag": "main"}, {"pid": 855348, "rss_mb": 76.640625, "pss_mb": 66.951171875, "tag": "ffmpeg"}, {"pid": 855389, "rss_mb": 21.59375, "pss_mb": 11.53515625, "tag": "ffmpeg"}]
335.4	3	10251.4	10107.0	10150.8	100.6	0.0	[{"pid": 829214, "rss_mb": 10150.84375, "pss_mb": 10026.095703125, "tag": "main"}, {"pid": 855348, "rss_mb": 79.0, "pss_mb": 69.3291015625, "tag": "ffmpeg"}, {"pid": 855389, "rss_mb": 21.59375, "pss_mb": 11.541015625, "tag": "ffmpeg"}]
340.6	3	10357.2	10200.6	10255.2	101.9	0.0	[{"pid": 829214, "rss_mb": 10255.23046875, "pss_mb": 10118.544921875, "tag": "main"}, {"pid": 855348, "rss_mb": 80.21484375, "pss_mb": 70.38671875, "tag": "ffmpeg"}, {"pid": 855389, "rss_mb": 21.71875, "pss_mb": 11.630859375, "tag": "ffmpeg"}]
345.8	3	10467.4	10311.1	10369.1	98.3	0.0	[{"pid": 829214, "rss_mb": 10369.06640625, "pss_mb": 10232.462890625, "tag": "main"}, {"pid": 855348, "rss_mb": 76.59765625, "pss_mb": 66.9580078125, "tag": "ffmpeg"}, {"pid": 855389, "rss_mb": 21.71875, "pss_mb": 11.630859375, "tag": "ffmpeg"}]
351.0	3	10463.0	10306.5	10369.2	93.8	0.0	[{"pid": 829214, "rss_mb": 10369.1796875, "pss_mb": 10232.462890625, "tag": "main"}, {"pid": 855348, "rss_mb": 72.0546875, "pss_mb": 62.3759765625, "tag": "ffmpeg"}, {"pid": 855389, "rss_mb": 21.71875, "pss_mb": 11.630859375, "tag": "ffmpeg"}]
356.2	3	10505.1	10348.6	10409.1	96.0	0.0	[{"pid": 829214, "rss_mb": 10409.06640625, "pss_mb": 10272.4091796875, "tag": "main"}, {"pid": 855348, "rss_mb": 74.3046875, "pss_mb": 64.513671875, "tag": "ffmpeg"}, {"pid": 855389, "rss_mb": 21.71875, "pss_mb": 11.6396484375, "tag": "ffmpeg"}]
361.3	3	10579.3	10308.9	10483.2	96.1	0.0	[{"pid": 829214, "rss_mb": 10483.21875, "pss_mb": 10232.59765625, "tag": "main"}, {"pid": 855348, "rss_mb": 74.37109375, "pss_mb": 64.638671875, "tag": "ffmpeg"}, {"pid": 855389, "rss_mb": 21.71875, "pss_mb": 11.6513671875, "tag": "ffmpeg"}]
366.5	3	10587.4	10430.9	10486.7	100.7	0.0	[{"pid": 829214, "rss_mb": 10486.6875, "pss_mb": 10350.0078125, "tag": "main"}, {"pid": 855348, "rss_mb": 78.99609375, "pss_mb": 69.2685546875, "tag": "ffmpeg"}, {"pid": 855389, "rss_mb": 21.71875, "pss_mb": 11.6513671875, "tag": "ffmpeg"}]
371.7	3	10687.2	10530.8	10586.6	100.6	0.0	[{"pid": 829214, "rss_mb": 10586.5625, "pss_mb": 10449.91796875, "tag": "main"}, {"pid": 855348, "rss_mb": 78.87109375, "pss_mb": 69.263671875, "tag": "ffmpeg"}, {"pid": 855389, "rss_mb": 21.71875, "pss_mb": 11.6494140625, "tag": "ffmpeg"}]
376.9	3	10659.2	10502.8	10558.6	100.6	0.0	[{"pid": 829214, "rss_mb": 10558.5625, "pss_mb": 10421.927734375, "tag": "main"}, {"pid": 855348, "rss_mb": 78.87109375, "pss_mb": 69.2666015625, "tag": "ffmpeg"}, {"pid": 855389, "rss_mb": 21.71875, "pss_mb": 11.650390625, "tag": "ffmpeg"}]
382.1	3	10653.3	10497.0	10552.6	100.7	0.0	[{"pid": 829214, "rss_mb": 10552.58984375, "pss_mb": 10415.95703125, "tag": "main"}, {"pid": 855348, "rss_mb": 78.99609375, "pss_mb": 69.396484375, "tag": "ffmpeg"}, {"pid": 855389, "rss_mb": 21.71875, "pss_mb": 11.6513671875, "tag": "ffmpeg"}]
387.2	3	10700.1	10543.9	10600.5	99.6	0.0	[{"pid": 829214, "rss_mb": 10600.54296875, "pss_mb": 10464.0263671875, "tag": "main"}, {"pid": 855348, "rss_mb": 77.88671875, "pss_mb": 68.208984375, "tag": "ffmpeg"}, {"pid": 855389, "rss_mb": 21.71875, "pss_mb": 11.6591796875, "tag": "ffmpeg"}]
392.5	3	10676.0	10519.5	10578.7	97.3	0.0	[{"pid": 829214, "rss_mb": 10578.73828125, "pss_mb": 10442.0625, "tag": "main"}, {"pid": 855348, "rss_mb": 75.5703125, "pss_mb": 65.7568359375, "tag": "ffmpeg"}, {"pid": 855389, "rss_mb": 21.71875, "pss_mb": 11.6591796875, "tag": "ffmpeg"}]
397.7	3	10807.1	10650.7	10711.1	96.0	0.0	[{"pid": 829214, "rss_mb": 10711.1484375, "pss_mb": 10574.451171875, "tag": "main"}, {"pid": 855348, "rss_mb": 74.26171875, "pss_mb": 64.626953125, "tag": "ffmpeg"}, {"pid": 855389, "rss_mb": 21.71875, "pss_mb": 11.6591796875, "tag": "ffmpeg"}]
402.9	3	10881.3	10724.9	10785.0	96.3	0.0	[{"pid": 829214, "rss_mb": 10785.01953125, "pss_mb": 10648.36328125, "tag": "main"}, {"pid": 855348, "rss_mb": 74.578125, "pss_mb": 64.8740234375, "tag": "ffmpeg"}, {"pid": 855389, "rss_mb": 21.71875, "pss_mb": 11.6591796875, "tag": "ffmpeg"}]
408.1	3	10817.3	10661.2	10711.9	105.4	0.0	[{"pid": 829214, "rss_mb": 10711.91015625, "pss_mb": 10575.2763671875, "tag": "main"}, {"pid": 855348, "rss_mb": 83.703125, "pss_mb": 74.119140625, "tag": "ffmpeg"}, {"pid": 855389, "rss_mb": 21.71875, "pss_mb": 11.7607421875, "tag": "ffmpeg"}]
413.3	3	10838.8	10682.6	10733.3	105.5	0.0	[{"pid": 829214, "rss_mb": 10733.2890625, "pss_mb": 10596.67578125, "tag": "main"}, {"pid": 855348, "rss_mb": 83.828125, "pss_mb": 74.1279296875, "tag": "ffmpeg"}, {"pid": 855389, "rss_mb": 21.71875, "pss_mb": 11.7607421875, "tag": "ffmpeg"}]
418.6	2	10908.9	10767.8	10887.2	21.7	0.0	[{"pid": 829214, "rss_mb": 10887.1640625, "pss_mb": 10750.650390625, "tag": "main"}, {"pid": 855389, "rss_mb": 21.71875, "pss_mb": 17.181640625, "tag": "ffmpeg"}]
423.8	2	11064.7	10923.7	11043.0	21.7	0.0	[{"pid": 829214, "rss_mb": 11043.015625, "pss_mb": 10906.564453125, "tag": "main"}, {"pid": 855389, "rss_mb": 21.71875, "pss_mb": 17.181640625, "tag": "ffmpeg"}]
429.0	2	11011.9	10870.8	10990.1	21.7	0.0	[{"pid": 829214, "rss_mb": 10990.140625, "pss_mb": 10853.626953125, "tag": "main"}, {"pid": 855389, "rss_mb": 21.71875, "pss_mb": 17.181640625, "tag": "ffmpeg"}]
434.2	2	10972.5	10831.1	10950.7	21.8	0.0	[{"pid": 829214, "rss_mb": 10950.68359375, "pss_mb": 10813.787109375, "tag": "main"}, {"pid": 855389, "rss_mb": 21.84375, "pss_mb": 17.310546875, "tag": "ffmpeg"}]
439.4	2	11029.9	10888.7	11008.1	21.8	0.0	[{"pid": 829214, "rss_mb": 11008.0546875, "pss_mb": 10871.3916015625, "tag": "main"}, {"pid": 855389, "rss_mb": 21.84375, "pss_mb": 17.310546875, "tag": "ffmpeg"}]
444.6	2	11136.4	10995.1	11114.6	21.8	0.0	[{"pid": 829214, "rss_mb": 11114.5546875, "pss_mb": 10977.80859375, "tag": "main"}, {"pid": 855389, "rss_mb": 21.84375, "pss_mb": 17.310546875, "tag": "ffmpeg"}]
449.8	2	11240.3	11099.0	11218.4	21.8	0.0	[{"pid": 829214, "rss_mb": 11218.4296875, "pss_mb": 11081.7353515625, "tag": "main"}, {"pid": 855389, "rss_mb": 21.84375, "pss_mb": 17.310546875, "tag": "ffmpeg"}]
455.0	2	11201.9	11060.9	11180.1	21.8	0.0	[{"pid": 829214, "rss_mb": 11180.0625, "pss_mb": 11043.583984375, "tag": "main"}, {"pid": 855389, "rss_mb": 21.84375, "pss_mb": 17.318359375, "tag": "ffmpeg"}]
460.2	2	11307.3	11166.3	11285.4	21.8	0.0	[{"pid": 829214, "rss_mb": 11285.4375, "pss_mb": 11148.9677734375, "tag": "main"}, {"pid": 855389, "rss_mb": 21.84375, "pss_mb": 17.30859375, "tag": "ffmpeg"}]
465.4	2	11251.3	11110.3	11229.4	21.8	0.0	[{"pid": 829214, "rss_mb": 11229.4375, "pss_mb": 11092.9619140625, "tag": "main"}, {"pid": 855389, "rss_mb": 21.84375, "pss_mb": 17.3037109375, "tag": "ffmpeg"}]
470.6	2	9621.6	9480.4	9599.8	21.8	0.0	[{"pid": 829214, "rss_mb": 9599.796875, "pss_mb": 9463.0771484375, "tag": "main"}, {"pid": 855389, "rss_mb": 21.84375, "pss_mb": 17.34375, "tag": "ffmpeg"}]
475.9	2	9705.6	9564.4	9683.8	21.8	0.0	[{"pid": 829214, "rss_mb": 9683.78125, "pss_mb": 9547.0751953125, "tag": "main"}, {"pid": 855389, "rss_mb": 21.84375, "pss_mb": 17.3447265625, "tag": "ffmpeg"}]
481.0	2	9695.6	9554.4	9673.8	21.8	0.0	[{"pid": 829214, "rss_mb": 9673.78125, "pss_mb": 9537.07421875, "tag": "main"}, {"pid": 855389, "rss_mb": 21.84375, "pss_mb": 17.3564453125, "tag": "ffmpeg"}]
486.2	2	9643.6	9502.5	9621.8	21.8	0.0	[{"pid": 829214, "rss_mb": 9621.78125, "pss_mb": 9485.0869140625, "tag": "main"}, {"pid": 855389, "rss_mb": 21.84375, "pss_mb": 17.365234375, "tag": "ffmpeg"}]
491.4	2	9659.8	9518.5	9637.8	22.0	0.0	[{"pid": 829214, "rss_mb": 9637.78125, "pss_mb": 9501.083984375, "tag": "main"}, {"pid": 855389, "rss_mb": 21.96875, "pss_mb": 17.39453125, "tag": "ffmpeg"}]
496.5	2	7895.2	7753.9	7873.2	22.0	0.0	[{"pid": 829214, "rss_mb": 7873.203125, "pss_mb": 7736.4736328125, "tag": "main"}, {"pid": 855389, "rss_mb": 21.96875, "pss_mb": 17.400390625, "tag": "ffmpeg"}]
501.7	2	7895.2	7753.9	7873.2	22.0	0.0	[{"pid": 829214, "rss_mb": 7873.203125, "pss_mb": 7736.4775390625, "tag": "main"}, {"pid": 855389, "rss_mb": 21.96875, "pss_mb": 17.400390625, "tag": "ffmpeg"}]
506.8	3	8498.3	8344.3	8409.8	88.5	0.0	[{"pid": 829214, "rss_mb": 8409.76171875, "pss_mb": 8273.1171875, "tag": "main"}, {"pid": 873981, "rss_mb": 71.29296875, "pss_mb": 62.923828125, "tag": "ffmpeg"}, {"pid": 874035, "rss_mb": 17.25, "pss_mb": 8.2451171875, "tag": "ffmpeg"}]
512.0	3	8699.5	8545.4	8609.5	89.9	0.0	[{"pid": 829214, "rss_mb": 8609.54296875, "pss_mb": 8472.91796875, "tag": "main"}, {"pid": 873981, "rss_mb": 72.66796875, "pss_mb": 64.251953125, "tag": "ffmpeg"}, {"pid": 874035, "rss_mb": 17.25, "pss_mb": 8.2451171875, "tag": "ffmpeg"}]
517.2	3	8979.0	8830.5	8887.8	91.2	0.0	[{"pid": 829214, "rss_mb": 8887.79296875, "pss_mb": 8756.8232421875, "tag": "main"}, {"pid": 873981, "rss_mb": 73.91796875, "pss_mb": 65.4775390625, "tag": "ffmpeg"}, {"pid": 874035, "rss_mb": 17.25, "pss_mb": 8.2451171875, "tag": "ffmpeg"}]
522.4	3	9048.1	8894.1	8958.9	89.2	0.0	[{"pid": 829214, "rss_mb": 8958.94921875, "pss_mb": 8822.4560546875, "tag": "main"}, {"pid": 873981, "rss_mb": 71.9453125, "pss_mb": 63.3525390625, "tag": "ffmpeg"}, {"pid": 874035, "rss_mb": 17.25, "pss_mb": 8.2451171875, "tag": "ffmpeg"}]
527.6	3	9107.1	8952.8	9012.0	95.1	0.0	[{"pid": 829214, "rss_mb": 9012.03515625, "pss_mb": 8875.4677734375, "tag": "main"}, {"pid": 873981, "rss_mb": 77.83203125, "pss_mb": 69.1181640625, "tag": "ffmpeg"}, {"pid": 874035, "rss_mb": 17.25, "pss_mb": 8.2451171875, "tag": "ffmpeg"}]
532.7	3	9206.0	9051.7	9111.0	95.0	0.0	[{"pid": 829214, "rss_mb": 9111.03515625, "pss_mb": 8974.3740234375, "tag": "main"}, {"pid": 873981, "rss_mb": 77.7109375, "pss_mb": 69.1142578125, "tag": "ffmpeg"}, {"pid": 874035, "rss_mb": 17.25, "pss_mb": 8.2451171875, "tag": "ffmpeg"}]
537.9	3	9305.4	9151.2	9215.9	89.5	0.0	[{"pid": 829214, "rss_mb": 9215.87890625, "pss_mb": 9079.3203125, "tag": "main"}, {"pid": 873981, "rss_mb": 72.296875, "pss_mb": 63.611328125, "tag": "ffmpeg"}, {"pid": 874035, "rss_mb": 17.25, "pss_mb": 8.2451171875, "tag": "ffmpeg"}]
543.2	3	9486.5	9218.4	9388.0	98.5	0.0	[{"pid": 829214, "rss_mb": 9387.953125, "pss_mb": 9137.4072265625, "tag": "main"}, {"pid": 873981, "rss_mb": 81.29296875, "pss_mb": 72.73046875, "tag": "ffmpeg"}, {"pid": 874035, "rss_mb": 17.25, "pss_mb": 8.244140625, "tag": "ffmpeg"}]
548.3	3	9609.4	9455.1	9512.1	97.3	0.0	[{"pid": 829214, "rss_mb": 9512.12890625, "pss_mb": 9375.3173828125, "tag": "main"}, {"pid": 873981, "rss_mb": 80.046875, "pss_mb": 71.546875, "tag": "ffmpeg"}, {"pid": 874035, "rss_mb": 17.25, "pss_mb": 8.244140625, "tag": "ffmpeg"}]
553.5	3	9681.0	9517.5	9577.1	103.9	0.0	[{"pid": 829214, "rss_mb": 9577.1015625, "pss_mb": 9440.201171875, "tag": "main"}, {"pid": 873981, "rss_mb": 80.32421875, "pss_mb": 64.228515625, "tag": "ffmpeg"}, {"pid": 874035, "rss_mb": 23.56640625, "pss_mb": 13.044921875, "tag": "ffmpeg"}]
558.8	3	9858.2	9700.7	9754.5	103.7	0.0	[{"pid": 829214, "rss_mb": 9754.4765625, "pss_mb": 9617.572265625, "tag": "main"}, {"pid": 873981, "rss_mb": 80.15234375, "pss_mb": 70.04296875, "tag": "ffmpeg"}, {"pid": 874035, "rss_mb": 23.56640625, "pss_mb": 13.0517578125, "tag": "ffmpeg"}]
564.0	3	9956.2	9798.5	9852.4	103.8	0.0	[{"pid": 829214, "rss_mb": 9852.3515625, "pss_mb": 9715.408203125, "tag": "main"}, {"pid": 873981, "rss_mb": 80.28125, "pss_mb": 70.05078125, "tag": "ffmpeg"}, {"pid": 874035, "rss_mb": 23.56640625, "pss_mb": 13.0517578125, "tag": "ffmpeg"}]
569.2	3	10122.6	9964.9	10018.5	104.1	0.0	[{"pid": 829214, "rss_mb": 10018.4765625, "pss_mb": 9881.685546875, "tag": "main"}, {"pid": 873981, "rss_mb": 80.55078125, "pss_mb": 70.20703125, "tag": "ffmpeg"}, {"pid": 874035, "rss_mb": 23.56640625, "pss_mb": 13.0517578125, "tag": "ffmpeg"}]
574.4	3	10206.5	10051.3	10106.1	100.4	0.0	[{"pid": 829214, "rss_mb": 10106.125, "pss_mb": 9969.357421875, "tag": "main"}, {"pid": 873981, "rss_mb": 76.8203125, "pss_mb": 68.8876953125, "tag": "ffmpeg"}, {"pid": 874035, "rss_mb": 23.56640625, "pss_mb": 13.044921875, "tag": "ffmpeg"}]
579.7	3	10209.9	10052.3	10108.3	101.6	0.0	[{"pid": 829214, "rss_mb": 10108.296875, "pss_mb": 9971.408203125, "tag": "main"}, {"pid": 873981, "rss_mb": 78.078125, "pss_mb": 67.8359375, "tag": "ffmpeg"}, {"pid": 874035, "rss_mb": 23.56640625, "pss_mb": 13.0517578125, "tag": "ffmpeg"}]
584.8	3	10313.2	10155.9	10208.2	105.0	0.0	[{"pid": 829214, "rss_mb": 10208.21875, "pss_mb": 10071.408203125, "tag": "main"}, {"pid": 873981, "rss_mb": 81.4609375, "pss_mb": 71.39453125, "tag": "ffmpeg"}, {"pid": 874035, "rss_mb": 23.56640625, "pss_mb": 13.0634765625, "tag": "ffmpeg"}]
590.0	3	10509.6	10352.2	10408.2	101.5	0.0	[{"pid": 829214, "rss_mb": 10408.16015625, "pss_mb": 10271.318359375, "tag": "main"}, {"pid": 873981, "rss_mb": 77.91015625, "pss_mb": 67.8359375, "tag": "ffmpeg"}, {"pid": 874035, "rss_mb": 23.56640625, "pss_mb": 13.0634765625, "tag": "ffmpeg"}]
595.3	3	10490.9	10333.6	10388.4	102.5	0.0	[{"pid": 829214, "rss_mb": 10388.41015625, "pss_mb": 10251.6904296875, "tag": "main"}, {"pid": 873981, "rss_mb": 78.90625, "pss_mb": 68.8896484375, "tag": "ffmpeg"}, {"pid": 874035, "rss_mb": 23.56640625, "pss_mb": 13.0546875, "tag": "ffmpeg"}]
600.5	3	10609.9	10452.9	10509.8	100.1	0.0	[{"pid": 829214, "rss_mb": 10509.80859375, "pss_mb": 10373.302734375, "tag": "main"}, {"pid": 873981, "rss_mb": 76.53515625, "pss_mb": 66.513671875, "tag": "ffmpeg"}, {"pid": 874035, "rss_mb": 23.56640625, "pss_mb": 13.0546875, "tag": "ffmpeg"}]
605.6	2	10695.1	10554.0	10671.5	23.6	0.0	[{"pid": 829214, "rss_mb": 10671.515625, "pss_mb": 10534.9560546875, "tag": "main"}, {"pid": 874035, "rss_mb": 23.56640625, "pss_mb": 19.0302734375, "tag": "ffmpeg"}]
610.9	2	10809.1	10667.9	10785.5	23.6	0.0	[{"pid": 829214, "rss_mb": 10785.515625, "pss_mb": 10648.8671875, "tag": "main"}, {"pid": 874035, "rss_mb": 23.56640625, "pss_mb": 19.0751953125, "tag": "ffmpeg"}]
616.1	2	10962.8	10821.8	10939.3	23.6	0.0	[{"pid": 829214, "rss_mb": 10939.265625, "pss_mb": 10802.7744140625, "tag": "main"}, {"pid": 874035, "rss_mb": 23.56640625, "pss_mb": 19.0751953125, "tag": "ffmpeg"}]
621.3	2	10991.0	10849.9	10967.4	23.6	0.0	[{"pid": 829214, "rss_mb": 10967.390625, "pss_mb": 10830.783203125, "tag": "main"}, {"pid": 874035, "rss_mb": 23.56640625, "pss_mb": 19.083984375, "tag": "ffmpeg"}]
626.6	2	11108.8	10967.7	11085.3	23.6	0.0	[{"pid": 829214, "rss_mb": 11085.265625, "pss_mb": 10948.6005859375, "tag": "main"}, {"pid": 874035, "rss_mb": 23.56640625, "pss_mb": 19.083984375, "tag": "ffmpeg"}]
631.8	2	11296.8	11155.7	11273.1	23.7	0.0	[{"pid": 829214, "rss_mb": 11273.140625, "pss_mb": 11136.5107421875, "tag": "main"}, {"pid": 874035, "rss_mb": 23.69140625, "pss_mb": 19.228515625, "tag": "ffmpeg"}]
637.1	2	11323.5	11182.2	11299.8	23.7	0.0	[{"pid": 829214, "rss_mb": 11299.765625, "pss_mb": 11163.0146484375, "tag": "main"}, {"pid": 874035, "rss_mb": 23.69140625, "pss_mb": 19.228515625, "tag": "ffmpeg"}]
642.3	2	11437.3	11296.1	11413.6	23.7	0.0	[{"pid": 829214, "rss_mb": 11413.640625, "pss_mb": 11276.91796875, "tag": "main"}, {"pid": 874035, "rss_mb": 23.69140625, "pss_mb": 19.228515625, "tag": "ffmpeg"}]
647.5	2	11510.5	11374.4	11486.8	23.7	0.0	[{"pid": 829214, "rss_mb": 11486.7890625, "pss_mb": 11355.232421875, "tag": "main"}, {"pid": 874035, "rss_mb": 23.69140625, "pss_mb": 19.21484375, "tag": "ffmpeg"}]
652.7	2	10961.5	10820.4	10937.8	23.7	0.0	[{"pid": 829214, "rss_mb": 10937.84765625, "pss_mb": 10801.1123046875, "tag": "main"}, {"pid": 874035, "rss_mb": 23.69140625, "pss_mb": 19.248046875, "tag": "ffmpeg"}]
657.8	2	8463.6	8322.3	8439.9	23.7	0.0	[{"pid": 829214, "rss_mb": 8439.86328125, "pss_mb": 8302.9892578125, "tag": "main"}, {"pid": 874035, "rss_mb": 23.69140625, "pss_mb": 19.2880859375, "tag": "ffmpeg"}]
663.0	2	8463.6	8322.3	8439.9	23.7	0.0	[{"pid": 829214, "rss_mb": 8439.86328125, "pss_mb": 8302.994140625, "tag": "main"}, {"pid": 874035, "rss_mb": 23.69140625, "pss_mb": 19.291015625, "tag": "ffmpeg"}]
668.2	2	8519.5	8390.1	8445.9	73.6	0.0	[{"pid": 829214, "rss_mb": 8445.90625, "pss_mb": 8320.830078125, "tag": "main"}, {"pid": 888089, "rss_mb": 73.57421875, "pss_mb": 69.31640625, "tag": "ffmpeg"}]
673.4	3	9208.4	9053.7	9120.8	87.6	0.0	[{"pid": 829214, "rss_mb": 9120.78125, "pss_mb": 8983.724609375, "tag": "main"}, {"pid": 888089, "rss_mb": 70.3203125, "pss_mb": 61.626953125, "tag": "ffmpeg"}, {"pid": 888132, "rss_mb": 17.25, "pss_mb": 8.361328125, "tag": "ffmpeg"}]
678.5	3	9363.9	9209.6	9275.2	88.7	0.0	[{"pid": 829214, "rss_mb": 9275.2109375, "pss_mb": 9138.3837890625, "tag": "main"}, {"pid": 888089, "rss_mb": 71.4453125, "pss_mb": 62.8251953125, "tag": "ffmpeg"}, {"pid": 888132, "rss_mb": 17.25, "pss_mb": 8.361328125, "tag": "ffmpeg"}]
683.8	3	9505.9	9351.6	9412.5	93.4	0.0	[{"pid": 829214, "rss_mb": 9412.52734375, "pss_mb": 9275.5849609375, "tag": "main"}, {"pid": 888089, "rss_mb": 76.1328125, "pss_mb": 67.6044921875, "tag": "ffmpeg"}, {"pid": 888132, "rss_mb": 17.25, "pss_mb": 8.361328125, "tag": "ffmpeg"}]
689.1	3	9684.4	9529.7	9594.2	90.3	0.0	[{"pid": 829214, "rss_mb": 9594.15234375, "pss_mb": 9457.1962890625, "tag": "main"}, {"pid": 888089, "rss_mb": 73.0078125, "pss_mb": 64.1689453125, "tag": "ffmpeg"}, {"pid": 888132, "rss_mb": 17.25, "pss_mb": 8.361328125, "tag": "ffmpeg"}]
694.3	3	9747.0	9592.2	9655.5	91.5	0.0	[{"pid": 829214, "rss_mb": 9655.51953125, "pss_mb": 9518.3955078125, "tag": "main"}, {"pid": 888089, "rss_mb": 74.23828125, "pss_mb": 65.482421875, "tag": "ffmpeg"}, {"pid": 888132, "rss_mb": 17.25, "pss_mb": 8.361328125, "tag": "ffmpeg"}]
699.5	3	10021.0	9866.1	9922.5	98.4	0.0	[{"pid": 829214, "rss_mb": 9922.51953125, "pss_mb": 9785.3916015625, "tag": "main"}, {"pid": 888089, "rss_mb": 81.19140625, "pss_mb": 72.3525390625, "tag": "ffmpeg"}, {"pid": 888132, "rss_mb": 17.25, "pss_mb": 8.3603515625, "tag": "ffmpeg"}]
704.7	3	10079.6	9929.9	9985.8	93.8	0.0	[{"pid": 829214, "rss_mb": 9985.7734375, "pss_mb": 9853.7607421875, "tag": "main"}, {"pid": 888089, "rss_mb": 76.56640625, "pss_mb": 67.7373046875, "tag": "ffmpeg"}, {"pid": 888132, "rss_mb": 17.25, "pss_mb": 8.361328125, "tag": "ffmpeg"}]
710.0	3	10224.0	10069.2	10131.3	92.6	0.0	[{"pid": 829214, "rss_mb": 10131.328125, "pss_mb": 9994.2412109375, "tag": "main"}, {"pid": 888089, "rss_mb": 75.37890625, "pss_mb": 66.5498046875, "tag": "ffmpeg"}, {"pid": 888132, "rss_mb": 17.25, "pss_mb": 8.361328125, "tag": "ffmpeg"}]
715.2	3	10416.3	10257.1	10320.2	96.1	0.0	[{"pid": 829214, "rss_mb": 10320.203125, "pss_mb": 10183.1328125, "tag": "main"}, {"pid": 888089, "rss_mb": 78.875, "pss_mb": 65.599609375, "tag": "ffmpeg"}, {"pid": 888132, "rss_mb": 17.25, "pss_mb": 8.353515625, "tag": "ffmpeg"}]
720.4	3	10687.8	10533.2	10589.5	98.3	0.0	[{"pid": 829214, "rss_mb": 10589.453125, "pss_mb": 10452.4482421875, "tag": "main"}, {"pid": 888089, "rss_mb": 81.0859375, "pss_mb": 72.4267578125, "tag": "ffmpeg"}, {"pid": 888132, "rss_mb": 17.25, "pss_mb": 8.353515625, "tag": "ffmpeg"}]
725.6	3	10843.1	10688.5	10748.2	94.9	0.0	[{"pid": 829214, "rss_mb": 10748.25, "pss_mb": 10611.2236328125, "tag": "main"}, {"pid": 888089, "rss_mb": 77.61328125, "pss_mb": 68.9111328125, "tag": "ffmpeg"}, {"pid": 888132, "rss_mb": 17.25, "pss_mb": 8.345703125, "tag": "ffmpeg"}]
730.8	3	11006.7	10849.0	10905.6	101.1	0.0	[{"pid": 829214, "rss_mb": 10905.625, "pss_mb": 10768.634765625, "tag": "main"}, {"pid": 888089, "rss_mb": 77.9140625, "pss_mb": 67.4697265625, "tag": "ffmpeg"}, {"pid": 888132, "rss_mb": 23.13671875, "pss_mb": 12.853515625, "tag": "ffmpeg"}]
736.0	3	11092.5	10934.8	10994.8	97.7	0.0	[{"pid": 829214, "rss_mb": 10994.75, "pss_mb": 10857.8037109375, "tag": "main"}, {"pid": 888089, "rss_mb": 74.60546875, "pss_mb": 64.1572265625, "tag": "ffmpeg"}, {"pid": 888132, "rss_mb": 23.13671875, "pss_mb": 12.853515625, "tag": "ffmpeg"}]
741.2	3	11255.9	11098.2	11150.1	105.8	0.0	[{"pid": 829214, "rss_mb": 11150.125, "pss_mb": 11013.1962890625, "tag": "main"}, {"pid": 888089, "rss_mb": 82.62890625, "pss_mb": 72.1005859375, "tag": "ffmpeg"}, {"pid": 888132, "rss_mb": 23.13671875, "pss_mb": 12.861328125, "tag": "ffmpeg"}]
746.4	3	11425.9	11268.2	11322.5	103.4	0.0	[{"pid": 829214, "rss_mb": 11322.5, "pss_mb": 11185.5576171875, "tag": "main"}, {"pid": 888089, "rss_mb": 80.2421875, "pss_mb": 69.7314453125, "tag": "ffmpeg"}, {"pid": 888132, "rss_mb": 23.13671875, "pss_mb": 12.861328125, "tag": "ffmpeg"}]
751.7	3	11585.2	11427.3	11481.8	103.5	0.0	[{"pid": 829214, "rss_mb": 11481.75390625, "pss_mb": 11344.7119140625, "tag": "main"}, {"pid": 888089, "rss_mb": 80.3203125, "pss_mb": 69.7333984375, "tag": "ffmpeg"}, {"pid": 888132, "rss_mb": 23.13671875, "pss_mb": 12.861328125, "tag": "ffmpeg"}]
756.9	3	11775.2	11617.5	11675.3	99.9	0.0	[{"pid": 829214, "rss_mb": 11675.26171875, "pss_mb": 11538.375, "tag": "main"}, {"pid": 888089, "rss_mb": 76.76171875, "pss_mb": 66.3017578125, "tag": "ffmpeg"}, {"pid": 888132, "rss_mb": 23.13671875, "pss_mb": 12.86328125, "tag": "ffmpeg"}]
762.1	3	11867.2	11709.5	11768.3	98.9	0.0	[{"pid": 829214, "rss_mb": 11768.3203125, "pss_mb": 11631.3740234375, "tag": "main"}, {"pid": 888089, "rss_mb": 75.7421875, "pss_mb": 65.2412109375, "tag": "ffmpeg"}, {"pid": 888132, "rss_mb": 23.13671875, "pss_mb": 12.86328125, "tag": "ffmpeg"}]
767.3	3	12041.0	11883.7	11940.9	100.2	0.0	[{"pid": 829214, "rss_mb": 11940.859375, "pss_mb": 11804.27734375, "tag": "main"}, {"pid": 888089, "rss_mb": 76.92578125, "pss_mb": 66.4267578125, "tag": "ffmpeg"}, {"pid": 888132, "rss_mb": 23.26171875, "pss_mb": 12.9921875, "tag": "ffmpeg"}]
772.6	3	12054.0	11896.4	11950.4	103.6	0.0	[{"pid": 829214, "rss_mb": 11950.390625, "pss_mb": 11813.5078125, "tag": "main"}, {"pid": 888089, "rss_mb": 80.30078125, "pss_mb": 69.8603515625, "tag": "ffmpeg"}, {"pid": 888132, "rss_mb": 23.26171875, "pss_mb": 12.9921875, "tag": "ffmpeg"}]
777.9	3	12224.3	12070.7	12119.5	104.8	0.0	[{"pid": 829214, "rss_mb": 12119.515625, "pss_mb": 11986.6787109375, "tag": "main"}, {"pid": 888089, "rss_mb": 81.546875, "pss_mb": 71.04296875, "tag": "ffmpeg"}, {"pid": 888132, "rss_mb": 23.26171875, "pss_mb": 12.9921875, "tag": "ffmpeg"}]
783.1	3	12150.7	11991.7	12047.0	103.7	0.0	[{"pid": 829214, "rss_mb": 12046.9765625, "pss_mb": 11910.0, "tag": "main"}, {"pid": 888089, "rss_mb": 80.41796875, "pss_mb": 68.6806640625, "tag": "ffmpeg"}, {"pid": 888132, "rss_mb": 23.26171875, "pss_mb": 12.9921875, "tag": "ffmpeg"}]
788.4	3	12196.6	12038.9	12091.9	104.7	0.0	[{"pid": 829214, "rss_mb": 12091.8515625, "pss_mb": 11954.859375, "tag": "main"}, {"pid": 888089, "rss_mb": 81.484375, "pss_mb": 71.0439453125, "tag": "ffmpeg"}, {"pid": 888132, "rss_mb": 23.26171875, "pss_mb": 12.9970703125, "tag": "ffmpeg"}]
793.6	3	12236.1	12078.4	12132.6	103.5	0.0	[{"pid": 829214, "rss_mb": 12132.60546875, "pss_mb": 11995.658203125, "tag": "main"}, {"pid": 888089, "rss_mb": 80.2578125, "pss_mb": 69.736328125, "tag": "ffmpeg"}, {"pid": 888132, "rss_mb": 23.26171875, "pss_mb": 13.001953125, "tag": "ffmpeg"}]
798.8	3	12294.8	12137.4	12191.5	103.3	0.0	[{"pid": 829214, "rss_mb": 12191.5, "pss_mb": 12054.6455078125, "tag": "main"}, {"pid": 888089, "rss_mb": 80.0859375, "pss_mb": 69.744140625, "tag": "ffmpeg"}, {"pid": 888132, "rss_mb": 23.26171875, "pss_mb": 13.00390625, "tag": "ffmpeg"}]
804.1	3	12217.5	12060.0	12114.3	103.2	0.0	[{"pid": 829214, "rss_mb": 12114.2578125, "pss_mb": 11977.1611328125, "tag": "main"}, {"pid": 888089, "rss_mb": 79.96484375, "pss_mb": 69.7900390625, "tag": "ffmpeg"}, {"pid": 888132, "rss_mb": 23.26171875, "pss_mb": 13.01171875, "tag": "ffmpeg"}]
809.3	3	12219.1	12061.3	12119.0	100.0	0.0	[{"pid": 829214, "rss_mb": 12119.04296875, "pss_mb": 11981.9150390625, "tag": "main"}, {"pid": 888089, "rss_mb": 76.765625, "pss_mb": 66.3486328125, "tag": "ffmpeg"}, {"pid": 888132, "rss_mb": 23.26171875, "pss_mb": 13.01171875, "tag": "ffmpeg"}]
814.5	2	12144.2	12016.6	12120.9	23.3	0.0	[{"pid": 829214, "rss_mb": 12120.921875, "pss_mb": 11997.43359375, "tag": "main"}, {"pid": 888132, "rss_mb": 23.26171875, "pss_mb": 19.197265625, "tag": "ffmpeg"}]
819.8	2	12178.2	12037.4	12154.9	23.3	0.0	[{"pid": 829214, "rss_mb": 12154.9453125, "pss_mb": 12018.1435546875, "tag": "main"}, {"pid": 888132, "rss_mb": 23.26171875, "pss_mb": 19.248046875, "tag": "ffmpeg"}]
825.1	2	12218.2	12077.4	12194.9	23.3	0.0	[{"pid": 829214, "rss_mb": 12194.9453125, "pss_mb": 12058.15234375, "tag": "main"}, {"pid": 888132, "rss_mb": 23.26171875, "pss_mb": 19.248046875, "tag": "ffmpeg"}]
830.3	2	12214.2	12073.4	12191.0	23.3	0.0	[{"pid": 829214, "rss_mb": 12190.953125, "pss_mb": 12054.1318359375, "tag": "main"}, {"pid": 888132, "rss_mb": 23.26171875, "pss_mb": 19.2275390625, "tag": "ffmpeg"}]
835.5	2	12222.4	12087.3	12199.1	23.3	0.0	[{"pid": 829214, "rss_mb": 12199.140625, "pss_mb": 12068.0673828125, "tag": "main"}, {"pid": 888132, "rss_mb": 23.26171875, "pss_mb": 19.2255859375, "tag": "ffmpeg"}]
840.7	2	12142.5	12001.5	12119.2	23.3	0.0	[{"pid": 829214, "rss_mb": 12119.23046875, "pss_mb": 11982.208984375, "tag": "main"}, {"pid": 888132, "rss_mb": 23.26171875, "pss_mb": 19.24609375, "tag": "ffmpeg"}]
845.9	2	12106.5	11973.2	12083.3	23.3	0.0	[{"pid": 829214, "rss_mb": 12083.2578125, "pss_mb": 11953.9501953125, "tag": "main"}, {"pid": 888132, "rss_mb": 23.26171875, "pss_mb": 19.2470703125, "tag": "ffmpeg"}]
851.1	2	12134.6	11999.0	12111.4	23.3	0.0	[{"pid": 829214, "rss_mb": 12111.3671875, "pss_mb": 11979.794921875, "tag": "main"}, {"pid": 888132, "rss_mb": 23.26171875, "pss_mb": 19.25390625, "tag": "ffmpeg"}]
856.3	2	12162.6	12021.6	12139.4	23.3	0.0	[{"pid": 829214, "rss_mb": 12139.3671875, "pss_mb": 12002.2919921875, "tag": "main"}, {"pid": 888132, "rss_mb": 23.26171875, "pss_mb": 19.263671875, "tag": "ffmpeg"}]
861.5	2	12134.6	11993.5	12111.4	23.3	0.0	[{"pid": 829214, "rss_mb": 12111.37109375, "pss_mb": 11974.1767578125, "tag": "main"}, {"pid": 888132, "rss_mb": 23.26171875, "pss_mb": 19.291015625, "tag": "ffmpeg"}]
866.7	2	12146.6	12005.5	12123.4	23.3	0.0	[{"pid": 829214, "rss_mb": 12123.37109375, "pss_mb": 11986.203125, "tag": "main"}, {"pid": 888132, "rss_mb": 23.26171875, "pss_mb": 19.298828125, "tag": "ffmpeg"}]
871.9	2	12202.6	12061.5	12179.4	23.3	0.0	[{"pid": 829214, "rss_mb": 12179.37109375, "pss_mb": 12042.21875, "tag": "main"}, {"pid": 888132, "rss_mb": 23.26171875, "pss_mb": 19.310546875, "tag": "ffmpeg"}]
877.1	2	12122.9	11981.7	12099.5	23.4	0.0	[{"pid": 829214, "rss_mb": 12099.49609375, "pss_mb": 11962.3759765625, "tag": "main"}, {"pid": 888132, "rss_mb": 23.38671875, "pss_mb": 19.30859375, "tag": "ffmpeg"}]
882.3	2	11369.8	11228.6	11346.4	23.4	0.0	[{"pid": 829214, "rss_mb": 11346.43359375, "pss_mb": 11209.3037109375, "tag": "main"}, {"pid": 888132, "rss_mb": 23.38671875, "pss_mb": 19.318359375, "tag": "ffmpeg"}]
887.5	2	10741.7	10600.4	10718.3	23.4	0.0	[{"pid": 829214, "rss_mb": 10718.27734375, "pss_mb": 10581.1083984375, "tag": "main"}, {"pid": 888132, "rss_mb": 23.38671875, "pss_mb": 19.330078125, "tag": "ffmpeg"}]
892.7	2	10741.7	10600.4	10718.3	23.4	0.0	[{"pid": 829214, "rss_mb": 10718.27734375, "pss_mb": 10581.1083984375, "tag": "main"}, {"pid": 888132, "rss_mb": 23.38671875, "pss_mb": 19.330078125, "tag": "ffmpeg"}]
897.9	3	11348.4	11194.2	11257.8	90.6	0.0	[{"pid": 829214, "rss_mb": 11257.7578125, "pss_mb": 11120.6044921875, "tag": "main"}, {"pid": 907339, "rss_mb": 73.37890625, "pss_mb": 65.1650390625, "tag": "ffmpeg"}, {"pid": 907381, "rss_mb": 17.25, "pss_mb": 8.400390625, "tag": "ffmpeg"}]
903.2	3	11628.8	11474.6	11536.8	92.0	0.0	[{"pid": 829214, "rss_mb": 11536.7578125, "pss_mb": 11399.7880859375, "tag": "main"}, {"pid": 907339, "rss_mb": 74.75390625, "pss_mb": 66.4345703125, "tag": "ffmpeg"}, {"pid": 907381, "rss_mb": 17.25, "pss_mb": 8.400390625, "tag": "ffmpeg"}]
908.3	3	11664.2	11509.6	11571.7	92.5	0.0	[{"pid": 829214, "rss_mb": 11571.6640625, "pss_mb": 11434.470703125, "tag": "main"}, {"pid": 907339, "rss_mb": 75.26953125, "pss_mb": 66.6845703125, "tag": "ffmpeg"}, {"pid": 907381, "rss_mb": 17.25, "pss_mb": 8.400390625, "tag": "ffmpeg"}]
913.6	3	11831.8	11683.8	11735.9	95.9	0.0	[{"pid": 829214, "rss_mb": 11735.9140625, "pss_mb": 11605.296875, "tag": "main"}, {"pid": 907339, "rss_mb": 78.64453125, "pss_mb": 70.1484375, "tag": "ffmpeg"}, {"pid": 907381, "rss_mb": 17.25, "pss_mb": 8.392578125, "tag": "ffmpeg"}]
918.8	3	11927.4	11772.8	11831.5	95.9	0.0	[{"pid": 829214, "rss_mb": 11831.5390625, "pss_mb": 11694.205078125, "tag": "main"}, {"pid": 907339, "rss_mb": 78.66015625, "pss_mb": 70.2119140625, "tag": "ffmpeg"}, {"pid": 907381, "rss_mb": 17.25, "pss_mb": 8.400390625, "tag": "ffmpeg"}]
924.1	3	11953.8	11798.0	11856.6	97.2	0.0	[{"pid": 829214, "rss_mb": 11856.61328125, "pss_mb": 11719.2451171875, "tag": "main"}, {"pid": 907339, "rss_mb": 79.91015625, "pss_mb": 70.3447265625, "tag": "ffmpeg"}, {"pid": 907381, "rss_mb": 17.25, "pss_mb": 8.400390625, "tag": "ffmpeg"}]
929.4	3	12079.0	11924.3	11989.9	89.1	0.0	[{"pid": 829214, "rss_mb": 11989.87890625, "pss_mb": 11852.560546875, "tag": "main"}, {"pid": 907339, "rss_mb": 71.82421875, "pss_mb": 63.3486328125, "tag": "ffmpeg"}, {"pid": 907381, "rss_mb": 17.25, "pss_mb": 8.400390625, "tag": "ffmpeg"}]
934.6	3	12238.7	12084.4	12147.6	91.1	0.0	[{"pid": 829214, "rss_mb": 12147.63671875, "pss_mb": 12010.482421875, "tag": "main"}, {"pid": 907339, "rss_mb": 73.82421875, "pss_mb": 65.4736328125, "tag": "ffmpeg"}, {"pid": 907381, "rss_mb": 17.25, "pss_mb": 8.400390625, "tag": "ffmpeg"}]
939.8	3	12289.7	12135.0	12198.3	91.4	0.0	[{"pid": 829214, "rss_mb": 12198.26171875, "pss_mb": 12060.998046875, "tag": "main"}, {"pid": 907339, "rss_mb": 74.1875, "pss_mb": 65.5986328125, "tag": "ffmpeg"}, {"pid": 907381, "rss_mb": 17.25, "pss_mb": 8.400390625, "tag": "ffmpeg"}]
945.0	3	12313.5	12154.0	12212.5	101.0	0.0	[{"pid": 829214, "rss_mb": 12212.53515625, "pss_mb": 12075.2431640625, "tag": "main"}, {"pid": 907339, "rss_mb": 77.5625, "pss_mb": 65.3837890625, "tag": "ffmpeg"}, {"pid": 907381, "rss_mb": 23.43359375, "pss_mb": 13.337890625, "tag": "ffmpeg"}]
950.3	3	12361.7	12204.5	12258.4	103.2	0.0	[{"pid": 829214, "rss_mb": 12258.41015625, "pss_mb": 12121.14453125, "tag": "main"}, {"pid": 907339, "rss_mb": 79.8125, "pss_mb": 69.99609375, "tag": "ffmpeg"}, {"pid": 907381, "rss_mb": 23.43359375, "pss_mb": 13.3291015625, "tag": "ffmpeg"}]
955.5	3	12472.2	12315.1	12370.0	102.2	0.0	[{"pid": 829214, "rss_mb": 12370.03515625, "pss_mb": 12232.794921875, "tag": "main"}, {"pid": 907339, "rss_mb": 78.7578125, "pss_mb": 68.9375, "tag": "ffmpeg"}, {"pid": 907381, "rss_mb": 23.43359375, "pss_mb": 13.3212890625, "tag": "ffmpeg"}]
960.7	3	12507.8	12350.6	12410.0	97.8	0.0	[{"pid": 829214, "rss_mb": 12410.03515625, "pss_mb": 12272.84375, "tag": "main"}, {"pid": 907339, "rss_mb": 74.3515625, "pss_mb": 64.44140625, "tag": "ffmpeg"}, {"pid": 907381, "rss_mb": 23.43359375, "pss_mb": 13.3291015625, "tag": "ffmpeg"}]
965.9	3	12527.0	12369.8	12426.0	101.0	0.0	[{"pid": 829214, "rss_mb": 12426.03515625, "pss_mb": 12288.8486328125, "tag": "main"}, {"pid": 907339, "rss_mb": 77.5390625, "pss_mb": 67.62890625, "tag": "ffmpeg"}, {"pid": 907381, "rss_mb": 23.43359375, "pss_mb": 13.3369140625, "tag": "ffmpeg"}]
971.2	3	12491.1	12333.8	12390.0	101.0	0.0	[{"pid": 829214, "rss_mb": 12390.015625, "pss_mb": 12252.6923828125, "tag": "main"}, {"pid": 907339, "rss_mb": 77.6015625, "pss_mb": 67.7587890625, "tag": "ffmpeg"}, {"pid": 907381, "rss_mb": 23.43359375, "pss_mb": 13.345703125, "tag": "ffmpeg"}]
976.4	3	12663.4	12506.3	12555.4	108.0	0.0	[{"pid": 829214, "rss_mb": 12555.375, "pss_mb": 12418.22265625, "tag": "main"}, {"pid": 907339, "rss_mb": 84.6015625, "pss_mb": 74.7509765625, "tag": "ffmpeg"}, {"pid": 907381, "rss_mb": 23.43359375, "pss_mb": 13.345703125, "tag": "ffmpeg"}]
981.7	3	12759.8	12602.6	12654.0	105.7	0.0	[{"pid": 829214, "rss_mb": 12654.0390625, "pss_mb": 12516.71484375, "tag": "main"}, {"pid": 907339, "rss_mb": 82.3046875, "pss_mb": 72.5009765625, "tag": "ffmpeg"}, {"pid": 907381, "rss_mb": 23.43359375, "pss_mb": 13.345703125, "tag": "ffmpeg"}]
986.9	3	12650.5	12493.4	12540.2	110.3	0.0	[{"pid": 829214, "rss_mb": 12540.15625, "pss_mb": 12402.8203125, "tag": "main"}, {"pid": 907339, "rss_mb": 86.8671875, "pss_mb": 77.1181640625, "tag": "ffmpeg"}, {"pid": 907381, "rss_mb": 23.43359375, "pss_mb": 13.443359375, "tag": "ffmpeg"}]
992.1	2	12563.6	12422.0	12540.2	23.4	0.0	[{"pid": 829214, "rss_mb": 12540.15625, "pss_mb": 12402.87890625, "tag": "main"}, {"pid": 907381, "rss_mb": 23.43359375, "pss_mb": 19.1201171875, "tag": "ffmpeg"}]
997.4	2	12563.6	12422.0	12540.2	23.4	0.0	[{"pid": 829214, "rss_mb": 12540.15625, "pss_mb": 12402.896484375, "tag": "main"}, {"pid": 907381, "rss_mb": 23.43359375, "pss_mb": 19.1513671875, "tag": "ffmpeg"}]
1002.6	2	12772.3	12630.9	12748.9	23.4	0.0	[{"pid": 829214, "rss_mb": 12748.90625, "pss_mb": 12611.732421875, "tag": "main"}, {"pid": 907381, "rss_mb": 23.43359375, "pss_mb": 19.1513671875, "tag": "ffmpeg"}]
1007.9	2	12677.5	12536.0	12654.1	23.4	0.0	[{"pid": 829214, "rss_mb": 12654.08984375, "pss_mb": 12516.826171875, "tag": "main"}, {"pid": 907381, "rss_mb": 23.43359375, "pss_mb": 19.1591796875, "tag": "ffmpeg"}]
1013.1	2	12677.5	12536.0	12654.1	23.4	0.0	[{"pid": 829214, "rss_mb": 12654.08984375, "pss_mb": 12516.837890625, "tag": "main"}, {"pid": 907381, "rss_mb": 23.43359375, "pss_mb": 19.1591796875, "tag": "ffmpeg"}]
1018.3	2	12677.5	12536.0	12654.1	23.4	0.0	[{"pid": 829214, "rss_mb": 12654.10546875, "pss_mb": 12516.845703125, "tag": "main"}, {"pid": 907381, "rss_mb": 23.43359375, "pss_mb": 19.1591796875, "tag": "ffmpeg"}]
1023.5	2	12826.3	12684.8	12802.9	23.4	0.0	[{"pid": 829214, "rss_mb": 12802.85546875, "pss_mb": 12665.654296875, "tag": "main"}, {"pid": 907381, "rss_mb": 23.43359375, "pss_mb": 19.1513671875, "tag": "ffmpeg"}]
1028.7	2	12905.3	12763.9	12881.9	23.4	0.0	[{"pid": 829214, "rss_mb": 12881.85546875, "pss_mb": 12744.681640625, "tag": "main"}, {"pid": 907381, "rss_mb": 23.43359375, "pss_mb": 19.1708984375, "tag": "ffmpeg"}]
1033.9	2	12791.4	12650.0	12768.0	23.4	0.0	[{"pid": 829214, "rss_mb": 12767.98046875, "pss_mb": 12630.783203125, "tag": "main"}, {"pid": 907381, "rss_mb": 23.43359375, "pss_mb": 19.1708984375, "tag": "ffmpeg"}]
1039.1	2	12835.4	12707.8	12811.9	23.4	0.0	[{"pid": 829214, "rss_mb": 12811.91796875, "pss_mb": 12688.5830078125, "tag": "main"}, {"pid": 907381, "rss_mb": 23.43359375, "pss_mb": 19.1865234375, "tag": "ffmpeg"}]
1044.4	2	12785.6	12644.1	12762.2	23.4	0.0	[{"pid": 829214, "rss_mb": 12762.2109375, "pss_mb": 12624.8798828125, "tag": "main"}, {"pid": 907381, "rss_mb": 23.43359375, "pss_mb": 19.2138671875, "tag": "ffmpeg"}]
1049.5	2	11310.7	11169.1	11287.3	23.4	0.0	[{"pid": 829214, "rss_mb": 11287.29296875, "pss_mb": 11149.92578125, "tag": "main"}, {"pid": 907381, "rss_mb": 23.43359375, "pss_mb": 19.2138671875, "tag": "ffmpeg"}]
1054.7	2	11310.7	11169.1	11287.3	23.4	0.0	[{"pid": 829214, "rss_mb": 11287.29296875, "pss_mb": 11149.92578125, "tag": "main"}, {"pid": 907381, "rss_mb": 23.43359375, "pss_mb": 19.2138671875, "tag": "ffmpeg"}]
1060.0	3	11389.9	11235.4	11296.4	93.5	0.0	[{"pid": 829214, "rss_mb": 11296.36328125, "pss_mb": 11159.541015625, "tag": "main"}, {"pid": 921811, "rss_mb": 76.1640625, "pss_mb": 67.4814453125, "tag": "ffmpeg"}, {"pid": 921853, "rss_mb": 17.375, "pss_mb": 8.388671875, "tag": "ffmpeg"}]
1065.2	3	11556.7	11406.2	11465.7	91.1	0.0	[{"pid": 829214, "rss_mb": 11465.66015625, "pss_mb": 11332.6923828125, "tag": "main"}, {"pid": 921811, "rss_mb": 73.6875, "pss_mb": 65.14453125, "tag": "ffmpeg"}, {"pid": 921853, "rss_mb": 17.375, "pss_mb": 8.380859375, "tag": "ffmpeg"}]
1070.4	3	11819.5	11665.0	11722.4	97.1	0.0	[{"pid": 829214, "rss_mb": 11722.41015625, "pss_mb": 11585.5478515625, "tag": "main"}, {"pid": 921811, "rss_mb": 79.75, "pss_mb": 71.0751953125, "tag": "ffmpeg"}, {"pid": 921853, "rss_mb": 17.375, "pss_mb": 8.380859375, "tag": "ffmpeg"}]
1075.7	3	11880.3	11725.5	11783.1	97.2	0.0	[{"pid": 829214, "rss_mb": 11783.09765625, "pss_mb": 11646.0673828125, "tag": "main"}, {"pid": 921811, "rss_mb": 79.8125, "pss_mb": 71.091796875, "tag": "ffmpeg"}, {"pid": 921853, "rss_mb": 17.375, "pss_mb": 8.3818359375, "tag": "ffmpeg"}]
1080.9	3	12003.9	11849.4	11904.5	99.4	0.0	[{"pid": 829214, "rss_mb": 11904.4765625, "pss_mb": 11767.4677734375, "tag": "main"}, {"pid": 921811, "rss_mb": 82.0625, "pss_mb": 73.5205078125, "tag": "ffmpeg"}, {"pid": 921853, "rss_mb": 17.375, "pss_mb": 8.3818359375, "tag": "ffmpeg"}]
1086.1	3	11954.0	11800.2	11860.2	93.8	0.0	[{"pid": 829214, "rss_mb": 11860.2265625, "pss_mb": 11724.068359375, "tag": "main"}, {"pid": 921811, "rss_mb": 76.40234375, "pss_mb": 67.7216796875, "tag": "ffmpeg"}, {"pid": 921853, "rss_mb": 17.375, "pss_mb": 8.3818359375, "tag": "ffmpeg"}]
1091.3	3	12049.6	11895.0	11952.4	97.3	0.0	[{"pid": 829214, "rss_mb": 11952.35546875, "pss_mb": 11815.4345703125, "tag": "main"}, {"pid": 921811, "rss_mb": 79.90234375, "pss_mb": 71.1669921875, "tag": "ffmpeg"}, {"pid": 921853, "rss_mb": 17.375, "pss_mb": 8.390625, "tag": "ffmpeg"}]
1096.5	3	12172.1	12017.3	12072.4	99.7	0.0	[{"pid": 829214, "rss_mb": 12072.35546875, "pss_mb": 11935.419921875, "tag": "main"}, {"pid": 921811, "rss_mb": 82.34375, "pss_mb": 73.5380859375, "tag": "ffmpeg"}, {"pid": 921853, "rss_mb": 17.375, "pss_mb": 8.390625, "tag": "ffmpeg"}]
1101.8	3	12114.5	11956.9	12010.9	103.6	0.0	[{"pid": 829214, "rss_mb": 12010.85546875, "pss_mb": 11873.96484375, "tag": "main"}, {"pid": 921811, "rss_mb": 79.96484375, "pss_mb": 69.6689453125, "tag": "ffmpeg"}, {"pid": 921853, "rss_mb": 23.6796875, "pss_mb": 13.216796875, "tag": "ffmpeg"}]
1107.0	3	12224.9	12067.3	12124.7	100.2	0.0	[{"pid": 829214, "rss_mb": 12124.73828125, "pss_mb": 11987.8876953125, "tag": "main"}, {"pid": 921811, "rss_mb": 76.53125, "pss_mb": 66.2353515625, "tag": "ffmpeg"}, {"pid": 921853, "rss_mb": 23.6796875, "pss_mb": 13.216796875, "tag": "ffmpeg"}]
1112.2	3	12343.4	12185.9	12238.7	104.7	0.0	[{"pid": 829214, "rss_mb": 12238.69140625, "pss_mb": 12101.806640625, "tag": "main"}, {"pid": 921811, "rss_mb": 81.02734375, "pss_mb": 70.8681640625, "tag": "ffmpeg"}, {"pid": 921853, "rss_mb": 23.6796875, "pss_mb": 13.216796875, "tag": "ffmpeg"}]
1117.5	3	12434.1	12276.6	12332.9	101.2	0.0	[{"pid": 829214, "rss_mb": 12332.92578125, "pss_mb": 12195.9736328125, "tag": "main"}, {"pid": 921811, "rss_mb": 77.48046875, "pss_mb": 67.4306640625, "tag": "ffmpeg"}, {"pid": 921853, "rss_mb": 23.6796875, "pss_mb": 13.216796875, "tag": "ffmpeg"}]
1122.8	3	12461.2	12303.5	12362.3	98.9	0.0	[{"pid": 829214, "rss_mb": 12362.30078125, "pss_mb": 12225.234375, "tag": "main"}, {"pid": 921811, "rss_mb": 75.23828125, "pss_mb": 65.0595703125, "tag": "ffmpeg"}, {"pid": 921853, "rss_mb": 23.6796875, "pss_mb": 13.224609375, "tag": "ffmpeg"}]
1128.1	3	12507.4	12344.9	12404.9	102.5	0.0	[{"pid": 829214, "rss_mb": 12404.92578125, "pss_mb": 12267.96875, "tag": "main"}, {"pid": 921811, "rss_mb": 78.796875, "pss_mb": 63.7509765625, "tag": "ffmpeg"}, {"pid": 921853, "rss_mb": 23.6796875, "pss_mb": 13.224609375, "tag": "ffmpeg"}]
1133.3	3	12591.1	12433.5	12494.6	96.5	0.0	[{"pid": 829214, "rss_mb": 12494.61328125, "pss_mb": 12357.587890625, "tag": "main"}, {"pid": 921811, "rss_mb": 72.85546875, "pss_mb": 62.6884765625, "tag": "ffmpeg"}, {"pid": 921853, "rss_mb": 23.6796875, "pss_mb": 13.224609375, "tag": "ffmpeg"}]
1138.6	3	12661.3	12519.8	12562.6	98.7	0.0	[{"pid": 829214, "rss_mb": 12562.61328125, "pss_mb": 12441.6015625, "tag": "main"}, {"pid": 921811, "rss_mb": 74.98046875, "pss_mb": 64.9345703125, "tag": "ffmpeg"}, {"pid": 921853, "rss_mb": 23.6796875, "pss_mb": 13.224609375, "tag": "ffmpeg"}]
1143.8	3	12673.5	12521.9	12574.6	98.9	0.0	[{"pid": 829214, "rss_mb": 12574.625, "pss_mb": 12443.6025390625, "tag": "main"}, {"pid": 921811, "rss_mb": 75.203125, "pss_mb": 65.052734375, "tag": "ffmpeg"}, {"pid": 921853, "rss_mb": 23.6796875, "pss_mb": 13.23046875, "tag": "ffmpeg"}]
1149.1	3	12567.9	12409.1	12466.8	101.1	0.0	[{"pid": 829214, "rss_mb": 12466.75, "pss_mb": 12329.6484375, "tag": "main"}, {"pid": 921811, "rss_mb": 77.453125, "pss_mb": 66.2470703125, "tag": "ffmpeg"}, {"pid": 921853, "rss_mb": 23.6796875, "pss_mb": 13.236328125, "tag": "ffmpeg"}]
1154.3	3	12546.3	12389.0	12444.1	102.2	0.0	[{"pid": 829214, "rss_mb": 12444.14453125, "pss_mb": 12307.1611328125, "tag": "main"}, {"pid": 921811, "rss_mb": 78.515625, "pss_mb": 68.6220703125, "tag": "ffmpeg"}, {"pid": 921853, "rss_mb": 23.6796875, "pss_mb": 13.236328125, "tag": "ffmpeg"}]
1159.5	3	12620.3	12462.8	12520.4	99.9	0.0	[{"pid": 829214, "rss_mb": 12520.39453125, "pss_mb": 12383.3505859375, "tag": "main"}, {"pid": 921811, "rss_mb": 76.26953125, "pss_mb": 66.2392578125, "tag": "ffmpeg"}, {"pid": 921853, "rss_mb": 23.6796875, "pss_mb": 13.23046875, "tag": "ffmpeg"}]
1164.8	3	12686.3	12415.1	12580.7	105.6	0.0	[{"pid": 829214, "rss_mb": 12580.73046875, "pss_mb": 12329.7509765625, "tag": "main"}, {"pid": 921811, "rss_mb": 81.89453125, "pss_mb": 72.056640625, "tag": "ffmpeg"}, {"pid": 921853, "rss_mb": 23.6796875, "pss_mb": 13.314453125, "tag": "ffmpeg"}]
1170.0	3	12560.5	12402.6	12466.9	93.7	0.0	[{"pid": 829214, "rss_mb": 12466.85546875, "pss_mb": 12329.7578125, "tag": "main"}, {"pid": 921811, "rss_mb": 69.98828125, "pss_mb": 59.5419921875, "tag": "ffmpeg"}, {"pid": 921853, "rss_mb": 23.6796875, "pss_mb": 13.314453125, "tag": "ffmpeg"}]
1175.2	2	12510.5	12369.0	12486.9	23.7	0.0	[{"pid": 829214, "rss_mb": 12486.859375, "pss_mb": 12349.720703125, "tag": "main"}, {"pid": 921853, "rss_mb": 23.6796875, "pss_mb": 19.27734375, "tag": "ffmpeg"}]
1180.4	2	12550.5	12409.0	12526.9	23.7	0.0	[{"pid": 829214, "rss_mb": 12526.859375, "pss_mb": 12389.7255859375, "tag": "main"}, {"pid": 921853, "rss_mb": 23.6796875, "pss_mb": 19.27734375, "tag": "ffmpeg"}]
1185.7	2	12546.7	12405.1	12522.9	23.8	0.0	[{"pid": 829214, "rss_mb": 12522.859375, "pss_mb": 12385.732421875, "tag": "main"}, {"pid": 921853, "rss_mb": 23.8046875, "pss_mb": 19.3515625, "tag": "ffmpeg"}]
1190.9	2	12586.7	12445.1	12562.9	23.8	0.0	[{"pid": 829214, "rss_mb": 12562.859375, "pss_mb": 12425.748046875, "tag": "main"}, {"pid": 921853, "rss_mb": 23.8046875, "pss_mb": 19.3515625, "tag": "ffmpeg"}]
1196.1	2	12500.3	12358.7	12476.5	23.8	0.0	[{"pid": 829214, "rss_mb": 12476.484375, "pss_mb": 12339.333984375, "tag": "main"}, {"pid": 921853, "rss_mb": 23.8046875, "pss_mb": 19.3515625, "tag": "ffmpeg"}]
1201.3	2	12632.5	12491.1	12608.7	23.8	0.0	[{"pid": 829214, "rss_mb": 12608.734375, "pss_mb": 12471.6923828125, "tag": "main"}, {"pid": 921853, "rss_mb": 23.8046875, "pss_mb": 19.361328125, "tag": "ffmpeg"}]
1206.5	2	12736.5	12595.1	12712.7	23.8	0.0	[{"pid": 829214, "rss_mb": 12712.734375, "pss_mb": 12575.701171875, "tag": "main"}, {"pid": 921853, "rss_mb": 23.8046875, "pss_mb": 19.369140625, "tag": "ffmpeg"}]
1211.7	2	12846.5	12705.1	12822.7	23.8	0.0	[{"pid": 829214, "rss_mb": 12822.734375, "pss_mb": 12685.7177734375, "tag": "main"}, {"pid": 921853, "rss_mb": 23.8046875, "pss_mb": 19.369140625, "tag": "ffmpeg"}]
1216.9	2	12141.0	11999.3	12117.2	23.8	0.0	[{"pid": 829214, "rss_mb": 12117.16796875, "pss_mb": 11979.9208984375, "tag": "main"}, {"pid": 921853, "rss_mb": 23.8046875, "pss_mb": 19.392578125, "tag": "ffmpeg"}]
1222.1	2	12055.6	11930.6	12031.8	23.8	0.0	[{"pid": 829214, "rss_mb": 12031.7734375, "pss_mb": 11911.2294921875, "tag": "main"}, {"pid": 921853, "rss_mb": 23.8046875, "pss_mb": 19.412109375, "tag": "ffmpeg"}]
1227.3	2	10852.2	10710.5	10828.4	23.8	0.0	[{"pid": 829214, "rss_mb": 10828.421875, "pss_mb": 10691.0888671875, "tag": "main"}, {"pid": 921853, "rss_mb": 23.8046875, "pss_mb": 19.423828125, "tag": "ffmpeg"}]
1232.5	2	10852.2	10710.5	10828.4	23.8	0.0	[{"pid": 829214, "rss_mb": 10828.421875, "pss_mb": 10691.0888671875, "tag": "main"}, {"pid": 921853, "rss_mb": 23.8046875, "pss_mb": 19.423828125, "tag": "ffmpeg"}]
1237.7	2	10910.8	10763.6	10715.8	195.0	0.0	[{"pid": 829214, "rss_mb": 10715.76953125, "pss_mb": 10575.6259765625, "tag": "main"}, {"pid": 936996, "rss_mb": 195.0078125, "pss_mb": 187.94140625, "tag": "ffmpeg"}]
1243.0	3	11527.6	11373.6	11437.1	90.5	0.0	[{"pid": 829214, "rss_mb": 11437.09375, "pss_mb": 11300.1484375, "tag": "main"}, {"pid": 937124, "rss_mb": 73.41015625, "pss_mb": 65.107421875, "tag": "ffmpeg"}, {"pid": 937166, "rss_mb": 17.125, "pss_mb": 8.322265625, "tag": "ffmpeg"}]
1248.2	3	11752.4	11598.3	11661.9	90.5	0.0	[{"pid": 829214, "rss_mb": 11661.8828125, "pss_mb": 11524.8984375, "tag": "main"}, {"pid": 937124, "rss_mb": 73.41015625, "pss_mb": 65.1103515625, "tag": "ffmpeg"}, {"pid": 937166, "rss_mb": 17.125, "pss_mb": 8.322265625, "tag": "ffmpeg"}]
1253.4	3	11931.8	11777.6	11839.8	92.0	0.0	[{"pid": 829214, "rss_mb": 11839.7578125, "pss_mb": 11702.7763671875, "tag": "main"}, {"pid": 937124, "rss_mb": 74.921875, "pss_mb": 66.4697265625, "tag": "ffmpeg"}, {"pid": 937166, "rss_mb": 17.125, "pss_mb": 8.322265625, "tag": "ffmpeg"}]
1258.6	3	12001.6	11847.5	11905.1	96.5	0.0	[{"pid": 829214, "rss_mb": 11905.1328125, "pss_mb": 11768.04296875, "tag": "main"}, {"pid": 937124, "rss_mb": 79.34375, "pss_mb": 71.0947265625, "tag": "ffmpeg"}, {"pid": 937166, "rss_mb": 17.125, "pss_mb": 8.322265625, "tag": "ffmpeg"}]
1263.8	3	12117.1	11962.7	12019.0	98.1	0.0	[{"pid": 829214, "rss_mb": 12019.01171875, "pss_mb": 11881.966796875, "tag": "main"}, {"pid": 937124, "rss_mb": 80.9296875, "pss_mb": 72.4150390625, "tag": "ffmpeg"}, {"pid": 937166, "rss_mb": 17.125, "pss_mb": 8.322265625, "tag": "ffmpeg"}]
1269.0	3	12266.5	12112.3	12166.3	100.2	0.0	[{"pid": 829214, "rss_mb": 12166.265625, "pss_mb": 12029.30078125, "tag": "main"}, {"pid": 937124, "rss_mb": 83.11328125, "pss_mb": 74.6689453125, "tag": "ffmpeg"}, {"pid": 937166, "rss_mb": 17.125, "pss_mb": 8.322265625, "tag": "ffmpeg"}]
1274.3	3	12349.2	12195.2	12246.8	102.4	0.0	[{"pid": 829214, "rss_mb": 12246.78125, "pss_mb": 12109.8466796875, "tag": "main"}, {"pid": 937124, "rss_mb": 85.3046875, "pss_mb": 77.0400390625, "tag": "ffmpeg"}, {"pid": 937166, "rss_mb": 17.125, "pss_mb": 8.322265625, "tag": "ffmpeg"}]
1279.6	3	12509.5	12355.6	12408.2	101.4	0.0	[{"pid": 829214, "rss_mb": 12408.15625, "pss_mb": 12271.193359375, "tag": "main"}, {"pid": 937124, "rss_mb": 84.25, "pss_mb": 76.0830078125, "tag": "ffmpeg"}, {"pid": 937166, "rss_mb": 17.125, "pss_mb": 8.3193359375, "tag": "ffmpeg"}]
1284.8	3	12442.4	12288.1	12337.0	105.4	0.0	[{"pid": 829214, "rss_mb": 12337.03515625, "pss_mb": 12200.0546875, "tag": "main"}, {"pid": 937124, "rss_mb": 88.2578125, "pss_mb": 79.7275390625, "tag": "ffmpeg"}, {"pid": 937166, "rss_mb": 17.125, "pss_mb": 8.322265625, "tag": "ffmpeg"}]
1290.1	3	12460.0	12303.0	12350.9	109.1	0.0	[{"pid": 829214, "rss_mb": 12350.91015625, "pss_mb": 12213.970703125, "tag": "main"}, {"pid": 937124, "rss_mb": 85.96875, "pss_mb": 76.0224609375, "tag": "ffmpeg"}, {"pid": 937166, "rss_mb": 23.1484375, "pss_mb": 13.05078125, "tag": "ffmpeg"}]
1295.4	3	12543.6	12386.6	12434.7	108.9	0.0	[{"pid": 829214, "rss_mb": 12434.66015625, "pss_mb": 12297.693359375, "tag": "main"}, {"pid": 937124, "rss_mb": 85.7421875, "pss_mb": 75.900390625, "tag": "ffmpeg"}, {"pid": 937166, "rss_mb": 23.1484375, "pss_mb": 13.0419921875, "tag": "ffmpeg"}]
1300.7	3	12573.9	12417.0	12462.7	111.2	0.0	[{"pid": 829214, "rss_mb": 12462.66015625, "pss_mb": 12325.7021484375, "tag": "main"}, {"pid": 937124, "rss_mb": 88.05859375, "pss_mb": 78.263671875, "tag": "ffmpeg"}, {"pid": 937166, "rss_mb": 23.1484375, "pss_mb": 13.0419921875, "tag": "ffmpeg"}]
1305.9	3	12474.8	12317.7	12370.4	104.4	0.0	[{"pid": 829214, "rss_mb": 12370.37890625, "pss_mb": 12233.2978515625, "tag": "main"}, {"pid": 937124, "rss_mb": 81.25390625, "pss_mb": 71.408203125, "tag": "ffmpeg"}, {"pid": 937166, "rss_mb": 23.1484375, "pss_mb": 13.0419921875, "tag": "ffmpeg"}]
1311.1	3	12613.6	12456.6	12504.7	109.0	0.0	[{"pid": 829214, "rss_mb": 12504.67578125, "pss_mb": 12367.6484375, "tag": "main"}, {"pid": 937124, "rss_mb": 85.8203125, "pss_mb": 75.912109375, "tag": "ffmpeg"}, {"pid": 937166, "rss_mb": 23.1484375, "pss_mb": 13.0498046875, "tag": "ffmpeg"}]
1316.3	3	12694.7	12540.7	12585.8	108.9	0.0	[{"pid": 829214, "rss_mb": 12585.75, "pss_mb": 12451.6728515625, "tag": "main"}, {"pid": 937124, "rss_mb": 85.76171875, "pss_mb": 75.9208984375, "tag": "ffmpeg"}, {"pid": 937166, "rss_mb": 23.1484375, "pss_mb": 13.05859375, "tag": "ffmpeg"}]
1321.5	3	12700.2	12543.0	12588.8	111.4	0.0	[{"pid": 829214, "rss_mb": 12588.75, "pss_mb": 12451.6533203125, "tag": "main"}, {"pid": 937124, "rss_mb": 88.26171875, "pss_mb": 78.2841796875, "tag": "ffmpeg"}, {"pid": 937166, "rss_mb": 23.1484375, "pss_mb": 13.0537109375, "tag": "ffmpeg"}]
1326.7	3	12585.0	12428.0	12474.9	110.2	0.0	[{"pid": 829214, "rss_mb": 12474.875, "pss_mb": 12337.779296875, "tag": "main"}, {"pid": 937124, "rss_mb": 87.0234375, "pss_mb": 77.1044921875, "tag": "ffmpeg"}, {"pid": 937166, "rss_mb": 23.1484375, "pss_mb": 13.1015625, "tag": "ffmpeg"}]
1332.0	2	12440.3	12304.4	12417.2	23.1	0.0	[{"pid": 829214, "rss_mb": 12417.19140625, "pss_mb": 12285.646484375, "tag": "main"}, {"pid": 937166, "rss_mb": 23.1484375, "pss_mb": 18.7314453125, "tag": "ffmpeg"}]
1337.2	2	12580.0	12453.6	12556.9	23.1	0.0	[{"pid": 829214, "rss_mb": 12556.8515625, "pss_mb": 12434.826171875, "tag": "main"}, {"pid": 937166, "rss_mb": 23.1484375, "pss_mb": 18.7314453125, "tag": "ffmpeg"}]
1342.4	2	12611.9	12470.5	12588.8	23.1	0.0	[{"pid": 829214, "rss_mb": 12588.77734375, "pss_mb": 12451.7841796875, "tag": "main"}, {"pid": 937166, "rss_mb": 23.1484375, "pss_mb": 18.7314453125, "tag": "ffmpeg"}]
1347.7	2	12816.2	12674.6	12793.0	23.1	0.0	[{"pid": 829214, "rss_mb": 12793.015625, "pss_mb": 12655.8798828125, "tag": "main"}, {"pid": 937166, "rss_mb": 23.1484375, "pss_mb": 18.7314453125, "tag": "ffmpeg"}]
1352.9	2	12725.9	12584.5	12702.7	23.1	0.0	[{"pid": 829214, "rss_mb": 12702.73046875, "pss_mb": 12565.7119140625, "tag": "main"}, {"pid": 937166, "rss_mb": 23.1484375, "pss_mb": 18.7392578125, "tag": "ffmpeg"}]
1358.2	2	12771.8	12630.4	12748.6	23.1	0.0	[{"pid": 829214, "rss_mb": 12748.60546875, "pss_mb": 12611.623046875, "tag": "main"}, {"pid": 937166, "rss_mb": 23.1484375, "pss_mb": 18.7275390625, "tag": "ffmpeg"}]
1363.5	2	12839.9	12698.4	12816.7	23.1	0.0	[{"pid": 829214, "rss_mb": 12816.73046875, "pss_mb": 12679.642578125, "tag": "main"}, {"pid": 937166, "rss_mb": 23.1484375, "pss_mb": 18.7392578125, "tag": "ffmpeg"}]
1368.7	2	12839.9	12698.4	12816.7	23.1	0.0	[{"pid": 829214, "rss_mb": 12816.72265625, "pss_mb": 12679.6484375, "tag": "main"}, {"pid": 937166, "rss_mb": 23.1484375, "pss_mb": 18.7490234375, "tag": "ffmpeg"}]
1373.9	2	12726.0	12584.5	12702.8	23.1	0.0	[{"pid": 829214, "rss_mb": 12702.84765625, "pss_mb": 12565.7470703125, "tag": "main"}, {"pid": 937166, "rss_mb": 23.1484375, "pss_mb": 18.7490234375, "tag": "ffmpeg"}]
1379.1	2	12716.8	12574.9	12693.6	23.1	0.0	[{"pid": 829214, "rss_mb": 12693.61328125, "pss_mb": 12556.1357421875, "tag": "main"}, {"pid": 937166, "rss_mb": 23.1484375, "pss_mb": 18.8095703125, "tag": "ffmpeg"}]
1384.3	2	11359.4	11217.8	11336.2	23.1	0.0	[{"pid": 829214, "rss_mb": 11336.2109375, "pss_mb": 11198.9853515625, "tag": "main"}, {"pid": 937166, "rss_mb": 23.1484375, "pss_mb": 18.8447265625, "tag": "ffmpeg"}]
1389.5	2	11359.4	11217.8	11336.2	23.1	0.0	[{"pid": 829214, "rss_mb": 11336.2109375, "pss_mb": 11198.9794921875, "tag": "main"}, {"pid": 937166, "rss_mb": 23.1484375, "pss_mb": 18.8388671875, "tag": "ffmpeg"}]
1394.7	2	11359.4	11217.8	11336.2	23.1	0.0	[{"pid": 829214, "rss_mb": 11336.2109375, "pss_mb": 11198.9716796875, "tag": "main"}, {"pid": 937166, "rss_mb": 23.1484375, "pss_mb": 18.8447265625, "tag": "ffmpeg"}]
1399.9	3	9939.7	9785.6	9850.0	89.7	0.0	[{"pid": 829214, "rss_mb": 9850.0234375, "pss_mb": 9712.9619140625, "tag": "main"}, {"pid": 950647, "rss_mb": 72.55078125, "pss_mb": 64.1396484375, "tag": "ffmpeg"}, {"pid": 950689, "rss_mb": 17.125, "pss_mb": 8.5205078125, "tag": "ffmpeg"}]
1405.1	3	10257.1	10103.2	10165.1	91.9	0.0	[{"pid": 829214, "rss_mb": 10165.1484375, "pss_mb": 10028.1640625, "tag": "main"}, {"pid": 950647, "rss_mb": 74.80078125, "pss_mb": 66.5107421875, "tag": "ffmpeg"}, {"pid": 950689, "rss_mb": 17.125, "pss_mb": 8.521484375, "tag": "ffmpeg"}]
1410.2	3	10416.3	10262.2	10323.1	93.2	0.0	[{"pid": 829214, "rss_mb": 10323.08203125, "pss_mb": 10186.0009765625, "tag": "main"}, {"pid": 950647, "rss_mb": 76.05078125, "pss_mb": 67.6884765625, "tag": "ffmpeg"}, {"pid": 950689, "rss_mb": 17.125, "pss_mb": 8.5126953125, "tag": "ffmpeg"}]
1415.4	3	10619.4	10470.3	10523.6	95.8	0.0	[{"pid": 829214, "rss_mb": 10523.55078125, "pss_mb": 10391.5087890625, "tag": "main"}, {"pid": 950647, "rss_mb": 78.6796875, "pss_mb": 70.2666015625, "tag": "ffmpeg"}, {"pid": 950689, "rss_mb": 17.125, "pss_mb": 8.5126953125, "tag": "ffmpeg"}]
1420.6	3	10746.5	10592.3	10652.9	93.6	0.0	[{"pid": 829214, "rss_mb": 10652.890625, "pss_mb": 10515.7509765625, "tag": "main"}, {"pid": 950647, "rss_mb": 76.51171875, "pss_mb": 68.0634765625, "tag": "ffmpeg"}, {"pid": 950689, "rss_mb": 17.125, "pss_mb": 8.5126953125, "tag": "ffmpeg"}]
1425.9	3	10878.9	10724.8	10780.9	98.0	0.0	[{"pid": 829214, "rss_mb": 10780.89453125, "pss_mb": 10643.755859375, "tag": "main"}, {"pid": 950647, "rss_mb": 80.87890625, "pss_mb": 72.5712890625, "tag": "ffmpeg"}, {"pid": 950689, "rss_mb": 17.125, "pss_mb": 8.5126953125, "tag": "ffmpeg"}]
1431.0	3	10985.0	10830.8	10890.3	94.8	0.0	[{"pid": 829214, "rss_mb": 10890.26953125, "pss_mb": 10753.1640625, "tag": "main"}, {"pid": 950647, "rss_mb": 77.6328125, "pss_mb": 69.1533203125, "tag": "ffmpeg"}, {"pid": 950689, "rss_mb": 17.125, "pss_mb": 8.5126953125, "tag": "ffmpeg"}]
1436.3	3	11180.5	11026.2	11085.6	94.9	0.0	[{"pid": 829214, "rss_mb": 11085.64453125, "pss_mb": 10948.482421875, "tag": "main"}, {"pid": 950647, "rss_mb": 77.7265625, "pss_mb": 69.16796875, "tag": "ffmpeg"}, {"pid": 950689, "rss_mb": 17.125, "pss_mb": 8.5146484375, "tag": "ffmpeg"}]
1441.5	3	11353.6	11199.2	11258.8	94.9	0.0	[{"pid": 829214, "rss_mb": 11258.77734375, "pss_mb": 11121.6259765625, "tag": "main"}, {"pid": 950647, "rss_mb": 77.73828125, "pss_mb": 69.0537109375, "tag": "ffmpeg"}, {"pid": 950689, "rss_mb": 17.125, "pss_mb": 8.5205078125, "tag": "ffmpeg"}]
1446.7	3	11513.1	11358.8	11416.0	97.1	0.0	[{"pid": 829214, "rss_mb": 11416.015625, "pss_mb": 11278.8330078125, "tag": "main"}, {"pid": 950647, "rss_mb": 79.98828125, "pss_mb": 71.4404296875, "tag": "ffmpeg"}, {"pid": 950689, "rss_mb": 17.125, "pss_mb": 8.521484375, "tag": "ffmpeg"}]
1451.9	3	11708.5	11554.4	11610.3	98.2	0.0	[{"pid": 829214, "rss_mb": 11610.265625, "pss_mb": 11473.1064453125, "tag": "main"}, {"pid": 950647, "rss_mb": 81.11328125, "pss_mb": 72.7529296875, "tag": "ffmpeg"}, {"pid": 950689, "rss_mb": 17.125, "pss_mb": 8.5205078125, "tag": "ffmpeg"}]
1457.1	3	11792.0	11637.7	11692.5	99.5	0.0	[{"pid": 829214, "rss_mb": 11692.515625, "pss_mb": 11555.3447265625, "tag": "main"}, {"pid": 950647, "rss_mb": 82.35546875, "pss_mb": 73.8623046875, "tag": "ffmpeg"}, {"pid": 950689, "rss_mb": 17.125, "pss_mb": 8.5205078125, "tag": "ffmpeg"}]
1462.3	3	12012.9	11856.1	11905.9	107.0	0.0	[{"pid": 829214, "rss_mb": 11905.890625, "pss_mb": 11768.8388671875, "tag": "main"}, {"pid": 950647, "rss_mb": 83.58984375, "pss_mb": 73.8486328125, "tag": "ffmpeg"}, {"pid": 950689, "rss_mb": 23.4296875, "pss_mb": 13.44921875, "tag": "ffmpeg"}]
1467.6	3	12155.5	11998.5	12045.0	110.5	0.0	[{"pid": 829214, "rss_mb": 12045.015625, "pss_mb": 11907.7890625, "tag": "main"}, {"pid": 950647, "rss_mb": 87.08984375, "pss_mb": 77.3212890625, "tag": "ffmpeg"}, {"pid": 950689, "rss_mb": 23.4296875, "pss_mb": 13.4375, "tag": "ffmpeg"}]
1472.9	3	12261.7	12104.6	12157.0	104.7	0.0	[{"pid": 829214, "rss_mb": 12157.0234375, "pss_mb": 12019.7529296875, "tag": "main"}, {"pid": 950647, "rss_mb": 81.2265625, "pss_mb": 71.4072265625, "tag": "ffmpeg"}, {"pid": 950689, "rss_mb": 23.4296875, "pss_mb": 13.44921875, "tag": "ffmpeg"}]
1478.2	3	12604.7	12447.6	12501.0	103.7	0.0	[{"pid": 829214, "rss_mb": 12501.0234375, "pss_mb": 12363.7373046875, "tag": "main"}, {"pid": 950647, "rss_mb": 80.24609375, "pss_mb": 70.41796875, "tag": "ffmpeg"}, {"pid": 950689, "rss_mb": 23.4296875, "pss_mb": 13.44921875, "tag": "ffmpeg"}]
1483.5	2	12706.0	12564.4	12682.5	23.4	0.0	[{"pid": 829214, "rss_mb": 12682.53125, "pss_mb": 12545.3837890625, "tag": "main"}, {"pid": 950689, "rss_mb": 23.4296875, "pss_mb": 19.0361328125, "tag": "ffmpeg"}]
1488.7	2	13036.8	12895.2	13013.4	23.4	0.0	[{"pid": 829214, "rss_mb": 13013.40625, "pss_mb": 12876.1953125, "tag": "main"}, {"pid": 950689, "rss_mb": 23.4296875, "pss_mb": 19.0439453125, "tag": "ffmpeg"}]
1494.0	2	13011.1	12866.8	12987.7	23.4	0.0	[{"pid": 829214, "rss_mb": 12987.65625, "pss_mb": 12847.759765625, "tag": "main"}, {"pid": 950689, "rss_mb": 23.4296875, "pss_mb": 19.0439453125, "tag": "ffmpeg"}]
1499.3	2	12920.2	12778.2	12896.8	23.4	0.0	[{"pid": 829214, "rss_mb": 12896.78125, "pss_mb": 12759.1416015625, "tag": "main"}, {"pid": 950689, "rss_mb": 23.4296875, "pss_mb": 19.0439453125, "tag": "ffmpeg"}]
1504.5	2	12869.8	12727.8	12846.4	23.4	0.0	[{"pid": 829214, "rss_mb": 12846.35546875, "pss_mb": 12708.751953125, "tag": "main"}, {"pid": 950689, "rss_mb": 23.4296875, "pss_mb": 19.0439453125, "tag": "ffmpeg"}]
1509.7	2	12865.0	12723.1	12841.6	23.4	0.0	[{"pid": 829214, "rss_mb": 12841.5703125, "pss_mb": 12704.04296875, "tag": "main"}, {"pid": 950689, "rss_mb": 23.4296875, "pss_mb": 19.0830078125, "tag": "ffmpeg"}]
1514.9	2	12965.2	12830.6	12941.8	23.4	0.0	[{"pid": 829214, "rss_mb": 12941.8203125, "pss_mb": 12811.51953125, "tag": "main"}, {"pid": 950689, "rss_mb": 23.4296875, "pss_mb": 19.0830078125, "tag": "ffmpeg"}]
1520.1	2	12924.2	12782.3	12900.8	23.4	0.0	[{"pid": 829214, "rss_mb": 12900.8203125, "pss_mb": 12763.22265625, "tag": "main"}, {"pid": 950689, "rss_mb": 23.4296875, "pss_mb": 19.0546875, "tag": "ffmpeg"}]
1525.3	2	12919.8	12777.9	12896.3	23.4	0.0	[{"pid": 829214, "rss_mb": 12896.32421875, "pss_mb": 12758.7822265625, "tag": "main"}, {"pid": 950689, "rss_mb": 23.4296875, "pss_mb": 19.0927734375, "tag": "ffmpeg"}]
1530.6	2	12871.6	12729.6	12848.1	23.4	0.0	[{"pid": 829214, "rss_mb": 12848.13671875, "pss_mb": 12710.51171875, "tag": "main"}, {"pid": 950689, "rss_mb": 23.4296875, "pss_mb": 19.0927734375, "tag": "ffmpeg"}]
1535.8	2	12910.9	12768.9	12887.5	23.4	0.0	[{"pid": 829214, "rss_mb": 12887.51171875, "pss_mb": 12749.84375, "tag": "main"}, {"pid": 950689, "rss_mb": 23.4296875, "pss_mb": 19.0927734375, "tag": "ffmpeg"}]
1541.0	2	12483.9	12367.6	12460.5	23.4	0.0	[{"pid": 829214, "rss_mb": 12460.4921875, "pss_mb": 12348.443359375, "tag": "main"}, {"pid": 950689, "rss_mb": 23.4296875, "pss_mb": 19.1083984375, "tag": "ffmpeg"}]
1546.2	2	12500.4	12358.3	12477.0	23.4	0.0	[{"pid": 829214, "rss_mb": 12476.9921875, "pss_mb": 12339.2275390625, "tag": "main"}, {"pid": 950689, "rss_mb": 23.4296875, "pss_mb": 19.1181640625, "tag": "ffmpeg"}]
1551.4	2	12496.0	12353.9	12472.6	23.4	0.0	[{"pid": 829214, "rss_mb": 12472.6171875, "pss_mb": 12334.8046875, "tag": "main"}, {"pid": 950689, "rss_mb": 23.4296875, "pss_mb": 19.1298828125, "tag": "ffmpeg"}]
1556.6	2	11524.6	11382.4	11501.1	23.4	0.0	[{"pid": 829214, "rss_mb": 11501.125, "pss_mb": 11363.2470703125, "tag": "main"}, {"pid": 950689, "rss_mb": 23.4296875, "pss_mb": 19.1298828125, "tag": "ffmpeg"}]
1561.8	2	11562.6	11420.4	11539.1	23.4	0.0	[{"pid": 829214, "rss_mb": 11539.125, "pss_mb": 11401.265625, "tag": "main"}, {"pid": 950689, "rss_mb": 23.4296875, "pss_mb": 19.1376953125, "tag": "ffmpeg"}]
1567.0	2	11514.3	11372.0	11490.9	23.4	0.0	[{"pid": 829214, "rss_mb": 11490.875, "pss_mb": 11352.90234375, "tag": "main"}, {"pid": 950689, "rss_mb": 23.4296875, "pss_mb": 19.1376953125, "tag": "ffmpeg"}]
1572.2	2	11553.4	11411.2	11530.0	23.4	0.0	[{"pid": 829214, "rss_mb": 11530.0, "pss_mb": 11392.0908203125, "tag": "main"}, {"pid": 950689, "rss_mb": 23.4296875, "pss_mb": 19.1376953125, "tag": "ffmpeg"}]
1577.4	2	11592.9	11450.7	11569.5	23.4	0.0	[{"pid": 829214, "rss_mb": 11569.5, "pss_mb": 11431.5927734375, "tag": "main"}, {"pid": 950689, "rss_mb": 23.4296875, "pss_mb": 19.1376953125, "tag": "ffmpeg"}]
1582.7	2	11544.4	11402.3	11521.0	23.4	0.0	[{"pid": 829214, "rss_mb": 11521.0078125, "pss_mb": 11383.1630859375, "tag": "main"}, {"pid": 950689, "rss_mb": 23.4296875, "pss_mb": 19.1533203125, "tag": "ffmpeg"}]
1587.8	2	11495.9	11353.8	11472.5	23.4	0.0	[{"pid": 829214, "rss_mb": 11472.5078125, "pss_mb": 11334.6494140625, "tag": "main"}, {"pid": 950689, "rss_mb": 23.4296875, "pss_mb": 19.1533203125, "tag": "ffmpeg"}]
1593.1	2	11559.3	11417.1	11535.9	23.4	0.0	[{"pid": 829214, "rss_mb": 11535.8828125, "pss_mb": 11397.9384765625, "tag": "main"}, {"pid": 950689, "rss_mb": 23.4296875, "pss_mb": 19.1533203125, "tag": "ffmpeg"}]
1598.2	2	9265.6	9123.4	9242.2	23.4	0.0	[{"pid": 829214, "rss_mb": 9242.1953125, "pss_mb": 9104.2099609375, "tag": "main"}, {"pid": 950689, "rss_mb": 23.4296875, "pss_mb": 19.2060546875, "tag": "ffmpeg"}]
1603.4	2	9265.6	9123.4	9242.2	23.4	0.0	[{"pid": 829214, "rss_mb": 9242.1953125, "pss_mb": 9104.208984375, "tag": "main"}, {"pid": 950689, "rss_mb": 23.4296875, "pss_mb": 19.2060546875, "tag": "ffmpeg"}]
1608.6	2	8861.8	8788.5	8741.3	120.5	0.0	[{"pid": 829214, "rss_mb": 8741.265625, "pss_mb": 8600.150390625, "tag": "main"}, {"pid": 968285, "rss_mb": 120.50390625, "pss_mb": 188.3388671875, "tag": "ffmpeg"}]
1613.8	3	9493.2	9338.5	9402.8	90.4	0.0	[{"pid": 829214, "rss_mb": 9402.83203125, "pss_mb": 9265.2275390625, "tag": "main"}, {"pid": 968595, "rss_mb": 73.375, "pss_mb": 64.9453125, "tag": "ffmpeg"}, {"pid": 968636, "rss_mb": 17.0, "pss_mb": 8.3134765625, "tag": "ffmpeg"}]
1619.0	3	9732.3	9577.5	9640.8	91.5	0.0	[{"pid": 829214, "rss_mb": 9640.83203125, "pss_mb": 9503.083984375, "tag": "main"}, {"pid": 968595, "rss_mb": 74.5, "pss_mb": 66.1328125, "tag": "ffmpeg"}, {"pid": 968636, "rss_mb": 17.0, "pss_mb": 8.3134765625, "tag": "ffmpeg"}]
1624.2	3	9879.6	9724.6	9786.7	92.9	0.0	[{"pid": 829214, "rss_mb": 9786.70703125, "pss_mb": 9648.9892578125, "tag": "main"}, {"pid": 968595, "rss_mb": 75.9140625, "pss_mb": 67.3193359375, "tag": "ffmpeg"}, {"pid": 968636, "rss_mb": 17.0, "pss_mb": 8.3134765625, "tag": "ffmpeg"}]
1629.5	3	10052.2	9897.3	9959.3	92.9	0.0	[{"pid": 829214, "rss_mb": 9959.2578125, "pss_mb": 9821.521484375, "tag": "main"}, {"pid": 968595, "rss_mb": 75.9140625, "pss_mb": 67.4296875, "tag": "ffmpeg"}, {"pid": 968636, "rss_mb": 17.0, "pss_mb": 8.3134765625, "tag": "ffmpeg"}]
1634.6	3	10159.1	10004.1	10063.8	95.3	0.0	[{"pid": 829214, "rss_mb": 10063.8046875, "pss_mb": 9926.029296875, "tag": "main"}, {"pid": 968595, "rss_mb": 78.30078125, "pss_mb": 69.80078125, "tag": "ffmpeg"}, {"pid": 968636, "rss_mb": 17.0, "pss_mb": 8.3134765625, "tag": "ffmpeg"}]
1639.8	3	10193.4	10037.7	10104.9	88.5	0.0	[{"pid": 829214, "rss_mb": 10104.9296875, "pss_mb": 9966.5244140625, "tag": "main"}, {"pid": 968595, "rss_mb": 71.49609375, "pss_mb": 62.8642578125, "tag": "ffmpeg"}, {"pid": 968636, "rss_mb": 17.0, "pss_mb": 8.314453125, "tag": "ffmpeg"}]
1645.1	3	10263.9	10108.9	10173.2	90.7	0.0	[{"pid": 829214, "rss_mb": 10173.1796875, "pss_mb": 10035.5205078125, "tag": "main"}, {"pid": 968595, "rss_mb": 73.67578125, "pss_mb": 65.109375, "tag": "ffmpeg"}, {"pid": 968636, "rss_mb": 17.0, "pss_mb": 8.314453125, "tag": "ffmpeg"}]
1650.3	3	10314.9	10159.8	10223.1	91.8	0.0	[{"pid": 829214, "rss_mb": 10223.0546875, "pss_mb": 10085.1513671875, "tag": "main"}, {"pid": 968595, "rss_mb": 74.80078125, "pss_mb": 66.294921875, "tag": "ffmpeg"}, {"pid": 968636, "rss_mb": 17.0, "pss_mb": 8.3076171875, "tag": "ffmpeg"}]
1655.5	3	10304.7	10149.7	10214.1	90.6	0.0	[{"pid": 829214, "rss_mb": 10214.0546875, "pss_mb": 10075.9912109375, "tag": "main"}, {"pid": 968595, "rss_mb": 73.6171875, "pss_mb": 65.365234375, "tag": "ffmpeg"}, {"pid": 968636, "rss_mb": 17.0, "pss_mb": 8.3076171875, "tag": "ffmpeg"}]
1660.7	3	10500.7	10342.6	10401.2	99.5	0.0	[{"pid": 829214, "rss_mb": 10401.1796875, "pss_mb": 10263.2919921875, "tag": "main"}, {"pid": 968595, "rss_mb": 75.98828125, "pss_mb": 66.0283203125, "tag": "ffmpeg"}, {"pid": 968636, "rss_mb": 23.515625, "pss_mb": 13.3271484375, "tag": "ffmpeg"}]
1665.9	3	10511.3	10353.1	10413.7	97.6	0.0	[{"pid": 829214, "rss_mb": 10413.6796875, "pss_mb": 10275.7197265625, "tag": "main"}, {"pid": 968595, "rss_mb": 74.0625, "pss_mb": 64.060546875, "tag": "ffmpeg"}, {"pid": 968636, "rss_mb": 23.515625, "pss_mb": 13.3271484375, "tag": "ffmpeg"}]
1671.1	3	10633.8	10475.5	10536.2	97.6	0.0	[{"pid": 829214, "rss_mb": 10536.1796875, "pss_mb": 10398.1162109375, "tag": "main"}, {"pid": 968595, "rss_mb": 74.0625, "pss_mb": 64.0595703125, "tag": "ffmpeg"}, {"pid": 968636, "rss_mb": 23.515625, "pss_mb": 13.3271484375, "tag": "ffmpeg"}]
1676.3	3	10673.6	10515.4	10572.8	100.8	0.0	[{"pid": 829214, "rss_mb": 10572.76953125, "pss_mb": 10434.7255859375, "tag": "main"}, {"pid": 968595, "rss_mb": 77.328125, "pss_mb": 67.3408203125, "tag": "ffmpeg"}, {"pid": 968636, "rss_mb": 23.515625, "pss_mb": 13.333984375, "tag": "ffmpeg"}]
1681.5	3	10784.3	10626.3	10683.5	100.7	0.0	[{"pid": 829214, "rss_mb": 10683.51953125, "pss_mb": 10545.5576171875, "tag": "main"}, {"pid": 968595, "rss_mb": 77.23046875, "pss_mb": 67.3759765625, "tag": "ffmpeg"}, {"pid": 968636, "rss_mb": 23.515625, "pss_mb": 13.333984375, "tag": "ffmpeg"}]
1686.7	3	10741.1	10583.3	10642.6	98.5	0.0	[{"pid": 829214, "rss_mb": 10642.64453125, "pss_mb": 10504.7998046875, "tag": "main"}, {"pid": 968595, "rss_mb": 74.98046875, "pss_mb": 65.125, "tag": "ffmpeg"}, {"pid": 968636, "rss_mb": 23.515625, "pss_mb": 13.333984375, "tag": "ffmpeg"}]
1691.8	3	10898.4	10740.2	10799.9	98.5	0.0	[{"pid": 829214, "rss_mb": 10799.89453125, "pss_mb": 10661.751953125, "tag": "main"}, {"pid": 968595, "rss_mb": 74.98046875, "pss_mb": 65.1650390625, "tag": "ffmpeg"}, {"pid": 968636, "rss_mb": 23.515625, "pss_mb": 13.3330078125, "tag": "ffmpeg"}]
1697.0	3	10910.7	10752.5	10813.3	97.4	0.0	[{"pid": 829214, "rss_mb": 10813.26953125, "pss_mb": 10675.236328125, "tag": "main"}, {"pid": 968595, "rss_mb": 73.87890625, "pss_mb": 63.9775390625, "tag": "ffmpeg"}, {"pid": 968636, "rss_mb": 23.515625, "pss_mb": 13.333984375, "tag": "ffmpeg"}]
1702.2	3	11032.4	10874.2	10932.6	99.8	0.0	[{"pid": 829214, "rss_mb": 10932.64453125, "pss_mb": 10794.5263671875, "tag": "main"}, {"pid": 968595, "rss_mb": 76.25390625, "pss_mb": 66.3486328125, "tag": "ffmpeg"}, {"pid": 968636, "rss_mb": 23.515625, "pss_mb": 13.333984375, "tag": "ffmpeg"}]
1707.4	3	11020.0	10861.9	10920.3	99.8	0.0	[{"pid": 829214, "rss_mb": 10920.26953125, "pss_mb": 10782.240234375, "tag": "main"}, {"pid": 968595, "rss_mb": 76.25390625, "pss_mb": 66.3525390625, "tag": "ffmpeg"}, {"pid": 968636, "rss_mb": 23.515625, "pss_mb": 13.3330078125, "tag": "ffmpeg"}]
1712.7	3	11153.7	10995.3	11054.9	98.8	0.0	[{"pid": 829214, "rss_mb": 11054.89453125, "pss_mb": 10916.732421875, "tag": "main"}, {"pid": 968595, "rss_mb": 75.2890625, "pss_mb": 65.2900390625, "tag": "ffmpeg"}, {"pid": 968636, "rss_mb": 23.515625, "pss_mb": 13.3203125, "tag": "ffmpeg"}]
1718.0	3	11239.1	11080.7	11139.2	99.9	0.0	[{"pid": 829214, "rss_mb": 11139.17578125, "pss_mb": 11000.9716796875, "tag": "main"}, {"pid": 968595, "rss_mb": 76.4140625, "pss_mb": 66.3759765625, "tag": "ffmpeg"}, {"pid": 968636, "rss_mb": 23.515625, "pss_mb": 13.333984375, "tag": "ffmpeg"}]
1723.2	3	11357.9	11199.6	11255.8	102.1	0.0	[{"pid": 829214, "rss_mb": 11255.80078125, "pss_mb": 11117.556640625, "tag": "main"}, {"pid": 968595, "rss_mb": 78.609375, "pss_mb": 68.7431640625, "tag": "ffmpeg"}, {"pid": 968636, "rss_mb": 23.515625, "pss_mb": 13.333984375, "tag": "ffmpeg"}]
1728.4	3	11421.6	11263.5	11325.1	96.6	0.0	[{"pid": 829214, "rss_mb": 11325.05078125, "pss_mb": 11186.9912109375, "tag": "main"}, {"pid": 968595, "rss_mb": 73.08203125, "pss_mb": 63.1884765625, "tag": "ffmpeg"}, {"pid": 968636, "rss_mb": 23.515625, "pss_mb": 13.341796875, "tag": "ffmpeg"}]
1733.7	3	11539.6	11381.4	11442.2	97.4	0.0	[{"pid": 829214, "rss_mb": 11442.17578125, "pss_mb": 11304.0166015625, "tag": "main"}, {"pid": 968595, "rss_mb": 73.9140625, "pss_mb": 64.0, "tag": "ffmpeg"}, {"pid": 968636, "rss_mb": 23.515625, "pss_mb": 13.3369140625, "tag": "ffmpeg"}]
1738.9	3	11598.0	11439.8	11500.6	97.4	0.0	[{"pid": 829214, "rss_mb": 11500.55078125, "pss_mb": 11362.4990234375, "tag": "main"}, {"pid": 968595, "rss_mb": 73.9140625, "pss_mb": 64.0048828125, "tag": "ffmpeg"}, {"pid": 968636, "rss_mb": 23.515625, "pss_mb": 13.341796875, "tag": "ffmpeg"}]
1744.1	3	11732.5	11574.3	11635.1	97.4	0.0	[{"pid": 829214, "rss_mb": 11635.05078125, "pss_mb": 11496.9130859375, "tag": "main"}, {"pid": 968595, "rss_mb": 73.9140625, "pss_mb": 64.0048828125, "tag": "ffmpeg"}, {"pid": 968636, "rss_mb": 23.515625, "pss_mb": 13.341796875, "tag": "ffmpeg"}]
1749.3	3	11834.6	11676.7	11737.2	97.4	0.0	[{"pid": 829214, "rss_mb": 11737.17578125, "pss_mb": 11599.3623046875, "tag": "main"}, {"pid": 968595, "rss_mb": 73.9140625, "pss_mb": 64.0048828125, "tag": "ffmpeg"}, {"pid": 968636, "rss_mb": 23.515625, "pss_mb": 13.341796875, "tag": "ffmpeg"}]
1754.5	3	11931.4	11773.5	11832.8	98.6	0.0	[{"pid": 829214, "rss_mb": 11832.79296875, "pss_mb": 11694.8896484375, "tag": "main"}, {"pid": 968595, "rss_mb": 75.1015625, "pss_mb": 65.3134765625, "tag": "ffmpeg"}, {"pid": 968636, "rss_mb": 23.515625, "pss_mb": 13.341796875, "tag": "ffmpeg"}]
1759.7	3	12136.7	11979.0	12037.2	99.6	0.0	[{"pid": 829214, "rss_mb": 12037.16796875, "pss_mb": 11899.3642578125, "tag": "main"}, {"pid": 968595, "rss_mb": 76.0390625, "pss_mb": 66.25, "tag": "ffmpeg"}, {"pid": 968636, "rss_mb": 23.515625, "pss_mb": 13.3408203125, "tag": "ffmpeg"}]
1765.0	3	12185.0	12027.0	12085.4	99.6	0.0	[{"pid": 829214, "rss_mb": 12085.421875, "pss_mb": 11947.42578125, "tag": "main"}, {"pid": 968595, "rss_mb": 76.0390625, "pss_mb": 66.24609375, "tag": "ffmpeg"}, {"pid": 968636, "rss_mb": 23.515625, "pss_mb": 13.337890625, "tag": "ffmpeg"}]
1770.2	3	12333.6	12175.7	12235.2	98.4	0.0	[{"pid": 829214, "rss_mb": 12235.1796875, "pss_mb": 12097.3505859375, "tag": "main"}, {"pid": 968595, "rss_mb": 74.9140625, "pss_mb": 65.056640625, "tag": "ffmpeg"}, {"pid": 968636, "rss_mb": 23.515625, "pss_mb": 13.33203125, "tag": "ffmpeg"}]
1775.5	3	12444.3	12286.4	12345.6	98.7	0.0	[{"pid": 829214, "rss_mb": 12345.5546875, "pss_mb": 12207.8564453125, "tag": "main"}, {"pid": 968595, "rss_mb": 75.2265625, "pss_mb": 65.1826171875, "tag": "ffmpeg"}, {"pid": 968636, "rss_mb": 23.515625, "pss_mb": 13.34375, "tag": "ffmpeg"}]
1780.7	3	12479.7	12321.4	12396.7	83.0	0.0	[{"pid": 829214, "rss_mb": 12396.71484375, "pss_mb": 12258.79296875, "tag": "main"}, {"pid": 968595, "rss_mb": 59.515625, "pss_mb": 49.2763671875, "tag": "ffmpeg"}, {"pid": 968636, "rss_mb": 23.515625, "pss_mb": 13.34375, "tag": "ffmpeg"}]
1786.0	3	12551.9	12393.6	12468.8	83.0	0.0	[{"pid": 829214, "rss_mb": 12468.83984375, "pss_mb": 12331.0009765625, "tag": "main"}, {"pid": 968595, "rss_mb": 59.515625, "pss_mb": 49.2802734375, "tag": "ffmpeg"}, {"pid": 968636, "rss_mb": 23.515625, "pss_mb": 13.3466796875, "tag": "ffmpeg"}]
1791.2	2	12498.2	12356.2	12474.7	23.5	0.0	[{"pid": 829214, "rss_mb": 12474.71484375, "pss_mb": 12337.001953125, "tag": "main"}, {"pid": 968636, "rss_mb": 23.515625, "pss_mb": 19.2470703125, "tag": "ffmpeg"}]
1796.4	2	12453.5	12311.5	12430.0	23.5	0.0	[{"pid": 829214, "rss_mb": 12429.96484375, "pss_mb": 12292.251953125, "tag": "main"}, {"pid": 968636, "rss_mb": 23.515625, "pss_mb": 19.2470703125, "tag": "ffmpeg"}]
1801.6	2	12402.7	12258.5	12379.2	23.5	0.0	[{"pid": 829214, "rss_mb": 12379.17578125, "pss_mb": 12239.23046875, "tag": "main"}, {"pid": 968636, "rss_mb": 23.515625, "pss_mb": 19.236328125, "tag": "ffmpeg"}]
1806.8	2	12417.2	12275.1	12393.7	23.5	0.0	[{"pid": 829214, "rss_mb": 12393.67578125, "pss_mb": 12255.857421875, "tag": "main"}, {"pid": 968636, "rss_mb": 23.515625, "pss_mb": 19.2548828125, "tag": "ffmpeg"}]
1812.0	2	12382.4	12240.4	12358.9	23.5	0.0	[{"pid": 829214, "rss_mb": 12358.92578125, "pss_mb": 12221.09765625, "tag": "main"}, {"pid": 968636, "rss_mb": 23.515625, "pss_mb": 19.2548828125, "tag": "ffmpeg"}]
1817.2	2	12446.1	12304.0	12422.6	23.5	0.0	[{"pid": 829214, "rss_mb": 12422.55078125, "pss_mb": 12284.7666015625, "tag": "main"}, {"pid": 968636, "rss_mb": 23.515625, "pss_mb": 19.2548828125, "tag": "ffmpeg"}]
1822.5	2	12398.1	12256.0	12374.6	23.5	0.0	[{"pid": 829214, "rss_mb": 12374.55078125, "pss_mb": 12236.767578125, "tag": "main"}, {"pid": 968636, "rss_mb": 23.515625, "pss_mb": 19.2548828125, "tag": "ffmpeg"}]
1827.7	2	12374.1	12232.0	12350.6	23.5	0.0	[{"pid": 829214, "rss_mb": 12350.55078125, "pss_mb": 12212.763671875, "tag": "main"}, {"pid": 968636, "rss_mb": 23.515625, "pss_mb": 19.25390625, "tag": "ffmpeg"}]
1833.0	2	12394.1	12252.0	12370.6	23.5	0.0	[{"pid": 829214, "rss_mb": 12370.55078125, "pss_mb": 12232.767578125, "tag": "main"}, {"pid": 968636, "rss_mb": 23.515625, "pss_mb": 19.2783203125, "tag": "ffmpeg"}]
1838.2	2	12414.1	12272.0	12390.6	23.5	0.0	[{"pid": 829214, "rss_mb": 12390.55078125, "pss_mb": 12252.765625, "tag": "main"}, {"pid": 968636, "rss_mb": 23.515625, "pss_mb": 19.2783203125, "tag": "ffmpeg"}]
1843.5	2	12434.1	12292.0	12410.6	23.5	0.0	[{"pid": 829214, "rss_mb": 12410.55078125, "pss_mb": 12272.7666015625, "tag": "main"}, {"pid": 968636, "rss_mb": 23.515625, "pss_mb": 19.2783203125, "tag": "ffmpeg"}]
1848.8	2	12386.1	12244.0	12362.6	23.5	0.0	[{"pid": 829214, "rss_mb": 12362.55078125, "pss_mb": 12224.767578125, "tag": "main"}, {"pid": 968636, "rss_mb": 23.515625, "pss_mb": 19.2783203125, "tag": "ffmpeg"}]
1854.0	2	12406.1	12264.0	12382.6	23.5	0.0	[{"pid": 829214, "rss_mb": 12382.55078125, "pss_mb": 12244.7421875, "tag": "main"}, {"pid": 968636, "rss_mb": 23.515625, "pss_mb": 19.2666015625, "tag": "ffmpeg"}]
1859.2	2	12382.1	12240.0	12358.6	23.5	0.0	[{"pid": 829214, "rss_mb": 12358.59375, "pss_mb": 12220.701171875, "tag": "main"}, {"pid": 968636, "rss_mb": 23.515625, "pss_mb": 19.2841796875, "tag": "ffmpeg"}]
1864.4	2	12446.2	12304.0	12422.6	23.5	0.0	[{"pid": 829214, "rss_mb": 12422.63671875, "pss_mb": 12284.7568359375, "tag": "main"}, {"pid": 968636, "rss_mb": 23.515625, "pss_mb": 19.2822265625, "tag": "ffmpeg"}]
1869.6	2	12374.2	12231.9	12350.6	23.5	0.0	[{"pid": 829214, "rss_mb": 12350.63671875, "pss_mb": 12212.662109375, "tag": "main"}, {"pid": 968636, "rss_mb": 23.515625, "pss_mb": 19.2861328125, "tag": "ffmpeg"}]
1874.8	2	12438.2	12296.0	12414.6	23.5	0.0	[{"pid": 829214, "rss_mb": 12414.63671875, "pss_mb": 12276.662109375, "tag": "main"}, {"pid": 968636, "rss_mb": 23.515625, "pss_mb": 19.2939453125, "tag": "ffmpeg"}]
1880.0	2	12390.2	12248.0	12366.6	23.5	0.0	[{"pid": 829214, "rss_mb": 12366.63671875, "pss_mb": 12228.658203125, "tag": "main"}, {"pid": 968636, "rss_mb": 23.515625, "pss_mb": 19.2939453125, "tag": "ffmpeg"}]
1885.3	2	12022.2	11880.0	11998.7	23.5	0.0	[{"pid": 829214, "rss_mb": 11998.71484375, "pss_mb": 11860.728515625, "tag": "main"}, {"pid": 968636, "rss_mb": 23.515625, "pss_mb": 19.287109375, "tag": "ffmpeg"}]
1890.5	2	11553.1	11410.8	11529.5	23.5	0.0	[{"pid": 829214, "rss_mb": 11529.53515625, "pss_mb": 11391.48046875, "tag": "main"}, {"pid": 968636, "rss_mb": 23.515625, "pss_mb": 19.287109375, "tag": "ffmpeg"}]
1895.7	2	11573.1	11430.8	11549.5	23.5	0.0	[{"pid": 829214, "rss_mb": 11549.53515625, "pss_mb": 11411.4775390625, "tag": "main"}, {"pid": 968636, "rss_mb": 23.515625, "pss_mb": 19.302734375, "tag": "ffmpeg"}]
1900.9	2	11525.0	11382.8	11501.5	23.5	0.0	[{"pid": 829214, "rss_mb": 11501.453125, "pss_mb": 11363.4609375, "tag": "main"}, {"pid": 968636, "rss_mb": 23.515625, "pss_mb": 19.30078125, "tag": "ffmpeg"}]
1906.1	2	11545.0	11402.8	11521.5	23.5	0.0	[{"pid": 829214, "rss_mb": 11521.453125, "pss_mb": 11383.4638671875, "tag": "main"}, {"pid": 968636, "rss_mb": 23.515625, "pss_mb": 19.302734375, "tag": "ffmpeg"}]
1911.3	2	11565.0	11422.8	11541.5	23.5	0.0	[{"pid": 829214, "rss_mb": 11541.453125, "pss_mb": 11403.474609375, "tag": "main"}, {"pid": 968636, "rss_mb": 23.515625, "pss_mb": 19.3095703125, "tag": "ffmpeg"}]
1916.5	2	11585.0	11442.8	11561.5	23.5	0.0	[{"pid": 829214, "rss_mb": 11561.453125, "pss_mb": 11423.474609375, "tag": "main"}, {"pid": 968636, "rss_mb": 23.515625, "pss_mb": 19.3095703125, "tag": "ffmpeg"}]
1921.7	2	11581.0	11438.8	11557.5	23.5	0.0	[{"pid": 829214, "rss_mb": 11557.453125, "pss_mb": 11419.474609375, "tag": "main"}, {"pid": 968636, "rss_mb": 23.515625, "pss_mb": 19.3203125, "tag": "ffmpeg"}]
1926.9	2	11533.0	11390.8	11509.5	23.5	0.0	[{"pid": 829214, "rss_mb": 11509.453125, "pss_mb": 11371.470703125, "tag": "main"}, {"pid": 968636, "rss_mb": 23.515625, "pss_mb": 19.3212890625, "tag": "ffmpeg"}]
1932.1	2	11553.0	11410.8	11529.5	23.5	0.0	[{"pid": 829214, "rss_mb": 11529.453125, "pss_mb": 11391.4755859375, "tag": "main"}, {"pid": 968636, "rss_mb": 23.515625, "pss_mb": 19.3212890625, "tag": "ffmpeg"}]
1937.3	2	11573.0	11430.8	11549.5	23.5	0.0	[{"pid": 829214, "rss_mb": 11549.453125, "pss_mb": 11411.474609375, "tag": "main"}, {"pid": 968636, "rss_mb": 23.515625, "pss_mb": 19.3212890625, "tag": "ffmpeg"}]
1942.5	2	11593.0	11450.8	11569.5	23.5	0.0	[{"pid": 829214, "rss_mb": 11569.453125, "pss_mb": 11431.474609375, "tag": "main"}, {"pid": 968636, "rss_mb": 23.515625, "pss_mb": 19.3291015625, "tag": "ffmpeg"}]
1947.7	2	11545.0	11402.8	11521.5	23.5	0.0	[{"pid": 829214, "rss_mb": 11521.453125, "pss_mb": 11383.474609375, "tag": "main"}, {"pid": 968636, "rss_mb": 23.515625, "pss_mb": 19.3291015625, "tag": "ffmpeg"}]
1952.9	2	11564.9	11422.8	11541.4	23.5	0.0	[{"pid": 829214, "rss_mb": 11541.43359375, "pss_mb": 11403.474609375, "tag": "main"}, {"pid": 968636, "rss_mb": 23.515625, "pss_mb": 19.3291015625, "tag": "ffmpeg"}]
1958.0	2	9050.9	8908.8	9027.4	23.5	0.0	[{"pid": 829214, "rss_mb": 9027.43359375, "pss_mb": 8889.439453125, "tag": "main"}, {"pid": 968636, "rss_mb": 23.515625, "pss_mb": 19.3291015625, "tag": "ffmpeg"}]
1963.2	2	9050.9	8908.8	9027.4	23.5	0.0	[{"pid": 829214, "rss_mb": 9027.43359375, "pss_mb": 8889.439453125, "tag": "main"}, {"pid": 968636, "rss_mb": 23.515625, "pss_mb": 19.3291015625, "tag": "ffmpeg"}]
1968.4	3	8795.0	8645.9	8708.7	86.3	0.0	[{"pid": 829214, "rss_mb": 8708.73046875, "pss_mb": 8574.4990234375, "tag": "main"}, {"pid": 998084, "rss_mb": 68.89453125, "pss_mb": 62.74609375, "tag": "ffmpeg"}, {"pid": 998126, "rss_mb": 17.375, "pss_mb": 8.6572265625, "tag": "ffmpeg"}]
1973.6	3	9400.2	9245.2	9308.7	91.5	0.0	[{"pid": 829214, "rss_mb": 9308.73046875, "pss_mb": 9171.0107421875, "tag": "main"}, {"pid": 998084, "rss_mb": 74.08984375, "pss_mb": 65.5029296875, "tag": "ffmpeg"}, {"pid": 998126, "rss_mb": 17.375, "pss_mb": 8.6572265625, "tag": "ffmpeg"}]
1978.9	3	9566.1	9411.0	9473.4	92.7	0.0	[{"pid": 829214, "rss_mb": 9473.35546875, "pss_mb": 9335.6689453125, "tag": "main"}, {"pid": 998084, "rss_mb": 75.33984375, "pss_mb": 66.69140625, "tag": "ffmpeg"}, {"pid": 998126, "rss_mb": 17.375, "pss_mb": 8.6572265625, "tag": "ffmpeg"}]
1984.0	3	9645.6	9490.5	9552.9	92.7	0.0	[{"pid": 829214, "rss_mb": 9552.91015625, "pss_mb": 9415.1611328125, "tag": "main"}, {"pid": 998084, "rss_mb": 75.33984375, "pss_mb": 66.6875, "tag": "ffmpeg"}, {"pid": 998126, "rss_mb": 17.375, "pss_mb": 8.654296875, "tag": "ffmpeg"}]
1989.3	3	9723.0	9570.6	9635.0	88.0	0.0	[{"pid": 829214, "rss_mb": 9635.03515625, "pss_mb": 9500.060546875, "tag": "main"}, {"pid": 998084, "rss_mb": 70.609375, "pss_mb": 61.9306640625, "tag": "ffmpeg"}, {"pid": 998126, "rss_mb": 17.375, "pss_mb": 8.65234375, "tag": "ffmpeg"}]
1994.5	3	10025.1	9870.1	9931.3	93.9	0.0	[{"pid": 829214, "rss_mb": 9931.28515625, "pss_mb": 9793.5927734375, "tag": "main"}, {"pid": 998084, "rss_mb": 76.484375, "pss_mb": 67.84375, "tag": "ffmpeg"}, {"pid": 998126, "rss_mb": 17.375, "pss_mb": 8.6572265625, "tag": "ffmpeg"}]
1999.7	3	10071.8	9916.9	9976.8	95.0	0.0	[{"pid": 829214, "rss_mb": 9976.7890625, "pss_mb": 9839.072265625, "tag": "main"}, {"pid": 998084, "rss_mb": 77.6328125, "pss_mb": 69.1455078125, "tag": "ffmpeg"}, {"pid": 998126, "rss_mb": 17.375, "pss_mb": 8.650390625, "tag": "ffmpeg"}]
2005.0	3	10242.4	10087.4	10148.4	94.0	0.0	[{"pid": 829214, "rss_mb": 10148.4140625, "pss_mb": 10010.701171875, "tag": "main"}, {"pid": 998084, "rss_mb": 76.6328125, "pss_mb": 68.0888671875, "tag": "ffmpeg"}, {"pid": 998126, "rss_mb": 17.375, "pss_mb": 8.6572265625, "tag": "ffmpeg"}]
2010.2	3	10260.1	10102.3	10156.1	104.0	0.0	[{"pid": 829214, "rss_mb": 10156.07421875, "pss_mb": 10018.2060546875, "tag": "main"}, {"pid": 998084, "rss_mb": 79.8828125, "pss_mb": 70.0947265625, "tag": "ffmpeg"}, {"pid": 998126, "rss_mb": 24.13671875, "pss_mb": 14.0341796875, "tag": "ffmpeg"}]
2015.4	3	10375.2	10217.2	10275.8	99.4	0.0	[{"pid": 829214, "rss_mb": 10275.82421875, "pss_mb": 10137.8154296875, "tag": "main"}, {"pid": 998084, "rss_mb": 75.265625, "pss_mb": 65.3486328125, "tag": "ffmpeg"}, {"pid": 998126, "rss_mb": 24.13671875, "pss_mb": 14.0341796875, "tag": "ffmpeg"}]
2020.6	3	10426.8	10269.0	10325.2	101.6	0.0	[{"pid": 829214, "rss_mb": 10325.16796875, "pss_mb": 10187.2197265625, "tag": "main"}, {"pid": 998084, "rss_mb": 77.5078125, "pss_mb": 67.720703125, "tag": "ffmpeg"}, {"pid": 998126, "rss_mb": 24.13671875, "pss_mb": 14.0322265625, "tag": "ffmpeg"}]
2025.8	3	10579.4	10421.6	10476.7	102.8	0.0	[{"pid": 829214, "rss_mb": 10476.66796875, "pss_mb": 10338.6298828125, "tag": "main"}, {"pid": 998084, "rss_mb": 78.6328125, "pss_mb": 68.9111328125, "tag": "ffmpeg"}, {"pid": 998126, "rss_mb": 24.13671875, "pss_mb": 14.0341796875, "tag": "ffmpeg"}]
2031.0	3	10782.4	10624.5	10679.7	102.8	0.0	[{"pid": 829214, "rss_mb": 10679.66796875, "pss_mb": 10541.53125, "tag": "main"}, {"pid": 998084, "rss_mb": 78.6328125, "pss_mb": 68.9111328125, "tag": "ffmpeg"}, {"pid": 998126, "rss_mb": 24.13671875, "pss_mb": 14.0341796875, "tag": "ffmpeg"}]
2036.2	3	10908.0	10750.1	10805.2	102.8	0.0	[{"pid": 829214, "rss_mb": 10805.16796875, "pss_mb": 10667.1552734375, "tag": "main"}, {"pid": 998084, "rss_mb": 78.6953125, "pss_mb": 68.91796875, "tag": "ffmpeg"}, {"pid": 998126, "rss_mb": 24.13671875, "pss_mb": 14.0400390625, "tag": "ffmpeg"}]
2041.5	3	11052.4	10894.5	10952.9	99.5	0.0	[{"pid": 829214, "rss_mb": 10952.91796875, "pss_mb": 10814.8564453125, "tag": "main"}, {"pid": 998084, "rss_mb": 75.37890625, "pss_mb": 65.599609375, "tag": "ffmpeg"}, {"pid": 998126, "rss_mb": 24.13671875, "pss_mb": 14.0390625, "tag": "ffmpeg"}]
2046.7	3	11116.4	10958.6	11014.7	101.8	0.0	[{"pid": 829214, "rss_mb": 11014.66796875, "pss_mb": 10876.5634765625, "tag": "main"}, {"pid": 998084, "rss_mb": 77.61328125, "pss_mb": 67.966796875, "tag": "ffmpeg"}, {"pid": 998126, "rss_mb": 24.13671875, "pss_mb": 14.0390625, "tag": "ffmpeg"}]
2051.9	3	11072.2	10914.2	10970.4	101.8	0.0	[{"pid": 829214, "rss_mb": 10970.421875, "pss_mb": 10832.265625, "tag": "main"}, {"pid": 998084, "rss_mb": 77.640625, "pss_mb": 67.845703125, "tag": "ffmpeg"}, {"pid": 998126, "rss_mb": 24.13671875, "pss_mb": 14.0390625, "tag": "ffmpeg"}]
2057.2	3	11245.9	11088.1	11142.0	103.9	0.0	[{"pid": 829214, "rss_mb": 11142.046875, "pss_mb": 11003.958984375, "tag": "main"}, {"pid": 998084, "rss_mb": 79.765625, "pss_mb": 70.0830078125, "tag": "ffmpeg"}, {"pid": 998126, "rss_mb": 24.13671875, "pss_mb": 14.025390625, "tag": "ffmpeg"}]
2062.4	3	11257.4	11099.5	11153.5	103.9	0.0	[{"pid": 829214, "rss_mb": 11153.546875, "pss_mb": 11015.3837890625, "tag": "main"}, {"pid": 998084, "rss_mb": 79.765625, "pss_mb": 70.095703125, "tag": "ffmpeg"}, {"pid": 998126, "rss_mb": 24.13671875, "pss_mb": 14.0390625, "tag": "ffmpeg"}]
2067.7	3	11413.6	11255.9	11310.7	103.0	0.0	[{"pid": 829214, "rss_mb": 11310.671875, "pss_mb": 11172.5830078125, "tag": "main"}, {"pid": 998084, "rss_mb": 78.70703125, "pss_mb": 69.033203125, "tag": "ffmpeg"}, {"pid": 998126, "rss_mb": 24.26171875, "pss_mb": 14.265625, "tag": "ffmpeg"}]
2072.9	3	11458.6	11300.9	11354.5	104.1	0.0	[{"pid": 829214, "rss_mb": 11354.546875, "pss_mb": 11216.4921875, "tag": "main"}, {"pid": 998084, "rss_mb": 79.828125, "pss_mb": 70.107421875, "tag": "ffmpeg"}, {"pid": 998126, "rss_mb": 24.26171875, "pss_mb": 14.265625, "tag": "ffmpeg"}]
2078.2	3	11584.8	11427.0	11481.7	103.2	0.0	[{"pid": 829214, "rss_mb": 11481.671875, "pss_mb": 11343.6923828125, "tag": "main"}, {"pid": 998084, "rss_mb": 78.91015625, "pss_mb": 69.048828125, "tag": "ffmpeg"}, {"pid": 998126, "rss_mb": 24.26171875, "pss_mb": 14.265625, "tag": "ffmpeg"}]
2083.5	3	11657.4	11499.7	11552.1	105.3	0.0	[{"pid": 829214, "rss_mb": 11552.109375, "pss_mb": 11414.1611328125, "tag": "main"}, {"pid": 998084, "rss_mb": 81.03515625, "pss_mb": 71.294921875, "tag": "ffmpeg"}, {"pid": 998126, "rss_mb": 24.26171875, "pss_mb": 14.2607421875, "tag": "ffmpeg"}]
2088.8	3	11795.6	11637.9	11691.4	104.2	0.0	[{"pid": 829214, "rss_mb": 11691.359375, "pss_mb": 11553.4814453125, "tag": "main"}, {"pid": 998084, "rss_mb": 79.984375, "pss_mb": 70.1943359375, "tag": "ffmpeg"}, {"pid": 998126, "rss_mb": 24.26171875, "pss_mb": 14.2626953125, "tag": "ffmpeg"}]
2094.1	3	11919.8	11762.3	11815.6	104.2	0.0	[{"pid": 829214, "rss_mb": 11815.59765625, "pss_mb": 11677.8466796875, "tag": "main"}, {"pid": 998084, "rss_mb": 79.984375, "pss_mb": 70.2275390625, "tag": "ffmpeg"}, {"pid": 998126, "rss_mb": 24.26171875, "pss_mb": 14.2646484375, "tag": "ffmpeg"}]
2099.4	3	12091.2	11938.4	11989.3	101.9	0.0	[{"pid": 829214, "rss_mb": 11989.34765625, "pss_mb": 11853.9267578125, "tag": "main"}, {"pid": 998084, "rss_mb": 77.61328125, "pss_mb": 70.232421875, "tag": "ffmpeg"}, {"pid": 998126, "rss_mb": 24.26171875, "pss_mb": 14.265625, "tag": "ffmpeg"}]
2104.6	3	12183.7	12026.4	12079.6	104.1	0.0	[{"pid": 829214, "rss_mb": 12079.59765625, "pss_mb": 11941.9345703125, "tag": "main"}, {"pid": 998084, "rss_mb": 79.86328125, "pss_mb": 70.232421875, "tag": "ffmpeg"}, {"pid": 998126, "rss_mb": 24.26171875, "pss_mb": 14.265625, "tag": "ffmpeg"}]
2109.8	3	12338.4	12181.1	12235.3	103.1	0.0	[{"pid": 829214, "rss_mb": 12235.34765625, "pss_mb": 12097.6142578125, "tag": "main"}, {"pid": 998084, "rss_mb": 78.8359375, "pss_mb": 69.173828125, "tag": "ffmpeg"}, {"pid": 998126, "rss_mb": 24.26171875, "pss_mb": 14.27734375, "tag": "ffmpeg"}]
2115.0	3	12405.7	12248.5	12302.7	102.9	0.0	[{"pid": 829214, "rss_mb": 12302.73828125, "pss_mb": 12165.0380859375, "tag": "main"}, {"pid": 998084, "rss_mb": 78.65234375, "pss_mb": 69.1669921875, "tag": "ffmpeg"}, {"pid": 998126, "rss_mb": 24.26171875, "pss_mb": 14.2744140625, "tag": "ffmpeg"}]
2120.3	3	12411.3	12254.2	12308.4	102.9	0.0	[{"pid": 829214, "rss_mb": 12308.36328125, "pss_mb": 12170.7412109375, "tag": "main"}, {"pid": 998084, "rss_mb": 78.65234375, "pss_mb": 69.1640625, "tag": "ffmpeg"}, {"pid": 998126, "rss_mb": 24.26171875, "pss_mb": 14.271484375, "tag": "ffmpeg"}]
2125.5	3	12489.1	12332.0	12385.1	104.0	0.0	[{"pid": 829214, "rss_mb": 12385.11328125, "pss_mb": 12247.4541015625, "tag": "main"}, {"pid": 998084, "rss_mb": 79.7734375, "pss_mb": 70.2265625, "tag": "ffmpeg"}, {"pid": 998126, "rss_mb": 24.26171875, "pss_mb": 14.271484375, "tag": "ffmpeg"}]
2130.7	2	12423.4	12281.4	12399.1	24.3	0.0	[{"pid": 829214, "rss_mb": 12399.11328125, "pss_mb": 12261.509765625, "tag": "main"}, {"pid": 998126, "rss_mb": 24.26171875, "pss_mb": 19.8564453125, "tag": "ffmpeg"}]
2135.9	2	12373.4	12231.3	12349.2	24.3	0.0	[{"pid": 829214, "rss_mb": 12349.15625, "pss_mb": 12211.4794921875, "tag": "main"}, {"pid": 998126, "rss_mb": 24.26171875, "pss_mb": 19.857421875, "tag": "ffmpeg"}]
2141.1	2	12369.4	12227.4	12345.2	24.3	0.0	[{"pid": 829214, "rss_mb": 12345.15625, "pss_mb": 12207.5107421875, "tag": "main"}, {"pid": 998126, "rss_mb": 24.26171875, "pss_mb": 19.8623046875, "tag": "ffmpeg"}]
2146.3	2	12389.4	12247.4	12365.2	24.3	0.0	[{"pid": 829214, "rss_mb": 12365.15625, "pss_mb": 12227.5244140625, "tag": "main"}, {"pid": 998126, "rss_mb": 24.26171875, "pss_mb": 19.87109375, "tag": "ffmpeg"}]
2151.6	2	12453.5	12311.3	12429.2	24.3	0.0	[{"pid": 829214, "rss_mb": 12429.2109375, "pss_mb": 12291.478515625, "tag": "main"}, {"pid": 998126, "rss_mb": 24.26171875, "pss_mb": 19.8544921875, "tag": "ffmpeg"}]
2156.8	2	12473.5	12331.4	12449.2	24.3	0.0	[{"pid": 829214, "rss_mb": 12449.2109375, "pss_mb": 12311.5205078125, "tag": "main"}, {"pid": 998126, "rss_mb": 24.26171875, "pss_mb": 19.87109375, "tag": "ffmpeg"}]
2162.1	2	12381.5	12239.4	12357.2	24.3	0.0	[{"pid": 829214, "rss_mb": 12357.2109375, "pss_mb": 12219.5224609375, "tag": "main"}, {"pid": 998126, "rss_mb": 24.26171875, "pss_mb": 19.8828125, "tag": "ffmpeg"}]
2167.3	2	12445.5	12303.4	12421.2	24.3	0.0	[{"pid": 829214, "rss_mb": 12421.2109375, "pss_mb": 12283.515625, "tag": "main"}, {"pid": 998126, "rss_mb": 24.26171875, "pss_mb": 19.8798828125, "tag": "ffmpeg"}]
2172.6	2	12367.6	12225.5	12343.3	24.3	0.0	[{"pid": 829214, "rss_mb": 12343.3359375, "pss_mb": 12205.60546875, "tag": "main"}, {"pid": 998126, "rss_mb": 24.26171875, "pss_mb": 19.8798828125, "tag": "ffmpeg"}]
2177.9	2	12373.5	12231.4	12349.2	24.3	0.0	[{"pid": 829214, "rss_mb": 12349.2109375, "pss_mb": 12211.484375, "tag": "main"}, {"pid": 998126, "rss_mb": 24.26171875, "pss_mb": 19.8798828125, "tag": "ffmpeg"}]
2183.1	2	12437.5	12295.4	12413.3	24.3	0.0	[{"pid": 829214, "rss_mb": 12413.26953125, "pss_mb": 12275.5224609375, "tag": "main"}, {"pid": 998126, "rss_mb": 24.26171875, "pss_mb": 19.8828125, "tag": "ffmpeg"}]
2188.3	2	12457.6	12315.4	12433.3	24.3	0.0	[{"pid": 829214, "rss_mb": 12433.3046875, "pss_mb": 12295.5185546875, "tag": "main"}, {"pid": 998126, "rss_mb": 24.26171875, "pss_mb": 19.890625, "tag": "ffmpeg"}]
2193.6	2	12409.6	12267.4	12385.3	24.3	0.0	[{"pid": 829214, "rss_mb": 12385.3046875, "pss_mb": 12247.47265625, "tag": "main"}, {"pid": 998126, "rss_mb": 24.26171875, "pss_mb": 19.884765625, "tag": "ffmpeg"}]
2198.8	2	12429.6	12287.4	12405.3	24.3	0.0	[{"pid": 829214, "rss_mb": 12405.3046875, "pss_mb": 12267.5185546875, "tag": "main"}, {"pid": 998126, "rss_mb": 24.26171875, "pss_mb": 19.890625, "tag": "ffmpeg"}]
2204.1	2	12449.6	12307.3	12425.4	24.3	0.0	[{"pid": 829214, "rss_mb": 12425.3828125, "pss_mb": 12287.404296875, "tag": "main"}, {"pid": 998126, "rss_mb": 24.26171875, "pss_mb": 19.890625, "tag": "ffmpeg"}]
2209.4	2	12401.6	12259.3	12377.4	24.3	0.0	[{"pid": 829214, "rss_mb": 12377.3828125, "pss_mb": 12239.3974609375, "tag": "main"}, {"pid": 998126, "rss_mb": 24.26171875, "pss_mb": 19.89453125, "tag": "ffmpeg"}]
2214.6	2	12397.6	12261.3	12373.3	24.3	0.0	[{"pid": 829214, "rss_mb": 12373.32421875, "pss_mb": 12241.400390625, "tag": "main"}, {"pid": 998126, "rss_mb": 24.26171875, "pss_mb": 19.8984375, "tag": "ffmpeg"}]
2219.8	2	11889.3	11746.8	11865.0	24.3	0.0	[{"pid": 829214, "rss_mb": 11865.0, "pss_mb": 11726.8837890625, "tag": "main"}, {"pid": 998126, "rss_mb": 24.26171875, "pss_mb": 19.8876953125, "tag": "ffmpeg"}]
2225.0	2	11953.3	11810.8	11929.0	24.3	0.0	[{"pid": 829214, "rss_mb": 11929.0, "pss_mb": 11790.9228515625, "tag": "main"}, {"pid": 998126, "rss_mb": 24.26171875, "pss_mb": 19.9140625, "tag": "ffmpeg"}]
2230.2	2	11779.5	11637.0	11755.2	24.3	0.0	[{"pid": 829214, "rss_mb": 11755.21875, "pss_mb": 11617.1103515625, "tag": "main"}, {"pid": 998126, "rss_mb": 24.26171875, "pss_mb": 19.9052734375, "tag": "ffmpeg"}]
2235.4	2	11731.5	11589.0	11707.2	24.3	0.0	[{"pid": 829214, "rss_mb": 11707.21875, "pss_mb": 11569.1162109375, "tag": "main"}, {"pid": 998126, "rss_mb": 24.26171875, "pss_mb": 19.908203125, "tag": "ffmpeg"}]
2240.6	2	11727.5	11585.0	11703.2	24.3	0.0	[{"pid": 829214, "rss_mb": 11703.21875, "pss_mb": 11565.1171875, "tag": "main"}, {"pid": 998126, "rss_mb": 24.26171875, "pss_mb": 19.919921875, "tag": "ffmpeg"}]
2245.8	2	11717.6	11581.0	11693.3	24.3	0.0	[{"pid": 829214, "rss_mb": 11693.34375, "pss_mb": 11561.115234375, "tag": "main"}, {"pid": 998126, "rss_mb": 24.26171875, "pss_mb": 19.9189453125, "tag": "ffmpeg"}]
2251.0	2	11743.5	11601.0	11719.2	24.3	0.0	[{"pid": 829214, "rss_mb": 11719.21875, "pss_mb": 11581.1171875, "tag": "main"}, {"pid": 998126, "rss_mb": 24.26171875, "pss_mb": 19.919921875, "tag": "ffmpeg"}]
2256.2	2	11807.5	11665.1	11783.2	24.3	0.0	[{"pid": 829214, "rss_mb": 11783.21875, "pss_mb": 11645.1259765625, "tag": "main"}, {"pid": 998126, "rss_mb": 24.26171875, "pss_mb": 19.92578125, "tag": "ffmpeg"}]
2261.4	2	11803.5	11661.1	11779.2	24.3	0.0	[{"pid": 829214, "rss_mb": 11779.21875, "pss_mb": 11641.126953125, "tag": "main"}, {"pid": 998126, "rss_mb": 24.26171875, "pss_mb": 19.93359375, "tag": "ffmpeg"}]
2266.6	2	11755.5	11613.1	11731.2	24.3	0.0	[{"pid": 829214, "rss_mb": 11731.21875, "pss_mb": 11593.1279296875, "tag": "main"}, {"pid": 998126, "rss_mb": 24.26171875, "pss_mb": 19.93359375, "tag": "ffmpeg"}]
2271.8	2	11819.5	11677.1	11795.2	24.3	0.0	[{"pid": 829214, "rss_mb": 11795.21875, "pss_mb": 11657.126953125, "tag": "main"}, {"pid": 998126, "rss_mb": 24.26171875, "pss_mb": 19.93359375, "tag": "ffmpeg"}]
2277.0	2	11770.2	11627.9	11746.0	24.3	0.0	[{"pid": 829214, "rss_mb": 11745.96875, "pss_mb": 11607.904296875, "tag": "main"}, {"pid": 998126, "rss_mb": 24.26171875, "pss_mb": 19.9609375, "tag": "ffmpeg"}]
2282.1	2	9002.7	8860.2	8978.4	24.3	0.0	[{"pid": 829214, "rss_mb": 8978.40625, "pss_mb": 8840.279296875, "tag": "main"}, {"pid": 998126, "rss_mb": 24.26171875, "pss_mb": 19.9609375, "tag": "ffmpeg"}]
2287.3	2	9002.7	8860.2	8978.4	24.3	0.0	[{"pid": 829214, "rss_mb": 8978.40625, "pss_mb": 8840.2646484375, "tag": "main"}, {"pid": 998126, "rss_mb": 24.26171875, "pss_mb": 19.9609375, "tag": "ffmpeg"}]
2292.4	3	8787.2	8632.2	8692.6	94.5	0.0	[{"pid": 829214, "rss_mb": 8692.63671875, "pss_mb": 8554.9384765625, "tag": "main"}, {"pid": 1024989, "rss_mb": 77.29296875, "pss_mb": 68.798828125, "tag": "ffmpeg"}, {"pid": 1025049, "rss_mb": 17.25, "pss_mb": 8.5107421875, "tag": "ffmpeg"}]
2297.7	3	8970.3	8815.6	8877.0	93.3	0.0	[{"pid": 829214, "rss_mb": 8877.01171875, "pss_mb": 8739.505859375, "tag": "main"}, {"pid": 1024989, "rss_mb": 76.0703125, "pss_mb": 67.623046875, "tag": "ffmpeg"}, {"pid": 1025049, "rss_mb": 17.25, "pss_mb": 8.5107421875, "tag": "ffmpeg"}]
2302.8	3	9084.9	8930.1	8989.1	95.8	0.0	[{"pid": 829214, "rss_mb": 8989.09375, "pss_mb": 8851.3896484375, "tag": "main"}, {"pid": 1024989, "rss_mb": 78.51171875, "pss_mb": 70.15234375, "tag": "ffmpeg"}, {"pid": 1025049, "rss_mb": 17.25, "pss_mb": 8.5087890625, "tag": "ffmpeg"}]
2308.0	3	9201.1	9046.1	9102.8	98.3	0.0	[{"pid": 829214, "rss_mb": 9102.84375, "pss_mb": 8965.0966796875, "tag": "main"}, {"pid": 1024989, "rss_mb": 81.01171875, "pss_mb": 72.541015625, "tag": "ffmpeg"}, {"pid": 1025049, "rss_mb": 17.25, "pss_mb": 8.5107421875, "tag": "ffmpeg"}]
2313.2	3	9433.6	9278.7	9339.8	93.8	0.0	[{"pid": 829214, "rss_mb": 9339.84375, "pss_mb": 9202.1474609375, "tag": "main"}, {"pid": 1024989, "rss_mb": 76.51171875, "pss_mb": 68.037109375, "tag": "ffmpeg"}, {"pid": 1025049, "rss_mb": 17.25, "pss_mb": 8.5107421875, "tag": "ffmpeg"}]
2318.5	3	9549.1	9394.0	9455.3	93.8	0.0	[{"pid": 829214, "rss_mb": 9455.34375, "pss_mb": 9317.6123046875, "tag": "main"}, {"pid": 1024989, "rss_mb": 76.55078125, "pss_mb": 67.919921875, "tag": "ffmpeg"}, {"pid": 1025049, "rss_mb": 17.25, "pss_mb": 8.5107421875, "tag": "ffmpeg"}]
2323.8	3	9577.8	9422.9	9480.8	97.1	0.0	[{"pid": 829214, "rss_mb": 9480.765625, "pss_mb": 9343.0146484375, "tag": "main"}, {"pid": 1024989, "rss_mb": 79.80078125, "pss_mb": 71.3603515625, "tag": "ffmpeg"}, {"pid": 1025049, "rss_mb": 17.25, "pss_mb": 8.5087890625, "tag": "ffmpeg"}]
2328.9	3	9721.7	9569.6	9628.0	93.7	0.0	[{"pid": 829214, "rss_mb": 9628.03125, "pss_mb": 9493.2060546875, "tag": "main"}, {"pid": 1024989, "rss_mb": 76.4375, "pss_mb": 67.927734375, "tag": "ffmpeg"}, {"pid": 1025049, "rss_mb": 17.25, "pss_mb": 8.5107421875, "tag": "ffmpeg"}]
2334.1	3	9802.3	9647.3	9709.5	92.8	0.0	[{"pid": 829214, "rss_mb": 9709.53125, "pss_mb": 9571.8310546875, "tag": "main"}, {"pid": 1024989, "rss_mb": 75.515625, "pss_mb": 66.986328125, "tag": "ffmpeg"}, {"pid": 1025049, "rss_mb": 17.25, "pss_mb": 8.5107421875, "tag": "ffmpeg"}]
2339.3	3	10018.6	9863.6	9924.9	93.7	0.0	[{"pid": 829214, "rss_mb": 9924.90625, "pss_mb": 9787.2373046875, "tag": "main"}, {"pid": 1024989, "rss_mb": 76.453125, "pss_mb": 67.806640625, "tag": "ffmpeg"}, {"pid": 1025049, "rss_mb": 17.25, "pss_mb": 8.5107421875, "tag": "ffmpeg"}]
2344.5	3	10090.4	9935.3	9996.7	93.7	0.0	[{"pid": 829214, "rss_mb": 9996.65625, "pss_mb": 9858.9521484375, "tag": "main"}, {"pid": 1024989, "rss_mb": 76.4453125, "pss_mb": 67.806640625, "tag": "ffmpeg"}, {"pid": 1025049, "rss_mb": 17.25, "pss_mb": 8.5107421875, "tag": "ffmpeg"}]
2349.8	3	10109.6	9952.1	10008.5	101.1	0.0	[{"pid": 829214, "rss_mb": 10008.48046875, "pss_mb": 9870.6533203125, "tag": "main"}, {"pid": 1024989, "rss_mb": 77.5703125, "pss_mb": 67.7568359375, "tag": "ffmpeg"}, {"pid": 1025049, "rss_mb": 23.5703125, "pss_mb": 13.66796875, "tag": "ffmpeg"}]
2355.0	3	10176.7	10019.0	10079.9	96.8	0.0	[{"pid": 829214, "rss_mb": 10079.89453125, "pss_mb": 9942.0576171875, "tag": "main"}, {"pid": 1024989, "rss_mb": 73.19140625, "pss_mb": 63.2568359375, "tag": "ffmpeg"}, {"pid": 1025049, "rss_mb": 23.5703125, "pss_mb": 13.66796875, "tag": "ffmpeg"}]
2360.2	3	10299.3	10141.7	10195.6	103.6	0.0	[{"pid": 829214, "rss_mb": 10195.64453125, "pss_mb": 10057.748046875, "tag": "main"}, {"pid": 1024989, "rss_mb": 80.06640625, "pss_mb": 70.2431640625, "tag": "ffmpeg"}, {"pid": 1025049, "rss_mb": 23.5703125, "pss_mb": 13.66015625, "tag": "ffmpeg"}]
2365.5	3	10460.7	10303.2	10357.0	103.7	0.0	[{"pid": 829214, "rss_mb": 10357.01953125, "pss_mb": 10219.154296875, "tag": "main"}, {"pid": 1024989, "rss_mb": 80.1328125, "pss_mb": 70.3681640625, "tag": "ffmpeg"}, {"pid": 1025049, "rss_mb": 23.5703125, "pss_mb": 13.6611328125, "tag": "ffmpeg"}]
2370.8	3	10555.8	10398.1	10454.3	101.6	0.0	[{"pid": 829214, "rss_mb": 10454.26953125, "pss_mb": 10316.3525390625, "tag": "main"}, {"pid": 1024989, "rss_mb": 78.00390625, "pss_mb": 68.0556640625, "tag": "ffmpeg"}, {"pid": 1025049, "rss_mb": 23.5703125, "pss_mb": 13.66015625, "tag": "ffmpeg"}]
2376.0	3	10618.6	10461.1	10513.8	104.8	0.0	[{"pid": 829214, "rss_mb": 10513.76953125, "pss_mb": 10375.9658203125, "tag": "main"}, {"pid": 1024989, "rss_mb": 81.25390625, "pss_mb": 71.4892578125, "tag": "ffmpeg"}, {"pid": 1025049, "rss_mb": 23.5703125, "pss_mb": 13.66015625, "tag": "ffmpeg"}]
2381.2	3	10752.6	10595.3	10645.5	107.1	0.0	[{"pid": 829214, "rss_mb": 10645.51953125, "pss_mb": 10507.6767578125, "tag": "main"}, {"pid": 1024989, "rss_mb": 83.50390625, "pss_mb": 73.9228515625, "tag": "ffmpeg"}, {"pid": 1025049, "rss_mb": 23.5703125, "pss_mb": 13.6650390625, "tag": "ffmpeg"}]
2386.5	3	10824.9	10667.5	10718.9	106.0	0.0	[{"pid": 829214, "rss_mb": 10718.89453125, "pss_mb": 10581.087890625, "tag": "main"}, {"pid": 1024989, "rss_mb": 82.4375, "pss_mb": 72.7412109375, "tag": "ffmpeg"}, {"pid": 1025049, "rss_mb": 23.5703125, "pss_mb": 13.66796875, "tag": "ffmpeg"}]
2391.7	3	10940.7	10783.2	10834.6	106.0	0.0	[{"pid": 829214, "rss_mb": 10834.64453125, "pss_mb": 10696.7900390625, "tag": "main"}, {"pid": 1024989, "rss_mb": 82.4375, "pss_mb": 72.7412109375, "tag": "ffmpeg"}, {"pid": 1025049, "rss_mb": 23.5703125, "pss_mb": 13.66796875, "tag": "ffmpeg"}]
2397.0	3	10947.4	10800.7	10842.3	105.0	0.0	[{"pid": 829214, "rss_mb": 10842.33203125, "pss_mb": 10715.3017578125, "tag": "main"}, {"pid": 1024989, "rss_mb": 81.47265625, "pss_mb": 71.6748046875, "tag": "ffmpeg"}, {"pid": 1025049, "rss_mb": 23.5703125, "pss_mb": 13.6748046875, "tag": "ffmpeg"}]
2402.1	3	11018.4	10861.1	10912.2	106.2	0.0	[{"pid": 829214, "rss_mb": 10912.20703125, "pss_mb": 10774.673828125, "tag": "main"}, {"pid": 1024989, "rss_mb": 82.59765625, "pss_mb": 72.7373046875, "tag": "ffmpeg"}, {"pid": 1025049, "rss_mb": 23.5703125, "pss_mb": 13.67578125, "tag": "ffmpeg"}]
2407.4	3	11144.0	10986.8	11037.8	106.2	0.0	[{"pid": 829214, "rss_mb": 11037.83203125, "pss_mb": 10900.376953125, "tag": "main"}, {"pid": 1024989, "rss_mb": 82.59765625, "pss_mb": 72.7373046875, "tag": "ffmpeg"}, {"pid": 1025049, "rss_mb": 23.5703125, "pss_mb": 13.67578125, "tag": "ffmpeg"}]
2412.7	3	11256.0	11098.7	11149.8	106.2	0.0	[{"pid": 829214, "rss_mb": 11149.83203125, "pss_mb": 11012.2626953125, "tag": "main"}, {"pid": 1024989, "rss_mb": 82.6015625, "pss_mb": 72.7451171875, "tag": "ffmpeg"}, {"pid": 1025049, "rss_mb": 23.5703125, "pss_mb": 13.67578125, "tag": "ffmpeg"}]
2417.9	3	11400.3	11242.8	11294.1	106.2	0.0	[{"pid": 829214, "rss_mb": 11294.08203125, "pss_mb": 11156.4404296875, "tag": "main"}, {"pid": 1024989, "rss_mb": 82.6015625, "pss_mb": 72.73828125, "tag": "ffmpeg"}, {"pid": 1025049, "rss_mb": 23.5703125, "pss_mb": 13.6708984375, "tag": "ffmpeg"}]
2423.1	3	11473.8	11316.3	11367.6	106.2	0.0	[{"pid": 829214, "rss_mb": 11367.60546875, "pss_mb": 11229.8525390625, "tag": "main"}, {"pid": 1024989, "rss_mb": 82.6015625, "pss_mb": 72.7451171875, "tag": "ffmpeg"}, {"pid": 1025049, "rss_mb": 23.5703125, "pss_mb": 13.6748046875, "tag": "ffmpeg"}]
2428.4	3	11512.4	11359.4	11430.0	82.4	0.0	[{"pid": 829214, "rss_mb": 11429.98046875, "pss_mb": 11296.8408203125, "tag": "main"}, {"pid": 1024989, "rss_mb": 58.85546875, "pss_mb": 48.853515625, "tag": "ffmpeg"}, {"pid": 1025049, "rss_mb": 23.5703125, "pss_mb": 13.67578125, "tag": "ffmpeg"}]
2433.6	2	11595.7	11453.5	11572.1	23.6	0.0	[{"pid": 829214, "rss_mb": 11572.10546875, "pss_mb": 11434.4052734375, "tag": "main"}, {"pid": 1025049, "rss_mb": 23.5703125, "pss_mb": 19.1259765625, "tag": "ffmpeg"}]
2438.8	2	11545.7	11403.5	11522.1	23.6	0.0	[{"pid": 829214, "rss_mb": 11522.12109375, "pss_mb": 11384.40625, "tag": "main"}, {"pid": 1025049, "rss_mb": 23.5703125, "pss_mb": 19.1259765625, "tag": "ffmpeg"}]
2444.1	2	11721.1	11578.9	11697.5	23.6	0.0	[{"pid": 829214, "rss_mb": 11697.49609375, "pss_mb": 11559.8125, "tag": "main"}, {"pid": 1025049, "rss_mb": 23.5703125, "pss_mb": 19.1259765625, "tag": "ffmpeg"}]
2449.3	2	11786.8	11644.7	11763.2	23.6	0.0	[{"pid": 829214, "rss_mb": 11763.24609375, "pss_mb": 11625.51953125, "tag": "main"}, {"pid": 1025049, "rss_mb": 23.5703125, "pss_mb": 19.138671875, "tag": "ffmpeg"}]
2454.6	2	11894.2	11752.1	11870.6	23.6	0.0	[{"pid": 829214, "rss_mb": 11870.609375, "pss_mb": 11732.921875, "tag": "main"}, {"pid": 1025049, "rss_mb": 23.5703125, "pss_mb": 19.1376953125, "tag": "ffmpeg"}]
2459.9	2	11914.2	11772.1	11890.6	23.6	0.0	[{"pid": 829214, "rss_mb": 11890.609375, "pss_mb": 11752.921875, "tag": "main"}, {"pid": 1025049, "rss_mb": 23.5703125, "pss_mb": 19.138671875, "tag": "ffmpeg"}]
2465.1	2	11822.2	11680.0	11798.6	23.6	0.0	[{"pid": 829214, "rss_mb": 11798.609375, "pss_mb": 11660.9140625, "tag": "main"}, {"pid": 1025049, "rss_mb": 23.5703125, "pss_mb": 19.111328125, "tag": "ffmpeg"}]
2470.4	2	11816.2	11674.0	11792.6	23.6	0.0	[{"pid": 829214, "rss_mb": 11792.609375, "pss_mb": 11654.90234375, "tag": "main"}, {"pid": 1025049, "rss_mb": 23.5703125, "pss_mb": 19.1279296875, "tag": "ffmpeg"}]
2475.7	2	11904.2	11762.0	11880.6	23.6	0.0	[{"pid": 829214, "rss_mb": 11880.609375, "pss_mb": 11742.908203125, "tag": "main"}, {"pid": 1025049, "rss_mb": 23.5703125, "pss_mb": 19.138671875, "tag": "ffmpeg"}]
2481.0	2	11856.2	11714.1	11832.6	23.6	0.0	[{"pid": 829214, "rss_mb": 11832.609375, "pss_mb": 11694.9111328125, "tag": "main"}, {"pid": 1025049, "rss_mb": 23.5703125, "pss_mb": 19.1396484375, "tag": "ffmpeg"}]
2486.3	2	11876.2	11734.1	11852.6	23.6	0.0	[{"pid": 829214, "rss_mb": 11852.609375, "pss_mb": 11714.9208984375, "tag": "main"}, {"pid": 1025049, "rss_mb": 23.5703125, "pss_mb": 19.1455078125, "tag": "ffmpeg"}]
2491.5	2	11896.2	11754.1	11872.6	23.6	0.0	[{"pid": 829214, "rss_mb": 11872.609375, "pss_mb": 11734.9208984375, "tag": "main"}, {"pid": 1025049, "rss_mb": 23.5703125, "pss_mb": 19.1455078125, "tag": "ffmpeg"}]
2496.7	2	11804.2	11662.1	11780.6	23.6	0.0	[{"pid": 829214, "rss_mb": 11780.625, "pss_mb": 11642.921875, "tag": "main"}, {"pid": 1025049, "rss_mb": 23.5703125, "pss_mb": 19.146484375, "tag": "ffmpeg"}]
2502.0	2	11824.2	11682.1	11800.6	23.6	0.0	[{"pid": 829214, "rss_mb": 11800.625, "pss_mb": 11662.916015625, "tag": "main"}, {"pid": 1025049, "rss_mb": 23.5703125, "pss_mb": 19.1572265625, "tag": "ffmpeg"}]
2507.2	2	11888.2	11746.1	11864.6	23.6	0.0	[{"pid": 829214, "rss_mb": 11864.625, "pss_mb": 11726.9111328125, "tag": "main"}, {"pid": 1025049, "rss_mb": 23.5703125, "pss_mb": 19.154296875, "tag": "ffmpeg"}]
2512.4	2	11908.2	11766.1	11884.6	23.6	0.0	[{"pid": 829214, "rss_mb": 11884.625, "pss_mb": 11746.91796875, "tag": "main"}, {"pid": 1025049, "rss_mb": 23.5703125, "pss_mb": 19.158203125, "tag": "ffmpeg"}]
2517.7	2	11816.3	11674.0	11792.7	23.6	0.0	[{"pid": 829214, "rss_mb": 11792.703125, "pss_mb": 11654.81640625, "tag": "main"}, {"pid": 1025049, "rss_mb": 23.5703125, "pss_mb": 19.158203125, "tag": "ffmpeg"}]
2523.0	2	11900.3	11758.0	11876.7	23.6	0.0	[{"pid": 829214, "rss_mb": 11876.703125, "pss_mb": 11738.814453125, "tag": "main"}, {"pid": 1025049, "rss_mb": 23.5703125, "pss_mb": 19.1650390625, "tag": "ffmpeg"}]
2528.2	2	11827.8	11686.0	11804.2	23.6	0.0	[{"pid": 829214, "rss_mb": 11804.203125, "pss_mb": 11666.8154296875, "tag": "main"}, {"pid": 1025049, "rss_mb": 23.5703125, "pss_mb": 19.1650390625, "tag": "ffmpeg"}]
2533.4	2	11892.3	11750.0	11868.7	23.6	0.0	[{"pid": 829214, "rss_mb": 11868.703125, "pss_mb": 11730.8115234375, "tag": "main"}, {"pid": 1025049, "rss_mb": 23.5703125, "pss_mb": 19.1630859375, "tag": "ffmpeg"}]
2538.6	2	11856.3	11713.9	11832.7	23.6	0.0	[{"pid": 829214, "rss_mb": 11832.71875, "pss_mb": 11694.7666015625, "tag": "main"}, {"pid": 1025049, "rss_mb": 23.5703125, "pss_mb": 19.169921875, "tag": "ffmpeg"}]
2543.9	2	11129.6	10987.2	11106.0	23.6	0.0	[{"pid": 829214, "rss_mb": 11105.984375, "pss_mb": 10968.0185546875, "tag": "main"}, {"pid": 1025049, "rss_mb": 23.5703125, "pss_mb": 19.1708984375, "tag": "ffmpeg"}]
2549.1	2	11193.6	11051.2	11170.0	23.6	0.0	[{"pid": 829214, "rss_mb": 11169.984375, "pss_mb": 11032.0234375, "tag": "main"}, {"pid": 1025049, "rss_mb": 23.5703125, "pss_mb": 19.173828125, "tag": "ffmpeg"}]
2554.3	2	11145.6	11003.2	11122.0	23.6	0.0	[{"pid": 829214, "rss_mb": 11121.984375, "pss_mb": 10984.021484375, "tag": "main"}, {"pid": 1025049, "rss_mb": 23.5703125, "pss_mb": 19.1884765625, "tag": "ffmpeg"}]
2559.5	2	11203.6	11061.2	11180.0	23.6	0.0	[{"pid": 829214, "rss_mb": 11179.984375, "pss_mb": 11042.0234375, "tag": "main"}, {"pid": 1025049, "rss_mb": 23.5703125, "pss_mb": 19.189453125, "tag": "ffmpeg"}]
2564.6	2	11185.6	11043.2	11162.0	23.6	0.0	[{"pid": 829214, "rss_mb": 11161.984375, "pss_mb": 11024.01953125, "tag": "main"}, {"pid": 1025049, "rss_mb": 23.5703125, "pss_mb": 19.189453125, "tag": "ffmpeg"}]
2569.8	2	11181.6	11039.2	11158.0	23.6	0.0	[{"pid": 829214, "rss_mb": 11157.984375, "pss_mb": 11020.0185546875, "tag": "main"}, {"pid": 1025049, "rss_mb": 23.5703125, "pss_mb": 19.1865234375, "tag": "ffmpeg"}]
2575.0	2	11133.6	10991.2	11110.0	23.6	0.0	[{"pid": 829214, "rss_mb": 11109.984375, "pss_mb": 10972.0224609375, "tag": "main"}, {"pid": 1025049, "rss_mb": 23.5703125, "pss_mb": 19.2001953125, "tag": "ffmpeg"}]
2580.2	2	11197.6	11055.2	11174.0	23.6	0.0	[{"pid": 829214, "rss_mb": 11173.984375, "pss_mb": 11036.0126953125, "tag": "main"}, {"pid": 1025049, "rss_mb": 23.5703125, "pss_mb": 19.1943359375, "tag": "ffmpeg"}]
2585.4	2	11173.7	11048.9	11150.1	23.6	0.0	[{"pid": 829214, "rss_mb": 11150.109375, "pss_mb": 11029.671875, "tag": "main"}, {"pid": 1025049, "rss_mb": 23.5703125, "pss_mb": 19.1943359375, "tag": "ffmpeg"}]
2590.6	2	9857.6	9715.2	9834.0	23.6	0.0	[{"pid": 829214, "rss_mb": 9834.046875, "pss_mb": 9696.041015625, "tag": "main"}, {"pid": 1025049, "rss_mb": 23.5703125, "pss_mb": 19.2021484375, "tag": "ffmpeg"}]
2595.8	2	9857.6	9715.2	9834.0	23.6	0.0	[{"pid": 829214, "rss_mb": 9834.046875, "pss_mb": 9696.0400390625, "tag": "main"}, {"pid": 1025049, "rss_mb": 23.5703125, "pss_mb": 19.2021484375, "tag": "ffmpeg"}]
2601.0	3	10017.5	9867.9	9931.1	86.4	0.0	[{"pid": 829214, "rss_mb": 9931.0703125, "pss_mb": 9797.6201171875, "tag": "main"}, {"pid": 1050587, "rss_mb": 69.140625, "pss_mb": 61.935546875, "tag": "ffmpeg"}, {"pid": 1050628, "rss_mb": 17.25, "pss_mb": 8.294921875, "tag": "ffmpeg"}]
2606.3	3	10477.8	10323.2	10388.9	88.9	0.0	[{"pid": 829214, "rss_mb": 10388.9453125, "pss_mb": 10251.6962890625, "tag": "main"}, {"pid": 1050587, "rss_mb": 71.60546875, "pss_mb": 63.2431640625, "tag": "ffmpeg"}, {"pid": 1050628, "rss_mb": 17.25, "pss_mb": 8.298828125, "tag": "ffmpeg"}]
2611.5	3	10713.6	10559.1	10623.6	90.0	0.0	[{"pid": 829214, "rss_mb": 10623.5703125, "pss_mb": 10486.34765625, "tag": "main"}, {"pid": 1050587, "rss_mb": 72.73046875, "pss_mb": 64.4248046875, "tag": "ffmpeg"}, {"pid": 1050628, "rss_mb": 17.25, "pss_mb": 8.29296875, "tag": "ffmpeg"}]
2616.7	3	10732.1	10577.6	10637.4	94.7	0.0	[{"pid": 829214, "rss_mb": 10637.390625, "pss_mb": 10500.0673828125, "tag": "main"}, {"pid": 1050587, "rss_mb": 77.48046875, "pss_mb": 69.2666015625, "tag": "ffmpeg"}, {"pid": 1050628, "rss_mb": 17.25, "pss_mb": 8.3037109375, "tag": "ffmpeg"}]
2621.9	3	10802.7	10648.0	10708.9	93.8	0.0	[{"pid": 829214, "rss_mb": 10708.85546875, "pss_mb": 10571.5322265625, "tag": "main"}, {"pid": 1050587, "rss_mb": 76.5703125, "pss_mb": 68.193359375, "tag": "ffmpeg"}, {"pid": 1050628, "rss_mb": 17.25, "pss_mb": 8.296875, "tag": "ffmpeg"}]
2627.1	3	10918.3	10763.8	10824.4	94.0	0.0	[{"pid": 829214, "rss_mb": 10824.35546875, "pss_mb": 10687.1767578125, "tag": "main"}, {"pid": 1050587, "rss_mb": 76.72265625, "pss_mb": 68.3212890625, "tag": "ffmpeg"}, {"pid": 1050628, "rss_mb": 17.25, "pss_mb": 8.3037109375, "tag": "ffmpeg"}]
2632.4	3	10921.3	10766.6	10826.2	95.2	0.0	[{"pid": 829214, "rss_mb": 10826.16796875, "pss_mb": 10688.8740234375, "tag": "main"}, {"pid": 1050587, "rss_mb": 77.90234375, "pss_mb": 69.384765625, "tag": "ffmpeg"}, {"pid": 1050628, "rss_mb": 17.25, "pss_mb": 8.2998046875, "tag": "ffmpeg"}]
2637.6	3	11194.9	11040.2	11098.8	96.2	0.0	[{"pid": 829214, "rss_mb": 11098.79296875, "pss_mb": 10961.47265625, "tag": "main"}, {"pid": 1050587, "rss_mb": 78.90234375, "pss_mb": 70.447265625, "tag": "ffmpeg"}, {"pid": 1050628, "rss_mb": 17.25, "pss_mb": 8.30078125, "tag": "ffmpeg"}]
2642.8	3	11162.5	11007.9	11066.4	96.1	0.0	[{"pid": 829214, "rss_mb": 11066.43359375, "pss_mb": 10929.16796875, "tag": "main"}, {"pid": 1050587, "rss_mb": 78.8046875, "pss_mb": 70.443359375, "tag": "ffmpeg"}, {"pid": 1050628, "rss_mb": 17.25, "pss_mb": 8.287109375, "tag": "ffmpeg"}]
2648.1	3	11359.6	11205.1	11263.5	96.1	0.0	[{"pid": 829214, "rss_mb": 11263.5390625, "pss_mb": 11126.373046875, "tag": "main"}, {"pid": 1050587, "rss_mb": 78.8046875, "pss_mb": 70.443359375, "tag": "ffmpeg"}, {"pid": 1050628, "rss_mb": 17.25, "pss_mb": 8.2998046875, "tag": "ffmpeg"}]
2653.3	3	11493.7	11339.3	11398.9	94.8	0.0	[{"pid": 829214, "rss_mb": 11398.9140625, "pss_mb": 11261.6962890625, "tag": "main"}, {"pid": 1050587, "rss_mb": 77.55859375, "pss_mb": 69.2626953125, "tag": "ffmpeg"}, {"pid": 1050628, "rss_mb": 17.25, "pss_mb": 8.3037109375, "tag": "ffmpeg"}]
2658.5	3	11617.5	11463.0	11522.7	94.8	0.0	[{"pid": 829214, "rss_mb": 11522.6640625, "pss_mb": 11385.3994140625, "tag": "main"}, {"pid": 1050587, "rss_mb": 77.55859375, "pss_mb": 69.2626953125, "tag": "ffmpeg"}, {"pid": 1050628, "rss_mb": 17.25, "pss_mb": 8.3037109375, "tag": "ffmpeg"}]
2663.7	3	11635.1	11478.5	11540.3	94.8	0.0	[{"pid": 829214, "rss_mb": 11540.2890625, "pss_mb": 11403.1103515625, "tag": "main"}, {"pid": 1050587, "rss_mb": 77.55859375, "pss_mb": 67.1337890625, "tag": "ffmpeg"}, {"pid": 1050628, "rss_mb": 17.25, "pss_mb": 8.3037109375, "tag": "ffmpeg"}]
2669.0	3	11692.0	11534.7	11592.1	100.0	0.0	[{"pid": 829214, "rss_mb": 11592.06640625, "pss_mb": 11454.9052734375, "tag": "main"}, {"pid": 1050587, "rss_mb": 76.5390625, "pss_mb": 66.716796875, "tag": "ffmpeg"}, {"pid": 1050628, "rss_mb": 23.4375, "pss_mb": 13.0615234375, "tag": "ffmpeg"}]
2674.3	3	11924.9	11767.4	11822.8	102.1	0.0	[{"pid": 829214, "rss_mb": 11822.81640625, "pss_mb": 11685.3837890625, "tag": "main"}, {"pid": 1050587, "rss_mb": 78.6640625, "pss_mb": 69.001953125, "tag": "ffmpeg"}, {"pid": 1050628, "rss_mb": 23.4375, "pss_mb": 13.0615234375, "tag": "ffmpeg"}]
2679.6	3	11983.4	11826.1	11884.6	98.8	0.0	[{"pid": 829214, "rss_mb": 11884.58203125, "pss_mb": 11747.3310546875, "tag": "main"}, {"pid": 1050587, "rss_mb": 75.38671875, "pss_mb": 65.689453125, "tag": "ffmpeg"}, {"pid": 1050628, "rss_mb": 23.4375, "pss_mb": 13.0615234375, "tag": "ffmpeg"}]
2684.9	3	12118.2	11960.8	12016.0	102.2	0.0	[{"pid": 829214, "rss_mb": 12015.95703125, "pss_mb": 11878.7314453125, "tag": "main"}, {"pid": 1050587, "rss_mb": 78.76171875, "pss_mb": 69.021484375, "tag": "ffmpeg"}, {"pid": 1050628, "rss_mb": 23.4375, "pss_mb": 13.0576171875, "tag": "ffmpeg"}]
2690.1	3	12182.7	12025.3	12081.7	101.0	0.0	[{"pid": 829214, "rss_mb": 12081.6796875, "pss_mb": 11944.43359375, "tag": "main"}, {"pid": 1050587, "rss_mb": 77.578125, "pss_mb": 67.853515625, "tag": "ffmpeg"}, {"pid": 1050628, "rss_mb": 23.4375, "pss_mb": 13.0576171875, "tag": "ffmpeg"}]
2695.3	3	12273.2	12115.7	12172.2	101.0	0.0	[{"pid": 829214, "rss_mb": 12172.15625, "pss_mb": 12034.8388671875, "tag": "main"}, {"pid": 1050587, "rss_mb": 77.578125, "pss_mb": 67.8505859375, "tag": "ffmpeg"}, {"pid": 1050628, "rss_mb": 23.4375, "pss_mb": 13.0546875, "tag": "ffmpeg"}]
2700.6	3	12324.9	12167.3	12224.9	100.0	0.0	[{"pid": 829214, "rss_mb": 12224.90625, "pss_mb": 12087.5390625, "tag": "main"}, {"pid": 1050587, "rss_mb": 76.515625, "pss_mb": 66.6630859375, "tag": "ffmpeg"}, {"pid": 1050628, "rss_mb": 23.4375, "pss_mb": 13.0546875, "tag": "ffmpeg"}]
2705.8	3	12514.5	12356.9	12414.5	100.0	0.0	[{"pid": 829214, "rss_mb": 12414.53125, "pss_mb": 12277.2373046875, "tag": "main"}, {"pid": 1050587, "rss_mb": 76.515625, "pss_mb": 66.66015625, "tag": "ffmpeg"}, {"pid": 1050628, "rss_mb": 23.4375, "pss_mb": 13.0517578125, "tag": "ffmpeg"}]
2711.1	3	12516.6	12359.0	12414.3	102.3	0.0	[{"pid": 829214, "rss_mb": 12414.29296875, "pss_mb": 12276.9453125, "tag": "main"}, {"pid": 1050587, "rss_mb": 78.890625, "pss_mb": 69.03515625, "tag": "ffmpeg"}, {"pid": 1050628, "rss_mb": 23.4375, "pss_mb": 13.0546875, "tag": "ffmpeg"}]
2716.4	3	12751.5	12594.0	12647.8	103.7	0.0	[{"pid": 829214, "rss_mb": 12647.79296875, "pss_mb": 12510.5498046875, "tag": "main"}, {"pid": 1050587, "rss_mb": 80.25390625, "pss_mb": 70.353515625, "tag": "ffmpeg"}, {"pid": 1050628, "rss_mb": 23.4375, "pss_mb": 13.0615234375, "tag": "ffmpeg"}]
2721.7	3	12875.9	12718.3	12773.4	102.5	0.0	[{"pid": 829214, "rss_mb": 12773.44921875, "pss_mb": 12636.146484375, "tag": "main"}, {"pid": 1050587, "rss_mb": 79.01953125, "pss_mb": 69.0478515625, "tag": "ffmpeg"}, {"pid": 1050628, "rss_mb": 23.4375, "pss_mb": 13.0615234375, "tag": "ffmpeg"}]
2727.0	3	13082.8	12925.3	12981.4	101.3	0.0	[{"pid": 829214, "rss_mb": 12981.44921875, "pss_mb": 12844.3359375, "tag": "main"}, {"pid": 1050587, "rss_mb": 77.890625, "pss_mb": 67.8564453125, "tag": "ffmpeg"}, {"pid": 1050628, "rss_mb": 23.4375, "pss_mb": 13.0615234375, "tag": "ffmpeg"}]
2732.2	3	13282.4	13124.9	13178.8	103.6	0.0	[{"pid": 829214, "rss_mb": 13178.84765625, "pss_mb": 13041.6201171875, "tag": "main"}, {"pid": 1050587, "rss_mb": 80.140625, "pss_mb": 70.2275390625, "tag": "ffmpeg"}, {"pid": 1050628, "rss_mb": 23.4375, "pss_mb": 13.0654296875, "tag": "ffmpeg"}]
2737.5	3	13426.8	13269.5	13321.0	105.8	0.0	[{"pid": 829214, "rss_mb": 13320.97265625, "pss_mb": 13183.8037109375, "tag": "main"}, {"pid": 1050587, "rss_mb": 82.390625, "pss_mb": 72.599609375, "tag": "ffmpeg"}, {"pid": 1050628, "rss_mb": 23.4375, "pss_mb": 13.06640625, "tag": "ffmpeg"}]
2742.8	3	13523.3	13365.8	13418.4	104.9	0.0	[{"pid": 829214, "rss_mb": 13418.3984375, "pss_mb": 13281.2109375, "tag": "main"}, {"pid": 1050587, "rss_mb": 81.4453125, "pss_mb": 71.533203125, "tag": "ffmpeg"}, {"pid": 1050628, "rss_mb": 23.4375, "pss_mb": 13.06640625, "tag": "ffmpeg"}]
2748.1	3	13563.8	13406.4	13466.0	97.8	0.0	[{"pid": 829214, "rss_mb": 13466.0234375, "pss_mb": 13328.9169921875, "tag": "main"}, {"pid": 1050587, "rss_mb": 74.38671875, "pss_mb": 64.416015625, "tag": "ffmpeg"}, {"pid": 1050628, "rss_mb": 23.4375, "pss_mb": 13.0654296875, "tag": "ffmpeg"}]
2753.3	3	13558.6	13396.6	13457.4	101.2	0.0	[{"pid": 829214, "rss_mb": 13457.40625, "pss_mb": 13320.21875, "tag": "main"}, {"pid": 1050587, "rss_mb": 77.76171875, "pss_mb": 63.3564453125, "tag": "ffmpeg"}, {"pid": 1050628, "rss_mb": 23.4375, "pss_mb": 13.0693359375, "tag": "ffmpeg"}]
2758.6	3	13508.4	13350.9	13409.4	99.0	0.0	[{"pid": 829214, "rss_mb": 13409.41015625, "pss_mb": 13272.1845703125, "tag": "main"}, {"pid": 1050587, "rss_mb": 75.515625, "pss_mb": 65.607421875, "tag": "ffmpeg"}, {"pid": 1050628, "rss_mb": 23.4375, "pss_mb": 13.09375, "tag": "ffmpeg"}]
2763.8	3	13530.4	13373.1	13429.3	101.1	0.0	[{"pid": 829214, "rss_mb": 13429.28515625, "pss_mb": 13292.1337890625, "tag": "main"}, {"pid": 1050587, "rss_mb": 77.640625, "pss_mb": 67.857421875, "tag": "ffmpeg"}, {"pid": 1050628, "rss_mb": 23.4375, "pss_mb": 13.09375, "tag": "ffmpeg"}]
2769.0	3	13578.0	13420.3	13493.3	84.7	0.0	[{"pid": 829214, "rss_mb": 13493.28515625, "pss_mb": 13356.130859375, "tag": "main"}, {"pid": 1050587, "rss_mb": 61.26953125, "pss_mb": 51.076171875, "tag": "ffmpeg"}, {"pid": 1050628, "rss_mb": 23.4375, "pss_mb": 13.0927734375, "tag": "ffmpeg"}]
2774.3	2	13424.7	13283.1	13401.3	23.4	0.0	[{"pid": 829214, "rss_mb": 13401.28515625, "pss_mb": 13264.1845703125, "tag": "main"}, {"pid": 1050628, "rss_mb": 23.4375, "pss_mb": 18.931640625, "tag": "ffmpeg"}]
2779.5	2	13488.7	13347.1	13465.3	23.4	0.0	[{"pid": 829214, "rss_mb": 13465.28515625, "pss_mb": 13328.18359375, "tag": "main"}, {"pid": 1050628, "rss_mb": 23.4375, "pss_mb": 18.9306640625, "tag": "ffmpeg"}]
2784.8	2	13508.7	13367.1	13485.3	23.4	0.0	[{"pid": 829214, "rss_mb": 13485.28515625, "pss_mb": 13348.193359375, "tag": "main"}, {"pid": 1050628, "rss_mb": 23.4375, "pss_mb": 18.9423828125, "tag": "ffmpeg"}]
2790.0	2	13528.7	13387.1	13505.3	23.4	0.0	[{"pid": 829214, "rss_mb": 13505.28515625, "pss_mb": 13368.1943359375, "tag": "main"}, {"pid": 1050628, "rss_mb": 23.4375, "pss_mb": 18.943359375, "tag": "ffmpeg"}]
2795.3	2	13436.7	13295.1	13413.3	23.4	0.0	[{"pid": 829214, "rss_mb": 13413.28515625, "pss_mb": 13276.1826171875, "tag": "main"}, {"pid": 1050628, "rss_mb": 23.4375, "pss_mb": 18.9345703125, "tag": "ffmpeg"}]
2800.6	2	13422.9	13291.1	13399.4	23.4	0.0	[{"pid": 829214, "rss_mb": 13399.44140625, "pss_mb": 13272.1796875, "tag": "main"}, {"pid": 1050628, "rss_mb": 23.4375, "pss_mb": 18.935546875, "tag": "ffmpeg"}]
2805.8	2	13496.8	13355.0	13473.3	23.4	0.0	[{"pid": 829214, "rss_mb": 13473.31640625, "pss_mb": 13336.0751953125, "tag": "main"}, {"pid": 1050628, "rss_mb": 23.4375, "pss_mb": 18.951171875, "tag": "ffmpeg"}]
2811.1	2	13516.8	13375.0	13493.3	23.4	0.0	[{"pid": 829214, "rss_mb": 13493.31640625, "pss_mb": 13356.0732421875, "tag": "main"}, {"pid": 1050628, "rss_mb": 23.4375, "pss_mb": 18.9501953125, "tag": "ffmpeg"}]
2816.4	2	13468.8	13327.0	13445.4	23.4	0.0	[{"pid": 829214, "rss_mb": 13445.36328125, "pss_mb": 13308.0869140625, "tag": "main"}, {"pid": 1050628, "rss_mb": 23.4375, "pss_mb": 18.958984375, "tag": "ffmpeg"}]
2821.6	2	13536.8	13395.0	13513.4	23.4	0.0	[{"pid": 829214, "rss_mb": 13513.36328125, "pss_mb": 13376.0869140625, "tag": "main"}, {"pid": 1050628, "rss_mb": 23.4375, "pss_mb": 18.958984375, "tag": "ffmpeg"}]
2826.9	2	13484.8	13343.0	13461.4	23.4	0.0	[{"pid": 829214, "rss_mb": 13461.37109375, "pss_mb": 13324.0830078125, "tag": "main"}, {"pid": 1050628, "rss_mb": 23.4375, "pss_mb": 18.958984375, "tag": "ffmpeg"}]
2832.1	2	13436.9	13295.1	13413.4	23.4	0.0	[{"pid": 829214, "rss_mb": 13413.421875, "pss_mb": 13276.0849609375, "tag": "main"}, {"pid": 1050628, "rss_mb": 23.4375, "pss_mb": 18.990234375, "tag": "ffmpeg"}]
2837.3	2	13439.1	13297.4	13415.7	23.4	0.0	[{"pid": 829214, "rss_mb": 13415.68359375, "pss_mb": 13278.375, "tag": "main"}, {"pid": 1050628, "rss_mb": 23.4375, "pss_mb": 18.986328125, "tag": "ffmpeg"}]
2842.5	2	13520.9	13379.0	13497.4	23.4	0.0	[{"pid": 829214, "rss_mb": 13497.43359375, "pss_mb": 13359.97265625, "tag": "main"}, {"pid": 1050628, "rss_mb": 23.4375, "pss_mb": 18.9853515625, "tag": "ffmpeg"}]
2847.8	2	13284.4	13142.4	13261.0	23.4	0.0	[{"pid": 829214, "rss_mb": 13260.9609375, "pss_mb": 13123.3974609375, "tag": "main"}, {"pid": 1050628, "rss_mb": 23.4375, "pss_mb": 18.994140625, "tag": "ffmpeg"}]
2853.0	2	13280.4	13138.4	13257.0	23.4	0.0	[{"pid": 829214, "rss_mb": 13256.98828125, "pss_mb": 13119.3984375, "tag": "main"}, {"pid": 1050628, "rss_mb": 23.4375, "pss_mb": 18.994140625, "tag": "ffmpeg"}]
2858.2	2	13252.4	13110.4	13229.0	23.4	0.0	[{"pid": 829214, "rss_mb": 13228.98828125, "pss_mb": 13091.4033203125, "tag": "main"}, {"pid": 1050628, "rss_mb": 23.4375, "pss_mb": 19.0126953125, "tag": "ffmpeg"}]
2863.5	2	13059.8	12917.7	13036.3	23.4	0.0	[{"pid": 829214, "rss_mb": 13036.3203125, "pss_mb": 12898.728515625, "tag": "main"}, {"pid": 1050628, "rss_mb": 23.4375, "pss_mb": 19.01171875, "tag": "ffmpeg"}]
2868.7	2	13055.8	12913.7	13032.4	23.4	0.0	[{"pid": 829214, "rss_mb": 13032.35546875, "pss_mb": 12894.71484375, "tag": "main"}, {"pid": 1050628, "rss_mb": 23.4375, "pss_mb": 19.01171875, "tag": "ffmpeg"}]
2873.9	2	13051.8	12909.7	13028.4	23.4	0.0	[{"pid": 829214, "rss_mb": 13028.35546875, "pss_mb": 12890.71484375, "tag": "main"}, {"pid": 1050628, "rss_mb": 23.4375, "pss_mb": 19.0234375, "tag": "ffmpeg"}]
2879.2	2	13047.8	12946.9	13024.4	23.4	0.0	[{"pid": 829214, "rss_mb": 13024.35546875, "pss_mb": 12927.8837890625, "tag": "main"}, {"pid": 1050628, "rss_mb": 23.4375, "pss_mb": 19.0244140625, "tag": "ffmpeg"}]
2884.4	2	13019.8	12877.7	12996.4	23.4	0.0	[{"pid": 829214, "rss_mb": 12996.35546875, "pss_mb": 12858.7099609375, "tag": "main"}, {"pid": 1050628, "rss_mb": 23.4375, "pss_mb": 19.0205078125, "tag": "ffmpeg"}]
2889.6	2	13015.8	12873.7	12992.4	23.4	0.0	[{"pid": 829214, "rss_mb": 12992.35546875, "pss_mb": 12854.71484375, "tag": "main"}, {"pid": 1050628, "rss_mb": 23.4375, "pss_mb": 19.0322265625, "tag": "ffmpeg"}]
2894.8	2	13079.8	12937.7	13056.4	23.4	0.0	[{"pid": 829214, "rss_mb": 13056.35546875, "pss_mb": 12918.71484375, "tag": "main"}, {"pid": 1050628, "rss_mb": 23.4375, "pss_mb": 19.0322265625, "tag": "ffmpeg"}]
2900.1	2	13075.8	12933.7	13052.4	23.4	0.0	[{"pid": 829214, "rss_mb": 13052.35546875, "pss_mb": 12914.71484375, "tag": "main"}, {"pid": 1050628, "rss_mb": 23.4375, "pss_mb": 19.0322265625, "tag": "ffmpeg"}]
2905.3	2	11236.7	11070.4	11213.2	23.4	0.0	[{"pid": 829214, "rss_mb": 11213.21484375, "pss_mb": 11051.404296875, "tag": "main"}, {"pid": 1050628, "rss_mb": 23.4375, "pss_mb": 19.037109375, "tag": "ffmpeg"}]
2910.4	2	10163.6	10021.5	10140.1	23.4	0.0	[{"pid": 829214, "rss_mb": 10140.13671875, "pss_mb": 10002.451171875, "tag": "main"}, {"pid": 1050628, "rss_mb": 23.4375, "pss_mb": 19.037109375, "tag": "ffmpeg"}]
2915.6	2	10163.6	10002.4	10140.1	23.4	0.0	[{"pid": 829214, "rss_mb": 10140.13671875, "pss_mb": 10002.4443359375, "tag": "main"}, {"pid": 1050628, "rss_mb": 23.4375, "pss_mb": 0.0, "tag": "ffmpeg"}]
2920.8	3	9894.8	9745.9	9802.8	92.0	0.0	[{"pid": 829214, "rss_mb": 9802.8125, "pss_mb": 9665.576171875, "tag": "main"}, {"pid": 1078109, "rss_mb": 74.77734375, "pss_mb": 71.9609375, "tag": "ffmpeg"}, {"pid": 1078151, "rss_mb": 17.25, "pss_mb": 8.31640625, "tag": "ffmpeg"}]
2926.0	3	10137.2	9982.5	10039.4	97.8	0.0	[{"pid": 829214, "rss_mb": 10039.4375, "pss_mb": 9902.15234375, "tag": "main"}, {"pid": 1078109, "rss_mb": 80.5625, "pss_mb": 72.05078125, "tag": "ffmpeg"}, {"pid": 1078151, "rss_mb": 17.25, "pss_mb": 8.3115234375, "tag": "ffmpeg"}]
2931.2	3	10436.3	10281.4	10334.8	101.5	0.0	[{"pid": 829214, "rss_mb": 10334.7578125, "pss_mb": 10197.3505859375, "tag": "main"}, {"pid": 1078109, "rss_mb": 84.24609375, "pss_mb": 75.71484375, "tag": "ffmpeg"}, {"pid": 1078151, "rss_mb": 17.25, "pss_mb": 8.32421875, "tag": "ffmpeg"}]
2936.4	3	10486.6	10331.8	10382.6	104.0	0.0	[{"pid": 829214, "rss_mb": 10382.62109375, "pss_mb": 10245.2802734375, "tag": "main"}, {"pid": 1078109, "rss_mb": 86.74609375, "pss_mb": 78.244140625, "tag": "ffmpeg"}, {"pid": 1078151, "rss_mb": 17.25, "pss_mb": 8.3251953125, "tag": "ffmpeg"}]
2941.6	3	10621.9	10467.4	10518.1	103.8	0.0	[{"pid": 829214, "rss_mb": 10518.12109375, "pss_mb": 10380.7763671875, "tag": "main"}, {"pid": 1078109, "rss_mb": 86.51953125, "pss_mb": 78.302734375, "tag": "ffmpeg"}, {"pid": 1078151, "rss_mb": 17.25, "pss_mb": 8.3251953125, "tag": "ffmpeg"}]
2946.9	3	10677.3	10522.8	10575.7	101.6	0.0	[{"pid": 829214, "rss_mb": 10575.74609375, "pss_mb": 10438.3857421875, "tag": "main"}, {"pid": 1078109, "rss_mb": 84.3359375, "pss_mb": 76.056640625, "tag": "ffmpeg"}, {"pid": 1078151, "rss_mb": 17.25, "pss_mb": 8.3251953125, "tag": "ffmpeg"}]
2952.1	3	10704.3	10549.9	10599.3	105.0	0.0	[{"pid": 829214, "rss_mb": 10599.29296875, "pss_mb": 10462.091796875, "tag": "main"}, {"pid": 1078109, "rss_mb": 87.7578125, "pss_mb": 79.486328125, "tag": "ffmpeg"}, {"pid": 1078151, "rss_mb": 17.25, "pss_mb": 8.3251953125, "tag": "ffmpeg"}]
2957.3	3	10817.4	10662.9	10711.1	106.3	0.0	[{"pid": 829214, "rss_mb": 10711.09375, "pss_mb": 10573.8857421875, "tag": "main"}, {"pid": 1078109, "rss_mb": 89.0078125, "pss_mb": 80.673828125, "tag": "ffmpeg"}, {"pid": 1078151, "rss_mb": 17.25, "pss_mb": 8.3251953125, "tag": "ffmpeg"}]
2962.6	3	10960.7	10803.0	10852.7	108.0	0.0	[{"pid": 829214, "rss_mb": 10852.71875, "pss_mb": 10715.5107421875, "tag": "main"}, {"pid": 1078109, "rss_mb": 84.65234375, "pss_mb": 74.61328125, "tag": "ffmpeg"}, {"pid": 1078151, "rss_mb": 23.3046875, "pss_mb": 12.9169921875, "tag": "ffmpeg"}]
2967.9	3	11030.5	10872.7	10920.1	110.4	0.0	[{"pid": 829214, "rss_mb": 10920.10546875, "pss_mb": 10782.921875, "tag": "main"}, {"pid": 1078109, "rss_mb": 87.06640625, "pss_mb": 76.87109375, "tag": "ffmpeg"}, {"pid": 1078151, "rss_mb": 23.3046875, "pss_mb": 12.9169921875, "tag": "ffmpeg"}]
2973.1	3	11093.3	10935.3	10989.9	103.5	0.0	[{"pid": 829214, "rss_mb": 10989.87890625, "pss_mb": 10852.625, "tag": "main"}, {"pid": 1078109, "rss_mb": 80.16015625, "pss_mb": 69.76171875, "tag": "ffmpeg"}, {"pid": 1078151, "rss_mb": 23.3046875, "pss_mb": 12.9169921875, "tag": "ffmpeg"}]
2978.4	3	11175.5	11017.4	11067.4	108.1	0.0	[{"pid": 829214, "rss_mb": 11067.4140625, "pss_mb": 10930.12109375, "tag": "main"}, {"pid": 1078109, "rss_mb": 84.78515625, "pss_mb": 74.3828125, "tag": "ffmpeg"}, {"pid": 1078151, "rss_mb": 23.3046875, "pss_mb": 12.9169921875, "tag": "ffmpeg"}]
2983.7	3	11307.4	11149.3	11196.8	110.6	0.0	[{"pid": 829214, "rss_mb": 11196.7890625, "pss_mb": 11059.525390625, "tag": "main"}, {"pid": 1078109, "rss_mb": 87.2578125, "pss_mb": 76.87890625, "tag": "ffmpeg"}, {"pid": 1078151, "rss_mb": 23.3046875, "pss_mb": 12.9169921875, "tag": "ffmpeg"}]
2989.0	3	11420.5	11262.5	11312.4	108.1	0.0	[{"pid": 829214, "rss_mb": 11312.4140625, "pss_mb": 11175.0849609375, "tag": "main"}, {"pid": 1078109, "rss_mb": 84.81640625, "pss_mb": 74.50390625, "tag": "ffmpeg"}, {"pid": 1078151, "rss_mb": 23.3046875, "pss_mb": 12.9169921875, "tag": "ffmpeg"}]
2994.3	3	11489.2	11331.1	11379.8	109.4	0.0	[{"pid": 829214, "rss_mb": 11379.7890625, "pss_mb": 11242.4853515625, "tag": "main"}, {"pid": 1078109, "rss_mb": 86.06640625, "pss_mb": 75.681640625, "tag": "ffmpeg"}, {"pid": 1078151, "rss_mb": 23.3046875, "pss_mb": 12.9072265625, "tag": "ffmpeg"}]
2999.5	3	11679.3	11521.3	11579.2	100.1	0.0	[{"pid": 829214, "rss_mb": 11579.1640625, "pss_mb": 11441.9482421875, "tag": "main"}, {"pid": 1078109, "rss_mb": 76.84375, "pss_mb": 66.4609375, "tag": "ffmpeg"}, {"pid": 1078151, "rss_mb": 23.3046875, "pss_mb": 12.9140625, "tag": "ffmpeg"}]
3004.7	2	11610.2	11468.7	11586.9	23.3	0.0	[{"pid": 829214, "rss_mb": 11586.9140625, "pss_mb": 11449.705078125, "tag": "main"}, {"pid": 1078151, "rss_mb": 23.3046875, "pss_mb": 19.0400390625, "tag": "ffmpeg"}]
3009.9	2	11604.1	11462.5	11580.8	23.3	0.0	[{"pid": 829214, "rss_mb": 11580.7890625, "pss_mb": 11443.4931640625, "tag": "main"}, {"pid": 1078151, "rss_mb": 23.3046875, "pss_mb": 19.037109375, "tag": "ffmpeg"}]
3015.2	2	11818.0	11676.5	11794.7	23.3	0.0	[{"pid": 829214, "rss_mb": 11794.734375, "pss_mb": 11657.5078125, "tag": "main"}, {"pid": 1078151, "rss_mb": 23.3046875, "pss_mb": 19.001953125, "tag": "ffmpeg"}]
3020.5	2	11919.2	11777.6	11895.9	23.3	0.0	[{"pid": 829214, "rss_mb": 11895.859375, "pss_mb": 11758.6162109375, "tag": "main"}, {"pid": 1078151, "rss_mb": 23.3046875, "pss_mb": 19.0322265625, "tag": "ffmpeg"}]
3025.7	2	12032.9	11891.3	12009.6	23.3	0.0	[{"pid": 829214, "rss_mb": 12009.609375, "pss_mb": 11872.314453125, "tag": "main"}, {"pid": 1078151, "rss_mb": 23.3046875, "pss_mb": 19.0322265625, "tag": "ffmpeg"}]
3031.0	2	12074.9	11933.4	12051.6	23.3	0.0	[{"pid": 829214, "rss_mb": 12051.57421875, "pss_mb": 11914.318359375, "tag": "main"}, {"pid": 1078151, "rss_mb": 23.3046875, "pss_mb": 19.0341796875, "tag": "ffmpeg"}]
3036.3	2	12098.4	11956.9	12075.1	23.3	0.0	[{"pid": 829214, "rss_mb": 12075.11328125, "pss_mb": 11937.8251953125, "tag": "main"}, {"pid": 1078151, "rss_mb": 23.3046875, "pss_mb": 19.041015625, "tag": "ffmpeg"}]
3041.5	2	12217.9	12076.5	12194.6	23.3	0.0	[{"pid": 829214, "rss_mb": 12194.61328125, "pss_mb": 12057.4384765625, "tag": "main"}, {"pid": 1078151, "rss_mb": 23.3046875, "pss_mb": 19.041015625, "tag": "ffmpeg"}]
3046.7	2	12413.4	12271.9	12390.1	23.3	0.0	[{"pid": 829214, "rss_mb": 12390.11328125, "pss_mb": 12252.841796875, "tag": "main"}, {"pid": 1078151, "rss_mb": 23.3046875, "pss_mb": 19.0400390625, "tag": "ffmpeg"}]
3051.9	2	12510.4	12369.0	12487.1	23.3	0.0	[{"pid": 829214, "rss_mb": 12487.078125, "pss_mb": 12349.951171875, "tag": "main"}, {"pid": 1078151, "rss_mb": 23.3046875, "pss_mb": 19.0400390625, "tag": "ffmpeg"}]
3057.1	2	12651.6	12510.1	12628.3	23.3	0.0	[{"pid": 829214, "rss_mb": 12628.28125, "pss_mb": 12491.0595703125, "tag": "main"}, {"pid": 1078151, "rss_mb": 23.3046875, "pss_mb": 19.041015625, "tag": "ffmpeg"}]
3062.4	2	12693.2	12551.8	12669.9	23.3	0.0	[{"pid": 829214, "rss_mb": 12669.92578125, "pss_mb": 12532.763671875, "tag": "main"}, {"pid": 1078151, "rss_mb": 23.3046875, "pss_mb": 19.052734375, "tag": "ffmpeg"}]
3067.6	2	12791.2	12649.8	12767.9	23.3	0.0	[{"pid": 829214, "rss_mb": 12767.92578125, "pss_mb": 12630.76171875, "tag": "main"}, {"pid": 1078151, "rss_mb": 23.3046875, "pss_mb": 19.052734375, "tag": "ffmpeg"}]
3072.8	2	12849.0	12707.5	12825.7	23.3	0.0	[{"pid": 829214, "rss_mb": 12825.67578125, "pss_mb": 12688.46875, "tag": "main"}, {"pid": 1078151, "rss_mb": 23.3046875, "pss_mb": 19.0517578125, "tag": "ffmpeg"}]
3078.1	2	11841.3	11699.7	11818.0	23.3	0.0	[{"pid": 829214, "rss_mb": 11818.03125, "pss_mb": 11680.6416015625, "tag": "main"}, {"pid": 1078151, "rss_mb": 23.3046875, "pss_mb": 19.052734375, "tag": "ffmpeg"}]
3083.3	2	11897.4	11755.7	11874.1	23.3	0.0	[{"pid": 829214, "rss_mb": 11874.0859375, "pss_mb": 11736.6796875, "tag": "main"}, {"pid": 1078151, "rss_mb": 23.3046875, "pss_mb": 19.052734375, "tag": "ffmpeg"}]
3088.5	2	11813.5	11671.8	11790.1	23.4	0.0	[{"pid": 829214, "rss_mb": 11790.0859375, "pss_mb": 11652.681640625, "tag": "main"}, {"pid": 1078151, "rss_mb": 23.4296875, "pss_mb": 19.119140625, "tag": "ffmpeg"}]
3093.7	2	11873.6	11731.8	11850.1	23.4	0.0	[{"pid": 829214, "rss_mb": 11850.12890625, "pss_mb": 11712.6787109375, "tag": "main"}, {"pid": 1078151, "rss_mb": 23.4296875, "pss_mb": 19.1162109375, "tag": "ffmpeg"}]
3098.9	2	11905.6	11665.9	11882.1	23.4	0.0	[{"pid": 829214, "rss_mb": 11882.12890625, "pss_mb": 11646.76953125, "tag": "main"}, {"pid": 1078151, "rss_mb": 23.4296875, "pss_mb": 19.1162109375, "tag": "ffmpeg"}]
3104.1	2	11858.9	11747.8	11835.5	23.4	0.0	[{"pid": 829214, "rss_mb": 11835.50390625, "pss_mb": 11728.6865234375, "tag": "main"}, {"pid": 1078151, "rss_mb": 23.4296875, "pss_mb": 19.1220703125, "tag": "ffmpeg"}]
3109.4	2	11909.6	11767.8	11886.1	23.4	0.0	[{"pid": 829214, "rss_mb": 11886.12890625, "pss_mb": 11748.6630859375, "tag": "main"}, {"pid": 1078151, "rss_mb": 23.4296875, "pss_mb": 19.1572265625, "tag": "ffmpeg"}]
3114.6	2	11861.6	11719.8	11838.1	23.4	0.0	[{"pid": 829214, "rss_mb": 11838.12890625, "pss_mb": 11700.6708984375, "tag": "main"}, {"pid": 1078151, "rss_mb": 23.4296875, "pss_mb": 19.1611328125, "tag": "ffmpeg"}]
3119.9	2	11881.6	11739.8	11858.1	23.4	0.0	[{"pid": 829214, "rss_mb": 11858.12890625, "pss_mb": 11720.6611328125, "tag": "main"}, {"pid": 1078151, "rss_mb": 23.4296875, "pss_mb": 19.1572265625, "tag": "ffmpeg"}]
3125.1	2	11833.6	11691.8	11810.1	23.4	0.0	[{"pid": 829214, "rss_mb": 11810.12890625, "pss_mb": 11672.6708984375, "tag": "main"}, {"pid": 1078151, "rss_mb": 23.4296875, "pss_mb": 19.1611328125, "tag": "ffmpeg"}]
3130.3	2	11897.6	11755.8	11874.1	23.4	0.0	[{"pid": 829214, "rss_mb": 11874.12890625, "pss_mb": 11736.650390625, "tag": "main"}, {"pid": 1078151, "rss_mb": 23.4296875, "pss_mb": 19.1787109375, "tag": "ffmpeg"}]
3135.5	2	11849.6	11707.8	11826.1	23.4	0.0	[{"pid": 829214, "rss_mb": 11826.12890625, "pss_mb": 11688.658203125, "tag": "main"}, {"pid": 1078151, "rss_mb": 23.4296875, "pss_mb": 19.181640625, "tag": "ffmpeg"}]
3140.7	2	11921.4	11665.9	11898.0	23.4	0.0	[{"pid": 829214, "rss_mb": 11898.00390625, "pss_mb": 11646.748046875, "tag": "main"}, {"pid": 1078151, "rss_mb": 23.4296875, "pss_mb": 19.1806640625, "tag": "ffmpeg"}]
3145.9	2	11865.4	11767.8	11842.0	23.4	0.0	[{"pid": 829214, "rss_mb": 11842.00390625, "pss_mb": 11748.6572265625, "tag": "main"}, {"pid": 1078151, "rss_mb": 23.4296875, "pss_mb": 19.181640625, "tag": "ffmpeg"}]
3151.1	2	11861.4	11719.8	11838.0	23.4	0.0	[{"pid": 829214, "rss_mb": 11838.00390625, "pss_mb": 11700.6572265625, "tag": "main"}, {"pid": 1078151, "rss_mb": 23.4296875, "pss_mb": 19.189453125, "tag": "ffmpeg"}]
3156.3	2	11813.2	11671.6	11789.8	23.4	0.0	[{"pid": 829214, "rss_mb": 11789.75390625, "pss_mb": 11652.431640625, "tag": "main"}, {"pid": 1078151, "rss_mb": 23.4296875, "pss_mb": 19.1962890625, "tag": "ffmpeg"}]
3161.5	2	9723.9	9582.3	9700.5	23.4	0.0	[{"pid": 829214, "rss_mb": 9700.4609375, "pss_mb": 9563.0908203125, "tag": "main"}, {"pid": 1078151, "rss_mb": 23.4296875, "pss_mb": 19.1962890625, "tag": "ffmpeg"}]
3166.7	2	9723.9	9582.3	9700.5	23.4	0.0	[{"pid": 829214, "rss_mb": 9700.4609375, "pss_mb": 9563.0927734375, "tag": "main"}, {"pid": 1078151, "rss_mb": 23.4296875, "pss_mb": 19.1962890625, "tag": "ffmpeg"}]
3171.8	2	8412.3	8262.5	8214.6	197.7	0.0	[{"pid": 829214, "rss_mb": 8214.59375, "pss_mb": 8074.4296875, "tag": "main"}, {"pid": 1098811, "rss_mb": 197.6796875, "pss_mb": 188.0576171875, "tag": "ffmpeg"}]
3177.0	1	8080.7	7943.7	8080.7	0.0	0.0	[{"pid": 829214, "rss_mb": 8080.72265625, "pss_mb": 7943.724609375, "tag": "main"}]
