# t_s	n_proc	rss_mb	pss_mb	rss_main_mb	rss_child_mb	gpu_tree_mib	procs_json
0.1	1	8.1	3.1	8.1	0.0	0.0	[{"pid": 576023, "rss_mb": 8.125, "pss_mb": 3.0556640625, "tag": "main"}]
5.2	2	610.4	592.4	561.4	49.0	0.0	[{"pid": 576023, "rss_mb": 561.4453125, "pss_mb": 547.62109375, "tag": "main"}, {"pid": 576165, "rss_mb": 48.984375, "pss_mb": 44.73046875, "tag": "ffmpeg"}]
10.3	2	590.2	571.9	561.4	28.8	0.0	[{"pid": 576023, "rss_mb": 561.4453125, "pss_mb": 547.755859375, "tag": "main"}, {"pid": 576636, "rss_mb": 28.7578125, "pss_mb": 24.1611328125, "tag": "ffprobe"}]
15.4	2	590.6	572.4	561.8	28.8	0.0	[{"pid": 576023, "rss_mb": 561.8203125, "pss_mb": 548.2216796875, "tag": "main"}, {"pid": 576636, "rss_mb": 28.7578125, "pss_mb": 24.1923828125, "tag": "ffprobe"}]
20.5	5	708.1	629.6	590.1	118.0	0.0	[{"pid": 576023, "rss_mb": 590.1015625, "pss_mb": 576.287109375, "tag": "main"}, {"pid": 578125, "rss_mb": 31.4765625, "pss_mb": 0.0, "tag": "ffmpeg"}, {"pid": 578145, "rss_mb": 31.12109375, "pss_mb": 18.26953125, "tag": "ffmpeg"}, {"pid": 578171, "rss_mb": 30.390625, "pss_mb": 18.19140625, "tag": "ffmpeg"}, {"pid": 578208, "rss_mb": 25.0, "pss_mb": 16.822265625, "tag": "ffmpeg"}]
25.7	5	1034.2	945.6	590.7	443.5	0.0	[{"pid": 576023, "rss_mb": 590.7265625, "pss_mb": 574.1171875, "tag": "main"}, {"pid": 578993, "rss_mb": 143.13671875, "pss_mb": 123.7734375, "tag": "ffmpeg"}, {"pid": 578996, "rss_mb": 126.4609375, "pss_mb": 107.1201171875, "tag": "ffmpeg"}, {"pid": 579013, "rss_mb": 87.44921875, "pss_mb": 71.880859375, "tag": "ffmpeg"}, {"pid": 579018, "rss_mb": 86.46484375, "pss_mb": 68.74609375, "tag": "ffmpeg"}]
30.8	3	3870.6	3851.8	3848.2	22.4	0.0	[{"pid": 576023, "rss_mb": 3848.16796875, "pss_mb": 3833.732421875, "tag": "main"}, {"pid": 579572, "rss_mb": 22.4453125, "pss_mb": 18.068359375, "tag": "ffmpeg"}, {"pid": 579495, "rss_mb": 0.0, "pss_mb": 0.0, "tag": "ffmpeg"}]
35.9	3	3872.5	3853.9	3849.9	22.6	0.0	[{"pid": 576023, "rss_mb": 3849.93359375, "pss_mb": 3835.5537109375, "tag": "main"}, {"pid": 579572, "rss_mb": 22.5703125, "pss_mb": 18.3720703125, "tag": "ffmpeg"}, {"pid": 579495, "rss_mb": 0.0, "pss_mb": 0.0, "tag": "ffmpeg"}]
41.0	3	4106.2	4087.7	4083.6	22.6	0.0	[{"pid": 576023, "rss_mb": 4083.59375, "pss_mb": 4069.2607421875, "tag": "main"}, {"pid": 579572, "rss_mb": 22.5703125, "pss_mb": 18.4619140625, "tag": "ffmpeg"}, {"pid": 579495, "rss_mb": 0.0, "pss_mb": 0.0, "tag": "ffmpeg"}]
46.1	3	2269.8	2251.1	2247.2	22.6	0.0	[{"pid": 576023, "rss_mb": 2247.203125, "pss_mb": 2232.5400390625, "tag": "main"}, {"pid": 579572, "rss_mb": 22.5703125, "pss_mb": 18.5234375, "tag": "ffmpeg"}, {"pid": 579495, "rss_mb": 0.0, "pss_mb": 0.0, "tag": "ffmpeg"}]
51.2	3	4244.6	4225.5	4220.4	24.3	0.0	[{"pid": 576023, "rss_mb": 4220.3515625, "pss_mb": 4205.6640625, "tag": "main"}, {"pid": 581455, "rss_mb": 24.26953125, "pss_mb": 19.798828125, "tag": "ffmpeg"}, {"pid": 581405, "rss_mb": 0.0, "pss_mb": 0.0, "tag": "ffmpeg"}]
56.4	3	4358.2	4225.7	4333.9	24.3	0.0	[{"pid": 576023, "rss_mb": 4333.92578125, "pss_mb": 4205.68359375, "tag": "main"}, {"pid": 581455, "rss_mb": 24.26953125, "pss_mb": 20.005859375, "tag": "ffmpeg"}, {"pid": 581405, "rss_mb": 0.0, "pss_mb": 0.0, "tag": "ffmpeg"}]
61.5	3	4244.4	4225.7	4220.2	24.3	0.0	[{"pid": 576023, "rss_mb": 4220.15234375, "pss_mb": 4205.703125, "tag": "main"}, {"pid": 581455, "rss_mb": 24.26953125, "pss_mb": 20.033203125, "tag": "ffmpeg"}, {"pid": 581405, "rss_mb": 0.0, "pss_mb": 0.0, "tag": "ffmpeg"}]
66.6	3	4227.7	4208.8	4203.4	24.3	0.0	[{"pid": 576023, "rss_mb": 4203.44921875, "pss_mb": 4188.76953125, "tag": "main"}, {"pid": 581455, "rss_mb": 24.26953125, "pss_mb": 20.0576171875, "tag": "ffmpeg"}, {"pid": 581405, "rss_mb": 0.0, "pss_mb": 0.0, "tag": "ffmpeg"}]
71.8	3	6389.6	6358.2	6297.9	91.7	0.0	[{"pid": 576023, "rss_mb": 6297.8828125, "pss_mb": 6284.369140625, "tag": "main"}, {"pid": 583555, "rss_mb": 74.29296875, "pss_mb": 65.5927734375, "tag": "ffmpeg"}, {"pid": 583606, "rss_mb": 17.375, "pss_mb": 8.189453125, "tag": "ffmpeg"}]
77.0	3	6465.6	6514.1	6441.7	23.8	0.0	[{"pid": 576023, "rss_mb": 6441.7265625, "pss_mb": 6494.3916015625, "tag": "main"}, {"pid": 583606, "rss_mb": 23.84375, "pss_mb": 19.7265625, "tag": "ffmpeg"}, {"pid": 583555, "rss_mb": 0.0, "pss_mb": 0.0, "tag": "ffmpeg"}]
82.1	3	6338.1	6319.6	6314.3	23.8	0.0	[{"pid": 576023, "rss_mb": 6314.28515625, "pss_mb": 6299.78125, "tag": "main"}, {"pid": 583606, "rss_mb": 23.84375, "pss_mb": 19.7841796875, "tag": "ffmpeg"}, {"pid": 583555, "rss_mb": 0.0, "pss_mb": 0.0, "tag": "ffmpeg"}]
87.3	3	6460.8	6436.2	6436.8	24.0	0.0	[{"pid": 576023, "rss_mb": 6436.7890625, "pss_mb": 6416.24609375, "tag": "main"}, {"pid": 583606, "rss_mb": 23.96875, "pss_mb": 19.904296875, "tag": "ffmpeg"}, {"pid": 583555, "rss_mb": 0.0, "pss_mb": 0.0, "tag": "ffmpeg"}]
92.4	3	5862.0	5843.4	5838.0	24.0	0.0	[{"pid": 576023, "rss_mb": 5838.00390625, "pss_mb": 5823.4775390625, "tag": "main"}, {"pid": 583606, "rss_mb": 23.96875, "pss_mb": 19.9326171875, "tag": "ffmpeg"}, {"pid": 583555, "rss_mb": 0.0, "pss_mb": 0.0, "tag": "ffmpeg"}]
97.6	3	7874.1	7855.2	7853.3	20.8	0.0	[{"pid": 576023, "rss_mb": 7853.31640625, "pss_mb": 7838.7490234375, "tag": "main"}, {"pid": 586215, "rss_mb": 20.75, "pss_mb": 16.4130859375, "tag": "ffmpeg"}, {"pid": 586154, "rss_mb": 0.0, "pss_mb": 0.0, "tag": "ffmpeg"}]
102.8	3	7760.5	7741.8	7736.9	23.6	0.0	[{"pid": 576023, "rss_mb": 7736.94140625, "pss_mb": 7722.3193359375, "tag": "main"}, {"pid": 586215, "rss_mb": 23.60546875, "pss_mb": 19.525390625, "tag": "ffmpeg"}, {"pid": 586154, "rss_mb": 0.0, "pss_mb": 0.0, "tag": "ffmpeg"}]
107.9	3	7760.7	7741.9	7737.1	23.6	0.0	[{"pid": 576023, "rss_mb": 7737.06640625, "pss_mb": 7722.3388671875, "tag": "main"}, {"pid": 586215, "rss_mb": 23.60546875, "pss_mb": 19.556640625, "tag": "ffmpeg"}, {"pid": 586154, "rss_mb": 0.0, "pss_mb": 0.0, "tag": "ffmpeg"}]
113.2	3	7606.5	6334.2	7582.8	23.7	0.0	[{"pid": 576023, "rss_mb": 7582.7890625, "pss_mb": 6334.244140625, "tag": "main"}, {"pid": 586215, "rss_mb": 23.73046875, "pss_mb": 0.0, "tag": "ffmpeg"}, {"pid": 586154, "rss_mb": 0.0, "pss_mb": 0.0, "tag": "ffmpeg"}]
118.3	3	7098.8	7079.6	7074.5	24.3	0.0	[{"pid": 576023, "rss_mb": 7074.54296875, "pss_mb": 7059.8359375, "tag": "main"}, {"pid": 588176, "rss_mb": 24.2578125, "pss_mb": 19.7333984375, "tag": "ffmpeg"}, {"pid": 588109, "rss_mb": 0.0, "pss_mb": 0.0, "tag": "ffmpeg"}]
123.5	3	7215.1	7196.1	7190.8	24.3	0.0	[{"pid": 576023, "rss_mb": 7190.83984375, "pss_mb": 7176.294921875, "tag": "main"}, {"pid": 588176, "rss_mb": 24.2578125, "pss_mb": 19.7685546875, "tag": "ffmpeg"}, {"pid": 588109, "rss_mb": 0.0, "pss_mb": 0.0, "tag": "ffmpeg"}]
128.7	3	7098.5	7079.6	7074.2	24.3	0.0	[{"pid": 576023, "rss_mb": 7074.24609375, "pss_mb": 7059.84765625, "tag": "main"}, {"pid": 588176, "rss_mb": 24.2578125, "pss_mb": 19.79296875, "tag": "ffmpeg"}, {"pid": 588109, "rss_mb": 0.0, "pss_mb": 0.0, "tag": "ffmpeg"}]
133.8	2	4847.4	4820.1	4703.4	144.1	0.0	[{"pid": 576023, "rss_mb": 4703.3515625, "pss_mb": 4684.7744140625, "tag": "main"}, {"pid": 589839, "rss_mb": 144.06640625, "pss_mb": 135.296875, "tag": "ffmpeg"}]
139.0	3	6449.0	6427.2	6425.1	23.8	0.0	[{"pid": 576023, "rss_mb": 6425.1171875, "pss_mb": 6407.6953125, "tag": "main"}, {"pid": 590200, "rss_mb": 23.84375, "pss_mb": 19.5546875, "tag": "ffmpeg"}, {"pid": 590121, "rss_mb": 0.0, "pss_mb": 0.0, "tag": "ffmpeg"}]
144.1	3	6329.8	6310.9	6305.9	23.8	0.0	[{"pid": 576023, "rss_mb": 6305.9375, "pss_mb": 6291.2783203125, "tag": "main"}, {"pid": 590200, "rss_mb": 23.84375, "pss_mb": 19.640625, "tag": "ffmpeg"}, {"pid": 590121, "rss_mb": 0.0, "pss_mb": 0.0, "tag": "ffmpeg"}]
149.3	3	6345.4	6398.1	6321.5	23.8	0.0	[{"pid": 576023, "rss_mb": 6321.5078125, "pss_mb": 6378.4365234375, "tag": "main"}, {"pid": 590200, "rss_mb": 23.84375, "pss_mb": 19.7119140625, "tag": "ffmpeg"}, {"pid": 590121, "rss_mb": 0.0, "pss_mb": 0.0, "tag": "ffmpeg"}]
154.5	3	5721.3	5697.3	5634.1	87.2	0.0	[{"pid": 576023, "rss_mb": 5634.1171875, "pss_mb": 5627.2724609375, "tag": "main"}, {"pid": 591880, "rss_mb": 70.0703125, "pss_mb": 61.7568359375, "tag": "ffmpeg"}, {"pid": 591921, "rss_mb": 17.125, "pss_mb": 8.30859375, "tag": "ffmpeg"}]
159.6	3	6517.9	6499.0	6494.7	23.2	0.0	[{"pid": 576023, "rss_mb": 6494.72265625, "pss_mb": 6480.0322265625, "tag": "main"}, {"pid": 591921, "rss_mb": 23.15625, "pss_mb": 18.966796875, "tag": "ffmpeg"}, {"pid": 591880, "rss_mb": 0.0, "pss_mb": 0.0, "tag": "ffmpeg"}]
164.8	3	6558.5	6499.0	6535.4	23.2	0.0	[{"pid": 576023, "rss_mb": 6535.38671875, "pss_mb": 6480.0517578125, "tag": "main"}, {"pid": 591921, "rss_mb": 23.15625, "pss_mb": 18.998046875, "tag": "ffmpeg"}, {"pid": 591880, "rss_mb": 0.0, "pss_mb": 0.0, "tag": "ffmpeg"}]
169.9	3	5744.3	5706.1	5721.0	23.3	0.0	[{"pid": 576023, "rss_mb": 5721.046875, "pss_mb": 5706.1142578125, "tag": "main"}, {"pid": 591921, "rss_mb": 23.28125, "pss_mb": 0.0, "tag": "ffmpeg"}, {"pid": 591880, "rss_mb": 0.0, "pss_mb": 0.0, "tag": "ffmpeg"}]
175.1	3	7559.1	7543.5	7535.1	24.0	0.0	[{"pid": 576023, "rss_mb": 7535.12109375, "pss_mb": 7523.9462890625, "tag": "main"}, {"pid": 593613, "rss_mb": 23.9609375, "pss_mb": 19.5849609375, "tag": "ffmpeg"}, {"pid": 593571, "rss_mb": 0.0, "pss_mb": 0.0, "tag": "ffmpeg"}]
180.2	3	7329.5	7310.7	7305.6	24.0	0.0	[{"pid": 576023, "rss_mb": 7305.57421875, "pss_mb": 7291.0595703125, "tag": "main"}, {"pid": 593613, "rss_mb": 23.9609375, "pss_mb": 19.6591796875, "tag": "ffmpeg"}, {"pid": 593571, "rss_mb": 0.0, "pss_mb": 0.0, "tag": "ffmpeg"}]
185.4	3	7446.1	7427.3	7422.0	24.1	0.0	[{"pid": 576023, "rss_mb": 7422.01171875, "pss_mb": 7407.5, "tag": "main"}, {"pid": 593613, "rss_mb": 24.0859375, "pss_mb": 19.775390625, "tag": "ffmpeg"}, {"pid": 593571, "rss_mb": 0.0, "pss_mb": 0.0, "tag": "ffmpeg"}]
190.5	2	5067.5	5048.2	4932.1	135.4	0.0	[{"pid": 576023, "rss_mb": 4932.0859375, "pss_mb": 4913.2314453125, "tag": "main"}, {"pid": 595474, "rss_mb": 135.44921875, "pss_mb": 134.98046875, "tag": "ffmpeg"}]
195.7	3	6711.8	6692.7	6687.1	24.7	0.0	[{"pid": 576023, "rss_mb": 6687.10546875, "pss_mb": 6672.3916015625, "tag": "main"}, {"pid": 595611, "rss_mb": 24.70703125, "pss_mb": 20.3173828125, "tag": "ffmpeg"}, {"pid": 595569, "rss_mb": 0.0, "pss_mb": 0.0, "tag": "ffmpeg"}]
200.9	3	6711.7	6692.8	6687.0	24.7	0.0	[{"pid": 576023, "rss_mb": 6686.99609375, "pss_mb": 6672.380859375, "tag": "main"}, {"pid": 595611, "rss_mb": 24.70703125, "pss_mb": 20.4189453125, "tag": "ffmpeg"}, {"pid": 595569, "rss_mb": 0.0, "pss_mb": 0.0, "tag": "ffmpeg"}]
206.0	3	6731.3	6773.6	6706.6	24.7	0.0	[{"pid": 576023, "rss_mb": 6706.578125, "pss_mb": 6753.1181640625, "tag": "main"}, {"pid": 595611, "rss_mb": 24.70703125, "pss_mb": 20.4580078125, "tag": "ffmpeg"}, {"pid": 595569, "rss_mb": 0.0, "pss_mb": 0.0, "tag": "ffmpeg"}]
211.2	2	5250.4	5242.6	5126.0	124.5	0.0	[{"pid": 576023, "rss_mb": 5125.97265625, "pss_mb": 5107.0947265625, "tag": "main"}, {"pid": 597550, "rss_mb": 124.46484375, "pss_mb": 135.53125, "tag": "ffmpeg"}]
216.3	3	6840.7	6821.9	6816.7	24.1	0.0	[{"pid": 576023, "rss_mb": 6816.66796875, "pss_mb": 6802.0283203125, "tag": "main"}, {"pid": 597668, "rss_mb": 24.078125, "pss_mb": 19.87109375, "tag": "ffmpeg"}, {"pid": 597608, "rss_mb": 0.0, "pss_mb": 0.0, "tag": "ffmpeg"}]
221.5	3	6840.8	6822.0	6816.7	24.1	0.0	[{"pid": 576023, "rss_mb": 6816.703125, "pss_mb": 6802.0390625, "tag": "main"}, {"pid": 597668, "rss_mb": 24.078125, "pss_mb": 19.9609375, "tag": "ffmpeg"}, {"pid": 597608, "rss_mb": 0.0, "pss_mb": 0.0, "tag": "ffmpeg"}]
226.7	3	6840.8	6822.0	6816.7	24.1	0.0	[{"pid": 576023, "rss_mb": 6816.74609375, "pss_mb": 6802.0400390625, "tag": "main"}, {"pid": 597668, "rss_mb": 24.078125, "pss_mb": 20.00390625, "tag": "ffmpeg"}, {"pid": 597608, "rss_mb": 0.0, "pss_mb": 0.0, "tag": "ffmpeg"}]
231.9	3	7179.5	7151.5	7086.8	92.7	0.0	[{"pid": 576023, "rss_mb": 7086.76953125, "pss_mb": 7075.6474609375, "tag": "main"}, {"pid": 599500, "rss_mb": 75.55859375, "pss_mb": 67.46875, "tag": "ffmpeg"}, {"pid": 599597, "rss_mb": 17.125, "pss_mb": 8.3544921875, "tag": "ffmpeg"}]
237.0	3	8232.3	8213.5	8208.7	23.6	0.0	[{"pid": 576023, "rss_mb": 8208.6875, "pss_mb": 8194.0078125, "tag": "main"}, {"pid": 599597, "rss_mb": 23.6015625, "pss_mb": 19.51953125, "tag": "ffmpeg"}, {"pid": 599500, "rss_mb": 0.0, "pss_mb": 0.0, "tag": "ffmpeg"}]
242.2	3	6642.5	6623.8	6618.9	23.6	0.0	[{"pid": 576023, "rss_mb": 6618.91796875, "pss_mb": 6604.2783203125, "tag": "main"}, {"pid": 599597, "rss_mb": 23.6015625, "pss_mb": 19.5498046875, "tag": "ffmpeg"}, {"pid": 599500, "rss_mb": 0.0, "pss_mb": 0.0, "tag": "ffmpeg"}]
247.3	3	6642.5	6623.9	6618.9	23.6	0.0	[{"pid": 576023, "rss_mb": 6618.93359375, "pss_mb": 6604.30078125, "tag": "main"}, {"pid": 599597, "rss_mb": 23.6015625, "pss_mb": 19.5859375, "tag": "ffmpeg"}, {"pid": 599500, "rss_mb": 0.0, "pss_mb": 0.0, "tag": "ffmpeg"}]
252.6	3	7157.1	7136.1	7068.9	88.1	0.0	[{"pid": 576023, "rss_mb": 7068.92578125, "pss_mb": 7065.1103515625, "tag": "main"}, {"pid": 601382, "rss_mb": 70.88671875, "pss_mb": 62.7041015625, "tag": "ffmpeg"}, {"pid": 601424, "rss_mb": 17.25, "pss_mb": 8.2958984375, "tag": "ffmpeg"}]
257.7	3	7834.8	7815.7	7811.9	22.9	0.0	[{"pid": 576023, "rss_mb": 7811.9453125, "pss_mb": 7797.029296875, "tag": "main"}, {"pid": 601424, "rss_mb": 22.90234375, "pss_mb": 18.6298828125, "tag": "ffmpeg"}, {"pid": 601382, "rss_mb": 0.0, "pss_mb": 0.0, "tag": "ffmpeg"}]
262.9	3	7951.1	7970.1	7928.2	22.9	0.0	[{"pid": 576023, "rss_mb": 7928.18359375, "pss_mb": 7951.4658203125, "tag": "main"}, {"pid": 601424, "rss_mb": 22.90234375, "pss_mb": 18.66796875, "tag": "ffmpeg"}, {"pid": 601382, "rss_mb": 0.0, "pss_mb": 0.0, "tag": "ffmpeg"}]
268.1	5	6962.1	6827.7	6391.2	571.0	0.0	[{"pid": 576023, "rss_mb": 6391.17578125, "pss_mb": 6369.5859375, "tag": "main"}, {"pid": 602894, "rss_mb": 146.0078125, "pss_mb": 122.3544921875, "tag": "ffmpeg"}, {"pid": 602895, "rss_mb": 142.19921875, "pss_mb": 121.201171875, "tag": "ffmpeg"}, {"pid": 602896, "rss_mb": 141.44921875, "pss_mb": 107.2294921875, "tag": "ffmpeg"}, {"pid": 602893, "rss_mb": 141.296875, "pss_mb": 107.376953125, "tag": "ffmpeg"}]
273.2	1	6485.8	6472.5	6485.8	0.0	0.0	[{"pid": 576023, "rss_mb": 6485.84765625, "pss_mb": 6472.51171875, "tag": "main"}]
278.4	3	7134.1	7101.8	7033.8	100.3	0.0	[{"pid": 576023, "rss_mb": 7033.84765625, "pss_mb": 7018.7060546875, "tag": "main"}, {"pid": 604330, "rss_mb": 83.14453125, "pss_mb": 74.650390625, "tag": "ffmpeg"}, {"pid": 604371, "rss_mb": 17.125, "pss_mb": 8.4345703125, "tag": "ffmpeg"}]
283.6	3	7309.1	7276.8	7208.9	100.3	0.0	[{"pid": 576023, "rss_mb": 7208.8515625, "pss_mb": 7193.7021484375, "tag": "main"}, {"pid": 604330, "rss_mb": 83.14453125, "pss_mb": 74.650390625, "tag": "ffmpeg"}, {"pid": 604371, "rss_mb": 17.125, "pss_mb": 8.43359375, "tag": "ffmpeg"}]
288.8	3	7308.3	7294.9	7201.3	107.0	0.0	[{"pid": 576023, "rss_mb": 7201.31640625, "pss_mb": 7206.6259765625, "tag": "main"}, {"pid": 604330, "rss_mb": 82.3515625, "pss_mb": 72.9990234375, "tag": "ffmpeg"}, {"pid": 604371, "rss_mb": 24.625, "pss_mb": 15.2255859375, "tag": "ffmpeg"}]
293.9	3	7488.9	7453.7	7379.1	109.8	0.0	[{"pid": 576023, "rss_mb": 7379.12109375, "pss_mb": 7364.166015625, "tag": "main"}, {"pid": 604330, "rss_mb": 88.125, "pss_mb": 78.1162109375, "tag": "ffmpeg"}, {"pid": 604371, "rss_mb": 21.65234375, "pss_mb": 11.4150390625, "tag": "ffmpeg"}]
299.1	3	7603.0	7567.8	7493.3	109.8	0.0	[{"pid": 576023, "rss_mb": 7493.26171875, "pss_mb": 7478.1494140625, "tag": "main"}, {"pid": 604330, "rss_mb": 88.125, "pss_mb": 78.1640625, "tag": "ffmpeg"}, {"pid": 604371, "rss_mb": 21.65234375, "pss_mb": 11.4375, "tag": "ffmpeg"}]
304.3	3	7602.1	7566.8	7493.4	108.7	0.0	[{"pid": 576023, "rss_mb": 7493.37890625, "pss_mb": 7478.1650390625, "tag": "main"}, {"pid": 604330, "rss_mb": 87.078125, "pss_mb": 77.0888671875, "tag": "ffmpeg"}, {"pid": 604371, "rss_mb": 21.65234375, "pss_mb": 11.5029296875, "tag": "ffmpeg"}]
309.4	3	7630.1	7594.8	7521.2	108.9	0.0	[{"pid": 576023, "rss_mb": 7521.21484375, "pss_mb": 7506.0908203125, "tag": "main"}, {"pid": 604330, "rss_mb": 87.203125, "pss_mb": 77.2099609375, "tag": "ffmpeg"}, {"pid": 604371, "rss_mb": 21.65234375, "pss_mb": 11.5185546875, "tag": "ffmpeg"}]
314.6	3	7580.3	7556.7	7473.8	106.6	0.0	[{"pid": 576023, "rss_mb": 7473.7578125, "pss_mb": 7470.2080078125, "tag": "main"}, {"pid": 604330, "rss_mb": 84.9375, "pss_mb": 74.9599609375, "tag": "ffmpeg"}, {"pid": 604371, "rss_mb": 21.65234375, "pss_mb": 11.5810546875, "tag": "ffmpeg"}]
319.8	3	7641.8	7606.6	7531.8	110.0	0.0	[{"pid": 576023, "rss_mb": 7531.79296875, "pss_mb": 7516.66796875, "tag": "main"}, {"pid": 604330, "rss_mb": 88.37890625, "pss_mb": 78.3984375, "tag": "ffmpeg"}, {"pid": 604371, "rss_mb": 21.65234375, "pss_mb": 11.58203125, "tag": "ffmpeg"}]
324.9	3	7518.0	7524.2	7411.2	106.8	0.0	[{"pid": 576023, "rss_mb": 7411.23828125, "pss_mb": 7437.662109375, "tag": "main"}, {"pid": 604330, "rss_mb": 85.14453125, "pss_mb": 74.962890625, "tag": "ffmpeg"}, {"pid": 604371, "rss_mb": 21.65234375, "pss_mb": 11.58203125, "tag": "ffmpeg"}]
330.1	3	7589.9	7554.7	7482.1	107.7	0.0	[{"pid": 576023, "rss_mb": 7482.14453125, "pss_mb": 7466.9990234375, "tag": "main"}, {"pid": 604330, "rss_mb": 86.0859375, "pss_mb": 76.1474609375, "tag": "ffmpeg"}, {"pid": 604371, "rss_mb": 21.65234375, "pss_mb": 11.5859375, "tag": "ffmpeg"}]
335.3	3	7600.6	7569.5	7489.4	111.2	0.0	[{"pid": 576023, "rss_mb": 7489.390625, "pss_mb": 7478.2353515625, "tag": "main"}, {"pid": 604330, "rss_mb": 89.5859375, "pss_mb": 79.65234375, "tag": "ffmpeg"}, {"pid": 604371, "rss_mb": 21.65234375, "pss_mb": 11.5888671875, "tag": "ffmpeg"}]
340.5	3	7567.9	7532.9	7460.0	107.9	0.0	[{"pid": 576023, "rss_mb": 7460.01953125, "pss_mb": 7445.01171875, "tag": "main"}, {"pid": 604330, "rss_mb": 86.22265625, "pss_mb": 76.3271484375, "tag": "ffmpeg"}, {"pid": 604371, "rss_mb": 21.65234375, "pss_mb": 11.5888671875, "tag": "ffmpeg"}]
345.7	3	7584.9	7549.9	7479.3	105.6	0.0	[{"pid": 576023, "rss_mb": 7479.32421875, "pss_mb": 7464.2568359375, "tag": "main"}, {"pid": 604330, "rss_mb": 83.96875, "pss_mb": 74.0810546875, "tag": "ffmpeg"}, {"pid": 604371, "rss_mb": 21.65234375, "pss_mb": 11.59765625, "tag": "ffmpeg"}]
350.8	3	7487.4	7452.3	7379.4	108.0	0.0	[{"pid": 576023, "rss_mb": 7379.3984375, "pss_mb": 7364.349609375, "tag": "main"}, {"pid": 604330, "rss_mb": 86.3046875, "pss_mb": 76.3291015625, "tag": "ffmpeg"}, {"pid": 604371, "rss_mb": 21.65234375, "pss_mb": 11.59765625, "tag": "ffmpeg"}]
355.9	3	7453.5	7418.2	7346.3	107.1	0.0	[{"pid": 576023, "rss_mb": 7346.32421875, "pss_mb": 7331.1484375, "tag": "main"}, {"pid": 604330, "rss_mb": 85.3671875, "pss_mb": 75.302734375, "tag": "ffmpeg"}, {"pid": 604371, "rss_mb": 21.77734375, "pss_mb": 11.7060546875, "tag": "ffmpeg"}]
361.1	3	7391.9	7356.5	7284.8	107.1	0.0	[{"pid": 576023, "rss_mb": 7284.765625, "pss_mb": 7269.4443359375, "tag": "main"}, {"pid": 604330, "rss_mb": 85.30859375, "pss_mb": 75.30078125, "tag": "ffmpeg"}, {"pid": 604371, "rss_mb": 21.77734375, "pss_mb": 11.7138671875, "tag": "ffmpeg"}]
366.3	3	7393.0	7357.6	7284.9	108.1	0.0	[{"pid": 576023, "rss_mb": 7284.875, "pss_mb": 7269.4521484375, "tag": "main"}, {"pid": 604330, "rss_mb": 86.30859375, "pss_mb": 76.3984375, "tag": "ffmpeg"}, {"pid": 604371, "rss_mb": 21.77734375, "pss_mb": 11.7333984375, "tag": "ffmpeg"}]
371.4	3	7423.7	7388.2	7318.7	105.0	0.0	[{"pid": 576023, "rss_mb": 7318.73828125, "pss_mb": 7303.3642578125, "tag": "main"}, {"pid": 604330, "rss_mb": 83.1953125, "pss_mb": 73.091796875, "tag": "ffmpeg"}, {"pid": 604371, "rss_mb": 21.77734375, "pss_mb": 11.7490234375, "tag": "ffmpeg"}]
376.6	3	7414.9	7379.5	7306.8	108.1	0.0	[{"pid": 576023, "rss_mb": 7306.77734375, "pss_mb": 7291.3642578125, "tag": "main"}, {"pid": 604330, "rss_mb": 86.3203125, "pss_mb": 76.4013671875, "tag": "ffmpeg"}, {"pid": 604371, "rss_mb": 21.77734375, "pss_mb": 11.7529296875, "tag": "ffmpeg"}]
381.7	3	7392.0	7356.6	7284.9	107.1	0.0	[{"pid": 576023, "rss_mb": 7284.8671875, "pss_mb": 7269.4541015625, "tag": "main"}, {"pid": 604330, "rss_mb": 85.34765625, "pss_mb": 75.3740234375, "tag": "ffmpeg"}, {"pid": 604371, "rss_mb": 21.77734375, "pss_mb": 11.7529296875, "tag": "ffmpeg"}]
386.9	3	7482.1	7446.8	7379.7	102.4	0.0	[{"pid": 576023, "rss_mb": 7379.7421875, "pss_mb": 7364.3896484375, "tag": "main"}, {"pid": 604330, "rss_mb": 80.625, "pss_mb": 70.6357421875, "tag": "ffmpeg"}, {"pid": 604371, "rss_mb": 21.77734375, "pss_mb": 11.7587890625, "tag": "ffmpeg"}]
392.0	3	7600.5	7565.3	7493.6	106.9	0.0	[{"pid": 576023, "rss_mb": 7493.6171875, "pss_mb": 7478.3017578125, "tag": "main"}, {"pid": 604330, "rss_mb": 85.1015625, "pss_mb": 75.2587890625, "tag": "ffmpeg"}, {"pid": 604371, "rss_mb": 21.77734375, "pss_mb": 11.7626953125, "tag": "ffmpeg"}]
397.2	3	7484.9	7449.6	7398.7	86.2	0.0	[{"pid": 576023, "rss_mb": 7398.65625, "pss_mb": 7383.3720703125, "tag": "main"}, {"pid": 604330, "rss_mb": 64.43359375, "pss_mb": 54.4921875, "tag": "ffmpeg"}, {"pid": 604371, "rss_mb": 21.77734375, "pss_mb": 11.7705078125, "tag": "ffmpeg"}]
402.3	2	7401.3	7382.1	7379.5	21.8	0.0	[{"pid": 576023, "rss_mb": 7379.48046875, "pss_mb": 7364.4833984375, "tag": "main"}, {"pid": 604371, "rss_mb": 21.77734375, "pss_mb": 17.6044921875, "tag": "ffmpeg"}]
407.5	2	7521.3	7501.9	7499.4	21.9	0.0	[{"pid": 576023, "rss_mb": 7499.35546875, "pss_mb": 7484.302734375, "tag": "main"}, {"pid": 604371, "rss_mb": 21.90234375, "pss_mb": 17.6279296875, "tag": "ffmpeg"}]
412.6	2	7515.3	7496.0	7493.4	21.9	0.0	[{"pid": 576023, "rss_mb": 7493.4453125, "pss_mb": 7478.396484375, "tag": "main"}, {"pid": 604371, "rss_mb": 21.90234375, "pss_mb": 17.6357421875, "tag": "ffmpeg"}]
417.8	2	7515.4	7496.0	7493.5	21.9	0.0	[{"pid": 576023, "rss_mb": 7493.546875, "pss_mb": 7478.3720703125, "tag": "main"}, {"pid": 604371, "rss_mb": 21.90234375, "pss_mb": 17.626953125, "tag": "ffmpeg"}]
423.0	2	7629.2	7609.9	7607.3	21.9	0.0	[{"pid": 576023, "rss_mb": 7607.27734375, "pss_mb": 7592.27734375, "tag": "main"}, {"pid": 604371, "rss_mb": 21.90234375, "pss_mb": 17.6376953125, "tag": "ffmpeg"}]
428.1	2	7665.2	7645.9	7643.3	21.9	0.0	[{"pid": 576023, "rss_mb": 7643.31640625, "pss_mb": 7628.216796875, "tag": "main"}, {"pid": 604371, "rss_mb": 21.90234375, "pss_mb": 17.6396484375, "tag": "ffmpeg"}]
433.3	2	7629.4	7539.9	7607.5	21.9	0.0	[{"pid": 576023, "rss_mb": 7607.546875, "pss_mb": 7522.26953125, "tag": "main"}, {"pid": 604371, "rss_mb": 21.90234375, "pss_mb": 17.6474609375, "tag": "ffmpeg"}]
438.4	2	7719.2	7699.9	7697.3	21.9	0.0	[{"pid": 576023, "rss_mb": 7697.3359375, "pss_mb": 7682.2138671875, "tag": "main"}, {"pid": 604371, "rss_mb": 21.90234375, "pss_mb": 17.6474609375, "tag": "ffmpeg"}]
443.6	2	7717.3	7697.9	7695.4	21.9	0.0	[{"pid": 576023, "rss_mb": 7695.44140625, "pss_mb": 7680.212890625, "tag": "main"}, {"pid": 604371, "rss_mb": 21.90234375, "pss_mb": 17.6513671875, "tag": "ffmpeg"}]
448.8	2	7571.2	7626.5	7549.3	21.9	0.0	[{"pid": 576023, "rss_mb": 7549.2890625, "pss_mb": 7608.826171875, "tag": "main"}, {"pid": 604371, "rss_mb": 21.90234375, "pss_mb": 17.650390625, "tag": "ffmpeg"}]
454.0	2	7148.8	7129.3	7126.9	21.9	0.0	[{"pid": 576023, "rss_mb": 7126.859375, "pss_mb": 7111.607421875, "tag": "main"}, {"pid": 604371, "rss_mb": 21.90234375, "pss_mb": 17.6669921875, "tag": "ffmpeg"}]
459.1	2	7148.8	7129.3	7126.9	21.9	0.0	[{"pid": 576023, "rss_mb": 7126.859375, "pss_mb": 7111.6083984375, "tag": "main"}, {"pid": 604371, "rss_mb": 21.90234375, "pss_mb": 17.6669921875, "tag": "ffmpeg"}]
464.3	3	7832.3	7792.8	7642.0	190.3	0.0	[{"pid": 576023, "rss_mb": 7641.984375, "pss_mb": 7624.7294921875, "tag": "main"}, {"pid": 621597, "rss_mb": 173.0234375, "pss_mb": 159.6640625, "tag": "ffmpeg"}, {"pid": 621655, "rss_mb": 17.25, "pss_mb": 8.41015625, "tag": "ffmpeg"}]
469.5	3	8196.4	8155.3	8004.9	191.5	0.0	[{"pid": 576023, "rss_mb": 8004.86328125, "pss_mb": 7985.921875, "tag": "main"}, {"pid": 621597, "rss_mb": 174.2734375, "pss_mb": 160.9296875, "tag": "ffmpeg"}, {"pid": 621655, "rss_mb": 17.25, "pss_mb": 8.4111328125, "tag": "ffmpeg"}]
474.7	3	8347.5	8306.4	8154.9	192.6	0.0	[{"pid": 576023, "rss_mb": 8154.8671875, "pss_mb": 8135.822265625, "tag": "main"}, {"pid": 621597, "rss_mb": 175.3984375, "pss_mb": 162.12109375, "tag": "ffmpeg"}, {"pid": 621655, "rss_mb": 17.25, "pss_mb": 8.41015625, "tag": "ffmpeg"}]
479.9	3	8651.9	8610.2	8450.6	201.3	0.0	[{"pid": 576023, "rss_mb": 8450.6171875, "pss_mb": 8431.564453125, "tag": "main"}, {"pid": 621597, "rss_mb": 175.3984375, "pss_mb": 161.708984375, "tag": "ffmpeg"}, {"pid": 621655, "rss_mb": 25.875, "pss_mb": 16.8876953125, "tag": "ffmpeg"}]
485.3	3	8740.6	8698.6	8539.3	201.3	0.0	[{"pid": 576023, "rss_mb": 8539.28125, "pss_mb": 8520.0166015625, "tag": "main"}, {"pid": 621597, "rss_mb": 175.3984375, "pss_mb": 161.6728515625, "tag": "ffmpeg"}, {"pid": 621655, "rss_mb": 25.875, "pss_mb": 16.865234375, "tag": "ffmpeg"}]
490.5	3	9042.4	9000.5	8838.2	204.3	0.0	[{"pid": 576023, "rss_mb": 8838.15625, "pss_mb": 8818.9912109375, "tag": "main"}, {"pid": 621597, "rss_mb": 177.8984375, "pss_mb": 164.1201171875, "tag": "ffmpeg"}, {"pid": 621655, "rss_mb": 26.375, "pss_mb": 17.4287109375, "tag": "ffmpeg"}]
495.7	3	9156.4	9114.5	8952.2	204.3	0.0	[{"pid": 576023, "rss_mb": 8952.15234375, "pss_mb": 8932.9072265625, "tag": "main"}, {"pid": 621597, "rss_mb": 177.8984375, "pss_mb": 164.123046875, "tag": "ffmpeg"}, {"pid": 621655, "rss_mb": 26.375, "pss_mb": 17.4287109375, "tag": "ffmpeg"}]
500.9	3	9381.8	9338.4	9180.0	201.8	0.0	[{"pid": 576023, "rss_mb": 9180.02734375, "pss_mb": 9160.7333984375, "tag": "main"}, {"pid": 621597, "rss_mb": 177.8984375, "pss_mb": 163.416015625, "tag": "ffmpeg"}, {"pid": 621655, "rss_mb": 23.86328125, "pss_mb": 14.2158203125, "tag": "ffmpeg"}]
506.2	3	9608.3	9564.7	9405.3	203.0	0.0	[{"pid": 576023, "rss_mb": 9405.28125, "pss_mb": 9385.865234375, "tag": "main"}, {"pid": 621597, "rss_mb": 179.1484375, "pss_mb": 164.615234375, "tag": "ffmpeg"}, {"pid": 621655, "rss_mb": 23.86328125, "pss_mb": 14.2255859375, "tag": "ffmpeg"}]
511.3	3	9725.1	9681.5	9521.9	203.1	0.0	[{"pid": 576023, "rss_mb": 9521.9375, "pss_mb": 9502.501953125, "tag": "main"}, {"pid": 621597, "rss_mb": 179.2734375, "pss_mb": 164.7724609375, "tag": "ffmpeg"}, {"pid": 621655, "rss_mb": 23.86328125, "pss_mb": 14.2255859375, "tag": "ffmpeg"}]
516.5	3	9954.2	9910.5	9749.8	204.4	0.0	[{"pid": 576023, "rss_mb": 9749.8125, "pss_mb": 9730.330078125, "tag": "main"}, {"pid": 621597, "rss_mb": 180.5234375, "pss_mb": 165.962890625, "tag": "ffmpeg"}, {"pid": 621655, "rss_mb": 23.86328125, "pss_mb": 14.2255859375, "tag": "ffmpeg"}]
521.7	3	10183.2	10139.5	9977.6	205.6	0.0	[{"pid": 576023, "rss_mb": 9977.5625, "pss_mb": 9958.158203125, "tag": "main"}, {"pid": 621597, "rss_mb": 181.7734375, "pss_mb": 167.150390625, "tag": "ffmpeg"}, {"pid": 621655, "rss_mb": 23.86328125, "pss_mb": 14.2255859375, "tag": "ffmpeg"}]
526.9	3	10408.5	10365.1	10202.9	205.6	0.0	[{"pid": 576023, "rss_mb": 10202.91015625, "pss_mb": 10183.755859375, "tag": "main"}, {"pid": 621597, "rss_mb": 181.7734375, "pss_mb": 167.1455078125, "tag": "ffmpeg"}, {"pid": 621655, "rss_mb": 23.86328125, "pss_mb": 14.2099609375, "tag": "ffmpeg"}]
532.2	3	10752.7	10709.1	10547.0	205.6	0.0	[{"pid": 576023, "rss_mb": 10547.03515625, "pss_mb": 10527.7587890625, "tag": "main"}, {"pid": 621597, "rss_mb": 181.7734375, "pss_mb": 167.1455078125, "tag": "ffmpeg"}, {"pid": 621655, "rss_mb": 23.86328125, "pss_mb": 14.228515625, "tag": "ffmpeg"}]
537.3	3	10923.5	10880.0	10717.8	205.6	0.0	[{"pid": 576023, "rss_mb": 10717.83984375, "pss_mb": 10698.6376953125, "tag": "main"}, {"pid": 621597, "rss_mb": 181.7734375, "pss_mb": 167.150390625, "tag": "ffmpeg"}, {"pid": 621655, "rss_mb": 23.86328125, "pss_mb": 14.228515625, "tag": "ffmpeg"}]
542.6	3	11108.6	11065.1	10903.0	205.6	0.0	[{"pid": 576023, "rss_mb": 10903.0078125, "pss_mb": 10883.755859375, "tag": "main"}, {"pid": 621597, "rss_mb": 181.7734375, "pss_mb": 167.1513671875, "tag": "ffmpeg"}, {"pid": 621655, "rss_mb": 23.86328125, "pss_mb": 14.2294921875, "tag": "ffmpeg"}]
547.8	3	11146.7	11103.1	10941.1	205.6	0.0	[{"pid": 576023, "rss_mb": 10941.09375, "pss_mb": 10921.732421875, "tag": "main"}, {"pid": 621597, "rss_mb": 181.7734375, "pss_mb": 167.162109375, "tag": "ffmpeg"}, {"pid": 621655, "rss_mb": 23.86328125, "pss_mb": 14.232421875, "tag": "ffmpeg"}]
553.1	3	11168.4	11124.9	10962.7	205.6	0.0	[{"pid": 576023, "rss_mb": 10962.73046875, "pss_mb": 10943.478515625, "tag": "main"}, {"pid": 621597, "rss_mb": 181.7734375, "pss_mb": 167.1630859375, "tag": "ffmpeg"}, {"pid": 621655, "rss_mb": 23.86328125, "pss_mb": 14.2333984375, "tag": "ffmpeg"}]
558.3	3	11179.9	11136.4	10974.3	205.6	0.0	[{"pid": 576023, "rss_mb": 10974.2890625, "pss_mb": 10954.970703125, "tag": "main"}, {"pid": 621597, "rss_mb": 181.7734375, "pss_mb": 167.162109375, "tag": "ffmpeg"}, {"pid": 621655, "rss_mb": 23.86328125, "pss_mb": 14.2373046875, "tag": "ffmpeg"}]
563.5	2	10998.2	10978.7	10974.3	23.9	0.0	[{"pid": 576023, "rss_mb": 10974.2890625, "pss_mb": 10958.9130859375, "tag": "main"}, {"pid": 621655, "rss_mb": 23.86328125, "pss_mb": 19.7734375, "tag": "ffmpeg"}]
568.7	2	10998.3	10978.7	10974.4	23.9	0.0	[{"pid": 576023, "rss_mb": 10974.39453125, "pss_mb": 10958.919921875, "tag": "main"}, {"pid": 621655, "rss_mb": 23.86328125, "pss_mb": 19.77734375, "tag": "ffmpeg"}]
573.9	2	10994.3	10974.7	10970.5	23.9	0.0	[{"pid": 576023, "rss_mb": 10970.484375, "pss_mb": 10954.919921875, "tag": "main"}, {"pid": 621655, "rss_mb": 23.86328125, "pss_mb": 19.77734375, "tag": "ffmpeg"}]
579.1	2	10998.3	10978.7	10974.5	23.9	0.0	[{"pid": 576023, "rss_mb": 10974.47265625, "pss_mb": 10958.916015625, "tag": "main"}, {"pid": 621655, "rss_mb": 23.86328125, "pss_mb": 19.78125, "tag": "ffmpeg"}]
584.4	2	10891.2	10887.1	10867.3	23.9	0.0	[{"pid": 576023, "rss_mb": 10867.3046875, "pss_mb": 10867.326171875, "tag": "main"}, {"pid": 621655, "rss_mb": 23.86328125, "pss_mb": 19.7890625, "tag": "ffmpeg"}]
589.7	2	10998.4	10978.7	10974.6	23.9	0.0	[{"pid": 576023, "rss_mb": 10974.5546875, "pss_mb": 10958.916015625, "tag": "main"}, {"pid": 621655, "rss_mb": 23.86328125, "pss_mb": 19.7890625, "tag": "ffmpeg"}]
594.9	2	10952.4	10932.7	10928.6	23.9	0.0	[{"pid": 576023, "rss_mb": 10928.5546875, "pss_mb": 10912.916015625, "tag": "main"}, {"pid": 621655, "rss_mb": 23.86328125, "pss_mb": 19.79296875, "tag": "ffmpeg"}]
600.1	2	10998.5	10978.7	10974.6	23.9	0.0	[{"pid": 576023, "rss_mb": 10974.58984375, "pss_mb": 10958.8994140625, "tag": "main"}, {"pid": 621655, "rss_mb": 23.86328125, "pss_mb": 19.7880859375, "tag": "ffmpeg"}]
605.3	2	10944.4	10924.7	10920.6	23.9	0.0	[{"pid": 576023, "rss_mb": 10920.5546875, "pss_mb": 10904.900390625, "tag": "main"}, {"pid": 621655, "rss_mb": 23.86328125, "pss_mb": 19.79296875, "tag": "ffmpeg"}]
610.4	2	10683.8	10682.0	10659.9	23.9	0.0	[{"pid": 576023, "rss_mb": 10659.8984375, "pss_mb": 10662.154296875, "tag": "main"}, {"pid": 621655, "rss_mb": 23.86328125, "pss_mb": 19.80859375, "tag": "ffmpeg"}]
615.7	2	10623.8	10648.0	10599.9	23.9	0.0	[{"pid": 576023, "rss_mb": 10599.8984375, "pss_mb": 10628.1328125, "tag": "main"}, {"pid": 621655, "rss_mb": 23.86328125, "pss_mb": 19.82421875, "tag": "ffmpeg"}]
620.9	2	10699.8	10680.0	10675.9	23.9	0.0	[{"pid": 576023, "rss_mb": 10675.8984375, "pss_mb": 10660.134765625, "tag": "main"}, {"pid": 621655, "rss_mb": 23.86328125, "pss_mb": 19.8359375, "tag": "ffmpeg"}]
626.2	2	10594.1	10635.4	10570.1	24.0	0.0	[{"pid": 576023, "rss_mb": 10570.1484375, "pss_mb": 10615.529296875, "tag": "main"}, {"pid": 621655, "rss_mb": 23.98828125, "pss_mb": 19.8486328125, "tag": "ffmpeg"}]
631.3	2	8366.7	8346.8	8342.7	24.0	0.0	[{"pid": 576023, "rss_mb": 8342.7109375, "pss_mb": 8326.927734375, "tag": "main"}, {"pid": 621655, "rss_mb": 23.98828125, "pss_mb": 19.85546875, "tag": "ffmpeg"}]
636.5	1	8216.9	7892.8	8216.9	0.0	0.0	[{"pid": 576023, "rss_mb": 8216.8984375, "pss_mb": 7892.7529296875, "tag": "main"}]
641.6	3	8332.7	8291.1	8139.6	193.1	0.0	[{"pid": 576023, "rss_mb": 8139.5625, "pss_mb": 8120.7265625, "tag": "main"}, {"pid": 641187, "rss_mb": 175.73828125, "pss_mb": 162.08984375, "tag": "ffmpeg"}, {"pid": 641262, "rss_mb": 17.375, "pss_mb": 8.2578125, "tag": "ffmpeg"}]
646.9	3	8389.8	8348.1	8196.7	193.1	0.0	[{"pid": 576023, "rss_mb": 8196.65234375, "pss_mb": 8177.693359375, "tag": "main"}, {"pid": 641187, "rss_mb": 175.73828125, "pss_mb": 162.1142578125, "tag": "ffmpeg"}, {"pid": 641262, "rss_mb": 17.375, "pss_mb": 8.2431640625, "tag": "ffmpeg"}]
652.0	3	8389.8	8348.1	8196.7	193.1	0.0	[{"pid": 576023, "rss_mb": 8196.65234375, "pss_mb": 8177.712890625, "tag": "main"}, {"pid": 641187, "rss_mb": 175.73828125, "pss_mb": 162.1435546875, "tag": "ffmpeg"}, {"pid": 641262, "rss_mb": 17.375, "pss_mb": 8.2568359375, "tag": "ffmpeg"}]
657.3	3	8399.5	8356.9	8196.8	202.7	0.0	[{"pid": 576023, "rss_mb": 8196.76953125, "pss_mb": 8177.71484375, "tag": "main"}, {"pid": 641187, "rss_mb": 176.98828125, "pss_mb": 162.86328125, "tag": "ffmpeg"}, {"pid": 641262, "rss_mb": 25.75, "pss_mb": 16.34375, "tag": "ffmpeg"}]
662.4	3	8400.3	8357.7	8196.8	203.5	0.0	[{"pid": 576023, "rss_mb": 8196.76953125, "pss_mb": 8177.71484375, "tag": "main"}, {"pid": 641187, "rss_mb": 176.98828125, "pss_mb": 162.8671875, "tag": "ffmpeg"}, {"pid": 641262, "rss_mb": 26.5, "pss_mb": 17.10546875, "tag": "ffmpeg"}]
667.6	3	8400.3	8357.7	8196.8	203.5	0.0	[{"pid": 576023, "rss_mb": 8196.80078125, "pss_mb": 8177.71484375, "tag": "main"}, {"pid": 641187, "rss_mb": 176.98828125, "pss_mb": 162.8671875, "tag": "ffmpeg"}, {"pid": 641262, "rss_mb": 26.5, "pss_mb": 17.10546875, "tag": "ffmpeg"}]
672.8	3	8481.0	8438.4	8277.6	203.5	0.0	[{"pid": 576023, "rss_mb": 8277.55078125, "pss_mb": 8258.404296875, "tag": "main"}, {"pid": 641187, "rss_mb": 176.98828125, "pss_mb": 162.865234375, "tag": "ffmpeg"}, {"pid": 641262, "rss_mb": 26.5, "pss_mb": 17.103515625, "tag": "ffmpeg"}]
678.0	3	8707.2	8663.0	8505.3	201.9	0.0	[{"pid": 576023, "rss_mb": 8505.30078125, "pss_mb": 8486.228515625, "tag": "main"}, {"pid": 641187, "rss_mb": 178.23828125, "pss_mb": 163.26953125, "tag": "ffmpeg"}, {"pid": 641262, "rss_mb": 23.62109375, "pss_mb": 13.5185546875, "tag": "ffmpeg"}]
683.2	3	8821.1	8777.0	8619.2	201.9	0.0	[{"pid": 576023, "rss_mb": 8619.23046875, "pss_mb": 8600.142578125, "tag": "main"}, {"pid": 641187, "rss_mb": 178.23828125, "pss_mb": 163.2685546875, "tag": "ffmpeg"}, {"pid": 641262, "rss_mb": 23.62109375, "pss_mb": 13.544921875, "tag": "ffmpeg"}]
688.3	3	8977.8	8933.9	8776.0	201.9	0.0	[{"pid": 576023, "rss_mb": 8775.96875, "pss_mb": 8757.044921875, "tag": "main"}, {"pid": 641187, "rss_mb": 178.23828125, "pss_mb": 163.2685546875, "tag": "ffmpeg"}, {"pid": 641262, "rss_mb": 23.62109375, "pss_mb": 13.544921875, "tag": "ffmpeg"}]
693.5	3	9276.7	9232.6	9074.7	202.0	0.0	[{"pid": 576023, "rss_mb": 9074.71875, "pss_mb": 9055.798828125, "tag": "main"}, {"pid": 641187, "rss_mb": 178.36328125, "pss_mb": 163.3046875, "tag": "ffmpeg"}, {"pid": 641262, "rss_mb": 23.62109375, "pss_mb": 13.5458984375, "tag": "ffmpeg"}]
698.7	3	9395.5	9351.3	9193.5	202.0	0.0	[{"pid": 576023, "rss_mb": 9193.46875, "pss_mb": 9174.458984375, "tag": "main"}, {"pid": 641187, "rss_mb": 178.36328125, "pss_mb": 163.3046875, "tag": "ffmpeg"}, {"pid": 641262, "rss_mb": 23.62109375, "pss_mb": 13.5537109375, "tag": "ffmpeg"}]
703.9	3	9675.3	9631.4	9473.3	202.0	0.0	[{"pid": 576023, "rss_mb": 9473.34375, "pss_mb": 9454.494140625, "tag": "main"}, {"pid": 641187, "rss_mb": 178.36328125, "pss_mb": 163.3046875, "tag": "ffmpeg"}, {"pid": 641262, "rss_mb": 23.62109375, "pss_mb": 13.5732421875, "tag": "ffmpeg"}]
709.1	3	9930.1	9892.4	9728.1	202.0	0.0	[{"pid": 576023, "rss_mb": 9728.140625, "pss_mb": 9715.55078125, "tag": "main"}, {"pid": 641187, "rss_mb": 178.36328125, "pss_mb": 163.3037109375, "tag": "ffmpeg"}, {"pid": 641262, "rss_mb": 23.62109375, "pss_mb": 13.572265625, "tag": "ffmpeg"}]
714.4	3	10245.0	10200.9	10043.0	202.0	0.0	[{"pid": 576023, "rss_mb": 10043.015625, "pss_mb": 10024.0341796875, "tag": "main"}, {"pid": 641187, "rss_mb": 178.36328125, "pss_mb": 163.2822265625, "tag": "ffmpeg"}, {"pid": 641262, "rss_mb": 23.62109375, "pss_mb": 13.5517578125, "tag": "ffmpeg"}]
719.6	3	10430.1	10385.8	10228.1	202.0	0.0	[{"pid": 576023, "rss_mb": 10228.1171875, "pss_mb": 10208.9443359375, "tag": "main"}, {"pid": 641187, "rss_mb": 178.36328125, "pss_mb": 163.2763671875, "tag": "ffmpeg"}, {"pid": 641262, "rss_mb": 23.62109375, "pss_mb": 13.5458984375, "tag": "ffmpeg"}]
724.8	3	10469.6	10424.9	10266.4	203.1	0.0	[{"pid": 576023, "rss_mb": 10266.44921875, "pss_mb": 10246.8681640625, "tag": "main"}, {"pid": 641187, "rss_mb": 179.48828125, "pss_mb": 164.4697265625, "tag": "ffmpeg"}, {"pid": 641262, "rss_mb": 23.62109375, "pss_mb": 13.5869140625, "tag": "ffmpeg"}]
730.1	3	10405.7	10361.2	10201.4	204.4	0.0	[{"pid": 576023, "rss_mb": 10201.3515625, "pss_mb": 10181.853515625, "tag": "main"}, {"pid": 641187, "rss_mb": 180.73828125, "pss_mb": 165.740234375, "tag": "ffmpeg"}, {"pid": 641262, "rss_mb": 23.62109375, "pss_mb": 13.5849609375, "tag": "ffmpeg"}]
735.4	3	10401.8	10356.9	10197.5	204.4	0.0	[{"pid": 576023, "rss_mb": 10197.484375, "pss_mb": 10177.7158203125, "tag": "main"}, {"pid": 641187, "rss_mb": 180.73828125, "pss_mb": 165.6728515625, "tag": "ffmpeg"}, {"pid": 641262, "rss_mb": 23.62109375, "pss_mb": 13.529296875, "tag": "ffmpeg"}]
740.7	3	10485.9	10440.9	10281.5	204.4	0.0	[{"pid": 576023, "rss_mb": 10281.49609375, "pss_mb": 10261.6943359375, "tag": "main"}, {"pid": 641187, "rss_mb": 180.73828125, "pss_mb": 165.673828125, "tag": "ffmpeg"}, {"pid": 641262, "rss_mb": 23.62109375, "pss_mb": 13.533203125, "tag": "ffmpeg"}]
745.9	3	10389.9	10345.0	10185.6	204.4	0.0	[{"pid": 576023, "rss_mb": 10185.55078125, "pss_mb": 10165.7919921875, "tag": "main"}, {"pid": 641187, "rss_mb": 180.73828125, "pss_mb": 165.6787109375, "tag": "ffmpeg"}, {"pid": 641262, "rss_mb": 23.62109375, "pss_mb": 13.54296875, "tag": "ffmpeg"}]
751.1	3	10503.9	10458.9	10299.6	204.4	0.0	[{"pid": 576023, "rss_mb": 10299.58984375, "pss_mb": 10279.6748046875, "tag": "main"}, {"pid": 641187, "rss_mb": 180.73828125, "pss_mb": 165.6767578125, "tag": "ffmpeg"}, {"pid": 641262, "rss_mb": 23.62109375, "pss_mb": 13.5380859375, "tag": "ffmpeg"}]
756.3	3	10504.0	10458.9	10299.6	204.4	0.0	[{"pid": 576023, "rss_mb": 10299.64453125, "pss_mb": 10279.7119140625, "tag": "main"}, {"pid": 641187, "rss_mb": 180.73828125, "pss_mb": 165.6826171875, "tag": "ffmpeg"}, {"pid": 641262, "rss_mb": 23.62109375, "pss_mb": 13.55078125, "tag": "ffmpeg"}]
761.5	3	10392.0	10354.4	10187.6	204.4	0.0	[{"pid": 576023, "rss_mb": 10187.64453125, "pss_mb": 10175.1484375, "tag": "main"}, {"pid": 641187, "rss_mb": 180.73828125, "pss_mb": 165.6826171875, "tag": "ffmpeg"}, {"pid": 641262, "rss_mb": 23.62109375, "pss_mb": 13.5576171875, "tag": "ffmpeg"}]
766.7	3	10410.6	10376.2	10206.2	204.4	0.0	[{"pid": 576023, "rss_mb": 10206.21875, "pss_mb": 10197.00390625, "tag": "main"}, {"pid": 641187, "rss_mb": 180.73828125, "pss_mb": 165.6826171875, "tag": "ffmpeg"}, {"pid": 641262, "rss_mb": 23.62109375, "pss_mb": 13.5576171875, "tag": "ffmpeg"}]
771.9	3	10482.0	10436.9	10277.6	204.4	0.0	[{"pid": 576023, "rss_mb": 10277.6484375, "pss_mb": 10257.7060546875, "tag": "main"}, {"pid": 641187, "rss_mb": 180.73828125, "pss_mb": 165.6640625, "tag": "ffmpeg"}, {"pid": 641262, "rss_mb": 23.62109375, "pss_mb": 13.548828125, "tag": "ffmpeg"}]
777.2	3	10478.1	10433.5	10273.7	204.4	0.0	[{"pid": 576023, "rss_mb": 10273.69921875, "pss_mb": 10254.232421875, "tag": "main"}, {"pid": 641187, "rss_mb": 180.73828125, "pss_mb": 165.7060546875, "tag": "ffmpeg"}, {"pid": 641262, "rss_mb": 23.62109375, "pss_mb": 13.5849609375, "tag": "ffmpeg"}]
782.5	3	10430.1	10385.5	10225.7	204.4	0.0	[{"pid": 576023, "rss_mb": 10225.69921875, "pss_mb": 10206.189453125, "tag": "main"}, {"pid": 641187, "rss_mb": 180.73828125, "pss_mb": 165.7099609375, "tag": "ffmpeg"}, {"pid": 641262, "rss_mb": 23.62109375, "pss_mb": 13.5888671875, "tag": "ffmpeg"}]
787.8	2	10137.9	10118.1	10114.2	23.6	0.0	[{"pid": 576023, "rss_mb": 10114.25, "pss_mb": 10098.7578125, "tag": "main"}, {"pid": 641262, "rss_mb": 23.62109375, "pss_mb": 19.3173828125, "tag": "ffmpeg"}]
793.0	2	10137.9	10118.1	10114.2	23.6	0.0	[{"pid": 576023, "rss_mb": 10114.24609375, "pss_mb": 10098.7490234375, "tag": "main"}, {"pid": 641262, "rss_mb": 23.62109375, "pss_mb": 19.3154296875, "tag": "ffmpeg"}]
798.2	2	10023.9	10004.2	10000.3	23.6	0.0	[{"pid": 576023, "rss_mb": 10000.30078125, "pss_mb": 9984.84375, "tag": "main"}, {"pid": 641262, "rss_mb": 23.62109375, "pss_mb": 19.3203125, "tag": "ffmpeg"}]
803.5	2	10065.8	10046.1	10042.2	23.6	0.0	[{"pid": 576023, "rss_mb": 10042.171875, "pss_mb": 10026.7490234375, "tag": "main"}, {"pid": 641262, "rss_mb": 23.62109375, "pss_mb": 19.318359375, "tag": "ffmpeg"}]
808.7	2	10061.8	10042.1	10038.2	23.6	0.0	[{"pid": 576023, "rss_mb": 10038.17578125, "pss_mb": 10022.7490234375, "tag": "main"}, {"pid": 641262, "rss_mb": 23.62109375, "pss_mb": 19.3193359375, "tag": "ffmpeg"}]
814.0	2	10057.9	10038.1	10034.2	23.6	0.0	[{"pid": 576023, "rss_mb": 10034.24609375, "pss_mb": 10018.748046875, "tag": "main"}, {"pid": 641262, "rss_mb": 23.62109375, "pss_mb": 19.3271484375, "tag": "ffmpeg"}]
819.2	2	10137.8	10118.1	10114.2	23.6	0.0	[{"pid": 576023, "rss_mb": 10114.20703125, "pss_mb": 10098.7509765625, "tag": "main"}, {"pid": 641262, "rss_mb": 23.62109375, "pss_mb": 19.33203125, "tag": "ffmpeg"}]
824.4	2	10137.8	10118.1	10114.2	23.6	0.0	[{"pid": 576023, "rss_mb": 10114.171875, "pss_mb": 10098.75, "tag": "main"}, {"pid": 641262, "rss_mb": 23.62109375, "pss_mb": 19.3388671875, "tag": "ffmpeg"}]
829.7	2	10133.9	10114.1	10110.3	23.6	0.0	[{"pid": 576023, "rss_mb": 10110.25390625, "pss_mb": 10094.75390625, "tag": "main"}, {"pid": 641262, "rss_mb": 23.62109375, "pss_mb": 19.34375, "tag": "ffmpeg"}]
834.9	2	10121.8	10102.0	10098.2	23.6	0.0	[{"pid": 576023, "rss_mb": 10098.21875, "pss_mb": 10082.6455078125, "tag": "main"}, {"pid": 641262, "rss_mb": 23.62109375, "pss_mb": 19.359375, "tag": "ffmpeg"}]
840.1	2	9585.9	9566.2	9562.3	23.6	0.0	[{"pid": 576023, "rss_mb": 9562.3125, "pss_mb": 9546.80078125, "tag": "main"}, {"pid": 641262, "rss_mb": 23.62109375, "pss_mb": 19.369140625, "tag": "ffmpeg"}]
845.2	2	9549.9	9530.2	9526.3	23.6	0.0	[{"pid": 576023, "rss_mb": 9526.3125, "pss_mb": 9510.8076171875, "tag": "main"}, {"pid": 641262, "rss_mb": 23.62109375, "pss_mb": 19.38671875, "tag": "ffmpeg"}]
850.4	2	9239.5	9219.8	9215.9	23.6	0.0	[{"pid": 576023, "rss_mb": 9215.921875, "pss_mb": 9200.3779296875, "tag": "main"}, {"pid": 641262, "rss_mb": 23.62109375, "pss_mb": 19.392578125, "tag": "ffmpeg"}]
855.6	2	9239.5	9219.8	9215.9	23.6	0.0	[{"pid": 576023, "rss_mb": 9215.921875, "pss_mb": 9200.3828125, "tag": "main"}, {"pid": 641262, "rss_mb": 23.62109375, "pss_mb": 19.39453125, "tag": "ffmpeg"}]
860.8	2	9043.7	9015.4	8846.7	197.0	0.0	[{"pid": 576023, "rss_mb": 8846.734375, "pss_mb": 8827.5927734375, "tag": "main"}, {"pid": 665082, "rss_mb": 196.96484375, "pss_mb": 187.814453125, "tag": "ffmpeg"}]
866.0	3	9478.2	9446.6	9388.2	90.0	0.0	[{"pid": 576023, "rss_mb": 9388.15234375, "pss_mb": 9373.765625, "tag": "main"}, {"pid": 665482, "rss_mb": 72.765625, "pss_mb": 64.458984375, "tag": "ffmpeg"}, {"pid": 665524, "rss_mb": 17.25, "pss_mb": 8.39453125, "tag": "ffmpeg"}]
871.2	3	9448.8	9417.1	9353.9	94.9	0.0	[{"pid": 576023, "rss_mb": 9353.88671875, "pss_mb": 9339.375, "tag": "main"}, {"pid": 665482, "rss_mb": 77.640625, "pss_mb": 69.306640625, "tag": "ffmpeg"}, {"pid": 665524, "rss_mb": 17.25, "pss_mb": 8.40234375, "tag": "ffmpeg"}]
876.3	3	9394.6	9361.4	9291.1	103.5	0.0	[{"pid": 576023, "rss_mb": 9291.0703125, "pss_mb": 9276.48046875, "tag": "main"}, {"pid": 665482, "rss_mb": 77.76171875, "pss_mb": 68.677734375, "tag": "ffmpeg"}, {"pid": 665524, "rss_mb": 25.75, "pss_mb": 16.26953125, "tag": "ffmpeg"}]
881.5	3	9436.4	9403.1	9333.8	102.6	0.0	[{"pid": 576023, "rss_mb": 9333.8203125, "pss_mb": 9319.1875, "tag": "main"}, {"pid": 665482, "rss_mb": 76.82421875, "pss_mb": 67.615234375, "tag": "ffmpeg"}, {"pid": 665524, "rss_mb": 25.75, "pss_mb": 16.26953125, "tag": "ffmpeg"}]
886.7	3	9666.5	9633.6	9561.6	105.0	0.0	[{"pid": 576023, "rss_mb": 9561.5703125, "pss_mb": 9547.00390625, "tag": "main"}, {"pid": 665482, "rss_mb": 78.8359375, "pss_mb": 69.865234375, "tag": "ffmpeg"}, {"pid": 665524, "rss_mb": 26.125, "pss_mb": 16.71484375, "tag": "ffmpeg"}]
891.9	3	9785.5	9752.3	9682.7	102.8	0.0	[{"pid": 576023, "rss_mb": 9682.67578125, "pss_mb": 9668.001953125, "tag": "main"}, {"pid": 665482, "rss_mb": 76.6796875, "pss_mb": 67.5986328125, "tag": "ffmpeg"}, {"pid": 665524, "rss_mb": 26.125, "pss_mb": 16.7060546875, "tag": "ffmpeg"}]
897.2	3	10098.1	10063.8	9997.1	101.0	0.0	[{"pid": 576023, "rss_mb": 9997.05078125, "pss_mb": 9982.6162109375, "tag": "main"}, {"pid": 665482, "rss_mb": 77.9765625, "pss_mb": 68.1572265625, "tag": "ffmpeg"}, {"pid": 665524, "rss_mb": 23.0703125, "pss_mb": 12.982421875, "tag": "ffmpeg"}]
902.4	3	10235.3	10201.1	10131.0	104.3	0.0	[{"pid": 576023, "rss_mb": 10131.0078125, "pss_mb": 10116.517578125, "tag": "main"}, {"pid": 665482, "rss_mb": 81.2265625, "pss_mb": 71.5908203125, "tag": "ffmpeg"}, {"pid": 665524, "rss_mb": 23.0703125, "pss_mb": 12.982421875, "tag": "ffmpeg"}]
907.7	3	10484.5	10450.3	10384.6	99.8	0.0	[{"pid": 576023, "rss_mb": 10384.6328125, "pss_mb": 10370.240234375, "tag": "main"}, {"pid": 665482, "rss_mb": 76.75390625, "pss_mb": 67.0517578125, "tag": "ffmpeg"}, {"pid": 665524, "rss_mb": 23.0703125, "pss_mb": 13.052734375, "tag": "ffmpeg"}]
912.9	3	10686.4	10652.3	10586.6	99.8	0.0	[{"pid": 576023, "rss_mb": 10586.6015625, "pss_mb": 10572.1474609375, "tag": "main"}, {"pid": 665482, "rss_mb": 76.6953125, "pss_mb": 67.0556640625, "tag": "ffmpeg"}, {"pid": 665524, "rss_mb": 23.0703125, "pss_mb": 13.052734375, "tag": "ffmpeg"}]
918.2	3	10913.0	10878.9	10814.4	98.7	0.0	[{"pid": 576023, "rss_mb": 10814.3515625, "pss_mb": 10799.962890625, "tag": "main"}, {"pid": 665482, "rss_mb": 75.625, "pss_mb": 65.8642578125, "tag": "ffmpeg"}, {"pid": 665524, "rss_mb": 23.0703125, "pss_mb": 13.052734375, "tag": "ffmpeg"}]
923.5	3	11059.2	11025.9	10956.7	102.5	0.0	[{"pid": 576023, "rss_mb": 10956.7421875, "pss_mb": 10942.341796875, "tag": "main"}, {"pid": 665482, "rss_mb": 79.3828125, "pss_mb": 70.4853515625, "tag": "ffmpeg"}, {"pid": 665524, "rss_mb": 23.0703125, "pss_mb": 13.056640625, "tag": "ffmpeg"}]
928.7	3	11342.7	11308.3	11241.7	101.0	0.0	[{"pid": 576023, "rss_mb": 11241.69140625, "pss_mb": 11227.111328125, "tag": "main"}, {"pid": 665482, "rss_mb": 77.94921875, "pss_mb": 68.1142578125, "tag": "ffmpeg"}, {"pid": 665524, "rss_mb": 23.0703125, "pss_mb": 13.056640625, "tag": "ffmpeg"}]
934.0	3	11627.3	11593.1	11526.3	101.0	0.0	[{"pid": 576023, "rss_mb": 11526.31640625, "pss_mb": 11511.8828125, "tag": "main"}, {"pid": 665482, "rss_mb": 77.94921875, "pss_mb": 68.1142578125, "tag": "ffmpeg"}, {"pid": 665524, "rss_mb": 23.0703125, "pss_mb": 13.056640625, "tag": "ffmpeg"}]
939.3	3	11887.2	11852.9	11785.0	102.3	0.0	[{"pid": 576023, "rss_mb": 11784.9765625, "pss_mb": 11770.537109375, "tag": "main"}, {"pid": 665482, "rss_mb": 79.19921875, "pss_mb": 69.3017578125, "tag": "ffmpeg"}, {"pid": 665524, "rss_mb": 23.0703125, "pss_mb": 13.056640625, "tag": "ffmpeg"}]
944.5	3	11913.2	11878.9	11810.8	102.4	0.0	[{"pid": 576023, "rss_mb": 11810.8046875, "pss_mb": 11796.3369140625, "tag": "main"}, {"pid": 665482, "rss_mb": 79.3359375, "pss_mb": 69.541015625, "tag": "ffmpeg"}, {"pid": 665524, "rss_mb": 23.0703125, "pss_mb": 13.0537109375, "tag": "ffmpeg"}]
949.8	3	11907.0	11872.8	11810.8	96.2	0.0	[{"pid": 576023, "rss_mb": 11810.8046875, "pss_mb": 11796.349609375, "tag": "main"}, {"pid": 665482, "rss_mb": 73.02734375, "pss_mb": 63.3681640625, "tag": "ffmpeg"}, {"pid": 665524, "rss_mb": 23.1953125, "pss_mb": 13.083984375, "tag": "ffmpeg"}]
955.1	3	12012.5	11978.0	11929.4	83.1	0.0	[{"pid": 576023, "rss_mb": 11929.4296875, "pss_mb": 11915.0009765625, "tag": "main"}, {"pid": 665482, "rss_mb": 59.91796875, "pss_mb": 49.9013671875, "tag": "ffmpeg"}, {"pid": 665524, "rss_mb": 23.1953125, "pss_mb": 13.0751953125, "tag": "ffmpeg"}]
960.3	2	11838.7	11819.9	11815.5	23.2	0.0	[{"pid": 576023, "rss_mb": 11815.52734375, "pss_mb": 11801.1787109375, "tag": "main"}, {"pid": 665524, "rss_mb": 23.1953125, "pss_mb": 18.7333984375, "tag": "ffmpeg"}]
965.6	2	11848.6	11857.8	11825.4	23.2	0.0	[{"pid": 576023, "rss_mb": 11825.40234375, "pss_mb": 11839.0791015625, "tag": "main"}, {"pid": 665524, "rss_mb": 23.1953125, "pss_mb": 18.7666015625, "tag": "ffmpeg"}]
970.8	2	11838.7	11820.0	11815.5	23.2	0.0	[{"pid": 576023, "rss_mb": 11815.54296875, "pss_mb": 11801.171875, "tag": "main"}, {"pid": 665524, "rss_mb": 23.1953125, "pss_mb": 18.7978515625, "tag": "ffmpeg"}]
976.1	2	11952.6	11933.9	11929.4	23.2	0.0	[{"pid": 576023, "rss_mb": 11929.41796875, "pss_mb": 11915.0947265625, "tag": "main"}, {"pid": 665524, "rss_mb": 23.1953125, "pss_mb": 18.810546875, "tag": "ffmpeg"}]
981.3	2	11838.8	11820.0	11815.6	23.2	0.0	[{"pid": 576023, "rss_mb": 11815.57421875, "pss_mb": 11801.1845703125, "tag": "main"}, {"pid": 665524, "rss_mb": 23.1953125, "pss_mb": 18.814453125, "tag": "ffmpeg"}]
986.5	2	11952.6	11933.9	11929.4	23.2	0.0	[{"pid": 576023, "rss_mb": 11929.44921875, "pss_mb": 11915.0615234375, "tag": "main"}, {"pid": 665524, "rss_mb": 23.1953125, "pss_mb": 18.81640625, "tag": "ffmpeg"}]
991.7	2	11838.8	11820.0	11815.6	23.2	0.0	[{"pid": 576023, "rss_mb": 11815.56640625, "pss_mb": 11801.1513671875, "tag": "main"}, {"pid": 665524, "rss_mb": 23.1953125, "pss_mb": 18.8203125, "tag": "ffmpeg"}]
997.0	2	11838.8	11820.0	11815.6	23.2	0.0	[{"pid": 576023, "rss_mb": 11815.56640625, "pss_mb": 11801.1845703125, "tag": "main"}, {"pid": 665524, "rss_mb": 23.1953125, "pss_mb": 18.8291015625, "tag": "ffmpeg"}]
1002.3	2	11108.0	11089.0	11084.8	23.2	0.0	[{"pid": 576023, "rss_mb": 11084.796875, "pss_mb": 11070.1298828125, "tag": "main"}, {"pid": 665524, "rss_mb": 23.1953125, "pss_mb": 18.8359375, "tag": "ffmpeg"}]
1007.4	2	8144.3	8125.3	8121.1	23.2	0.0	[{"pid": 576023, "rss_mb": 8121.09375, "pss_mb": 8106.3759765625, "tag": "main"}, {"pid": 665524, "rss_mb": 23.1953125, "pss_mb": 18.8837890625, "tag": "ffmpeg"}]
1012.5	2	8144.3	8125.3	8121.1	23.2	0.0	[{"pid": 576023, "rss_mb": 8121.09375, "pss_mb": 8106.3720703125, "tag": "main"}, {"pid": 665524, "rss_mb": 23.1953125, "pss_mb": 18.880859375, "tag": "ffmpeg"}]
1017.8	2	8275.9	8248.2	8078.8	197.1	0.0	[{"pid": 576023, "rss_mb": 8078.84375, "pss_mb": 8060.40625, "tag": "main"}, {"pid": 679422, "rss_mb": 197.1015625, "pss_mb": 187.7734375, "tag": "ffmpeg"}]
1023.0	3	8941.2	8811.7	8852.3	88.9	0.0	[{"pid": 576023, "rss_mb": 8852.3359375, "pss_mb": 8740.0390625, "tag": "main"}, {"pid": 679609, "rss_mb": 71.5390625, "pss_mb": 63.0263671875, "tag": "ffmpeg"}, {"pid": 679675, "rss_mb": 17.375, "pss_mb": 8.59375, "tag": "ffmpeg"}]
1028.2	3	9028.2	8996.7	8935.7	92.5	0.0	[{"pid": 576023, "rss_mb": 8935.703125, "pss_mb": 8921.43359375, "tag": "main"}, {"pid": 679609, "rss_mb": 75.1484375, "pss_mb": 66.6240234375, "tag": "ffmpeg"}, {"pid": 679675, "rss_mb": 17.375, "pss_mb": 8.5927734375, "tag": "ffmpeg"}]
1033.4	3	9226.8	9194.2	9124.6	102.2	0.0	[{"pid": 576023, "rss_mb": 9124.609375, "pss_mb": 9110.2734375, "tag": "main"}, {"pid": 679609, "rss_mb": 76.16015625, "pss_mb": 67.3486328125, "tag": "ffmpeg"}, {"pid": 679675, "rss_mb": 26.0, "pss_mb": 16.580078125, "tag": "ffmpeg"}]
1038.7	3	9567.1	9534.3	9466.5	100.7	0.0	[{"pid": 576023, "rss_mb": 9466.484375, "pss_mb": 9452.0126953125, "tag": "main"}, {"pid": 679609, "rss_mb": 74.27734375, "pss_mb": 65.2314453125, "tag": "ffmpeg"}, {"pid": 679675, "rss_mb": 26.375, "pss_mb": 17.068359375, "tag": "ffmpeg"}]
1043.9	3	9568.0	9535.4	9466.4	101.7	0.0	[{"pid": 576023, "rss_mb": 9466.3515625, "pss_mb": 9452.0166015625, "tag": "main"}, {"pid": 679609, "rss_mb": 75.27734375, "pss_mb": 66.3466796875, "tag": "ffmpeg"}, {"pid": 679675, "rss_mb": 26.375, "pss_mb": 17.0712890625, "tag": "ffmpeg"}]
1049.1	3	9782.5	9748.4	9682.1	100.3	0.0	[{"pid": 576023, "rss_mb": 9682.140625, "pss_mb": 9667.875, "tag": "main"}, {"pid": 679609, "rss_mb": 76.57421875, "pss_mb": 66.7626953125, "tag": "ffmpeg"}, {"pid": 679675, "rss_mb": 23.74609375, "pss_mb": 13.7275390625, "tag": "ffmpeg"}]
1054.3	3	10021.1	9987.0	9922.0	99.1	0.0	[{"pid": 576023, "rss_mb": 9922.015625, "pss_mb": 9907.671875, "tag": "main"}, {"pid": 679609, "rss_mb": 75.32421875, "pss_mb": 65.5751953125, "tag": "ffmpeg"}, {"pid": 679675, "rss_mb": 23.74609375, "pss_mb": 13.7265625, "tag": "ffmpeg"}]
1059.5	3	10138.6	10104.4	10036.1	102.5	0.0	[{"pid": 576023, "rss_mb": 10036.1171875, "pss_mb": 10021.580078125, "tag": "main"}, {"pid": 679609, "rss_mb": 78.7421875, "pss_mb": 69.1318359375, "tag": "ffmpeg"}, {"pid": 679675, "rss_mb": 23.74609375, "pss_mb": 13.7236328125, "tag": "ffmpeg"}]
1064.8	3	10362.1	10327.9	10263.9	98.2	0.0	[{"pid": 576023, "rss_mb": 10263.8671875, "pss_mb": 10249.4052734375, "tag": "main"}, {"pid": 679609, "rss_mb": 74.4921875, "pss_mb": 64.759765625, "tag": "ffmpeg"}, {"pid": 679675, "rss_mb": 23.74609375, "pss_mb": 13.724609375, "tag": "ffmpeg"}]
1070.0	3	10572.5	10546.0	10474.7	97.8	0.0	[{"pid": 576023, "rss_mb": 10474.7109375, "pss_mb": 10467.7392578125, "tag": "main"}, {"pid": 679609, "rss_mb": 74.08203125, "pss_mb": 64.5068359375, "tag": "ffmpeg"}, {"pid": 679675, "rss_mb": 23.74609375, "pss_mb": 13.720703125, "tag": "ffmpeg"}]
1075.2	3	10818.4	10784.3	10719.3	99.0	0.0	[{"pid": 576023, "rss_mb": 10719.3359375, "pss_mb": 10705.046875, "tag": "main"}, {"pid": 679609, "rss_mb": 75.296875, "pss_mb": 65.564453125, "tag": "ffmpeg"}, {"pid": 679675, "rss_mb": 23.74609375, "pss_mb": 13.7158203125, "tag": "ffmpeg"}]
1080.4	3	11049.5	11015.9	10947.1	102.4	0.0	[{"pid": 576023, "rss_mb": 10947.0859375, "pss_mb": 10932.87890625, "tag": "main"}, {"pid": 679609, "rss_mb": 78.67578125, "pss_mb": 69.25, "tag": "ffmpeg"}, {"pid": 679675, "rss_mb": 23.74609375, "pss_mb": 13.724609375, "tag": "ffmpeg"}]
1085.7	3	11251.9	11218.3	11153.0	98.9	0.0	[{"pid": 576023, "rss_mb": 11153.01953125, "pss_mb": 11138.765625, "tag": "main"}, {"pid": 679609, "rss_mb": 75.17578125, "pss_mb": 65.8212890625, "tag": "ffmpeg"}, {"pid": 679675, "rss_mb": 23.74609375, "pss_mb": 13.7255859375, "tag": "ffmpeg"}]
1090.9	3	11479.2	11445.6	11380.3	98.9	0.0	[{"pid": 576023, "rss_mb": 11380.28515625, "pss_mb": 11366.0634765625, "tag": "main"}, {"pid": 679609, "rss_mb": 75.17578125, "pss_mb": 65.822265625, "tag": "ffmpeg"}, {"pid": 679675, "rss_mb": 23.74609375, "pss_mb": 13.7275390625, "tag": "ffmpeg"}]
1096.1	3	11786.5	11752.9	11687.5	98.9	0.0	[{"pid": 576023, "rss_mb": 11687.53515625, "pss_mb": 11673.341796875, "tag": "main"}, {"pid": 679609, "rss_mb": 75.17578125, "pss_mb": 65.8330078125, "tag": "ffmpeg"}, {"pid": 679675, "rss_mb": 23.74609375, "pss_mb": 13.73828125, "tag": "ffmpeg"}]
1101.3	3	11955.0	11921.3	11856.0	99.0	0.0	[{"pid": 576023, "rss_mb": 11855.9921875, "pss_mb": 11841.833984375, "tag": "main"}, {"pid": 679609, "rss_mb": 75.296875, "pss_mb": 65.7080078125, "tag": "ffmpeg"}, {"pid": 679675, "rss_mb": 23.74609375, "pss_mb": 13.75, "tag": "ffmpeg"}]
1106.5	3	11892.1	11858.4	11791.9	100.2	0.0	[{"pid": 576023, "rss_mb": 11791.91015625, "pss_mb": 11777.7626953125, "tag": "main"}, {"pid": 679609, "rss_mb": 76.421875, "pss_mb": 66.8916015625, "tag": "ffmpeg"}, {"pid": 679675, "rss_mb": 23.74609375, "pss_mb": 13.7490234375, "tag": "ffmpeg"}]
1111.7	3	11941.7	11918.5	11843.7	98.0	0.0	[{"pid": 576023, "rss_mb": 11843.6875, "pss_mb": 11840.056640625, "tag": "main"}, {"pid": 679609, "rss_mb": 74.23828125, "pss_mb": 64.6455078125, "tag": "ffmpeg"}, {"pid": 679675, "rss_mb": 23.74609375, "pss_mb": 13.75390625, "tag": "ffmpeg"}]
1117.0	3	11935.2	11901.3	11833.9	101.3	0.0	[{"pid": 576023, "rss_mb": 11833.86328125, "pss_mb": 11819.5927734375, "tag": "main"}, {"pid": 679609, "rss_mb": 77.546875, "pss_mb": 67.9453125, "tag": "ffmpeg"}, {"pid": 679675, "rss_mb": 23.74609375, "pss_mb": 13.74609375, "tag": "ffmpeg"}]
1122.2	3	12045.5	12011.5	11944.1	101.4	0.0	[{"pid": 576023, "rss_mb": 11944.14453125, "pss_mb": 11929.650390625, "tag": "main"}, {"pid": 679609, "rss_mb": 77.61328125, "pss_mb": 68.0791015625, "tag": "ffmpeg"}, {"pid": 679675, "rss_mb": 23.74609375, "pss_mb": 13.7578125, "tag": "ffmpeg"}]
1127.4	3	12046.6	12012.6	11944.1	102.5	0.0	[{"pid": 576023, "rss_mb": 11944.1328125, "pss_mb": 11929.65234375, "tag": "main"}, {"pid": 679609, "rss_mb": 78.734375, "pss_mb": 69.1484375, "tag": "ffmpeg"}, {"pid": 679675, "rss_mb": 23.74609375, "pss_mb": 13.7607421875, "tag": "ffmpeg"}]
1132.6	2	11933.9	11915.0	11910.1	23.7	0.0	[{"pid": 576023, "rss_mb": 11910.1328125, "pss_mb": 11895.68359375, "tag": "main"}, {"pid": 679675, "rss_mb": 23.74609375, "pss_mb": 19.3349609375, "tag": "ffmpeg"}]
1137.8	2	11854.2	11835.2	11830.5	23.7	0.0	[{"pid": 576023, "rss_mb": 11830.48046875, "pss_mb": 11815.830078125, "tag": "main"}, {"pid": 679675, "rss_mb": 23.74609375, "pss_mb": 19.33984375, "tag": "ffmpeg"}]
1143.1	2	11854.0	11835.2	11830.3	23.7	0.0	[{"pid": 576023, "rss_mb": 11830.28125, "pss_mb": 11815.8310546875, "tag": "main"}, {"pid": 679675, "rss_mb": 23.74609375, "pss_mb": 19.3427734375, "tag": "ffmpeg"}]
1148.3	2	11942.0	11923.1	11918.2	23.7	0.0	[{"pid": 576023, "rss_mb": 11918.234375, "pss_mb": 11903.7412109375, "tag": "main"}, {"pid": 679675, "rss_mb": 23.74609375, "pss_mb": 19.349609375, "tag": "ffmpeg"}]
1153.5	2	11968.0	11949.1	11944.2	23.7	0.0	[{"pid": 576023, "rss_mb": 11944.234375, "pss_mb": 11929.7412109375, "tag": "main"}, {"pid": 679675, "rss_mb": 23.74609375, "pss_mb": 19.353515625, "tag": "ffmpeg"}]
1158.7	2	11967.9	11949.1	11944.2	23.7	0.0	[{"pid": 576023, "rss_mb": 11944.1953125, "pss_mb": 11929.7431640625, "tag": "main"}, {"pid": 679675, "rss_mb": 23.74609375, "pss_mb": 19.3583984375, "tag": "ffmpeg"}]
1163.9	2	11968.0	11949.1	11944.3	23.7	0.0	[{"pid": 576023, "rss_mb": 11944.265625, "pss_mb": 11929.740234375, "tag": "main"}, {"pid": 679675, "rss_mb": 23.74609375, "pss_mb": 19.3564453125, "tag": "ffmpeg"}]
1169.2	2	11968.0	11949.0	11944.3	23.7	0.0	[{"pid": 576023, "rss_mb": 11944.265625, "pss_mb": 11929.646484375, "tag": "main"}, {"pid": 679675, "rss_mb": 23.74609375, "pss_mb": 19.3408203125, "tag": "ffmpeg"}]
1174.3	2	11735.3	11716.5	11711.6	23.7	0.0	[{"pid": 576023, "rss_mb": 11711.5625, "pss_mb": 11697.1572265625, "tag": "main"}, {"pid": 679675, "rss_mb": 23.74609375, "pss_mb": 19.3642578125, "tag": "ffmpeg"}]
1179.5	2	10626.3	10607.5	10602.6	23.7	0.0	[{"pid": 576023, "rss_mb": 10602.5859375, "pss_mb": 10588.1025390625, "tag": "main"}, {"pid": 679675, "rss_mb": 23.74609375, "pss_mb": 19.3837890625, "tag": "ffmpeg"}]
1184.7	2	10591.4	10604.6	10567.7	23.7	0.0	[{"pid": 576023, "rss_mb": 10567.6953125, "pss_mb": 10585.212890625, "tag": "main"}, {"pid": 679675, "rss_mb": 23.74609375, "pss_mb": 19.3916015625, "tag": "ffmpeg"}]
1189.9	2	10553.4	10573.0	10529.7	23.7	0.0	[{"pid": 576023, "rss_mb": 10529.6953125, "pss_mb": 10553.5771484375, "tag": "main"}, {"pid": 679675, "rss_mb": 23.74609375, "pss_mb": 19.408203125, "tag": "ffmpeg"}]
1195.1	2	8720.1	8701.3	8696.4	23.7	0.0	[{"pid": 576023, "rss_mb": 8696.3671875, "pss_mb": 8681.876953125, "tag": "main"}, {"pid": 679675, "rss_mb": 23.74609375, "pss_mb": 19.408203125, "tag": "ffmpeg"}]
1200.2	2	8720.1	8701.3	8696.4	23.7	0.0	[{"pid": 576023, "rss_mb": 8696.3671875, "pss_mb": 8681.87890625, "tag": "main"}, {"pid": 679675, "rss_mb": 23.74609375, "pss_mb": 19.408203125, "tag": "ffmpeg"}]
1205.4	2	8898.7	8871.3	8701.9	196.9	0.0	[{"pid": 576023, "rss_mb": 8701.8671875, "pss_mb": 8683.5732421875, "tag": "main"}, {"pid": 696340, "rss_mb": 196.87890625, "pss_mb": 187.7705078125, "tag": "ffmpeg"}]
1210.6	3	9672.3	9632.0	9480.7	191.6	0.0	[{"pid": 576023, "rss_mb": 9480.6953125, "pss_mb": 9462.578125, "tag": "main"}, {"pid": 696517, "rss_mb": 174.33203125, "pss_mb": 161.0068359375, "tag": "ffmpeg"}, {"pid": 696535, "rss_mb": 17.25, "pss_mb": 8.419921875, "tag": "ffmpeg"}]
1215.8	3	9675.4	9634.9	9483.8	191.6	0.0	[{"pid": 576023, "rss_mb": 9483.81640625, "pss_mb": 9465.4677734375, "tag": "main"}, {"pid": 696517, "rss_mb": 174.33203125, "pss_mb": 161.0009765625, "tag": "ffmpeg"}, {"pid": 696535, "rss_mb": 17.25, "pss_mb": 8.41015625, "tag": "ffmpeg"}]
1221.0	3	9953.4	9912.3	9752.3	201.1	0.0	[{"pid": 576023, "rss_mb": 9752.31640625, "pss_mb": 9734.080078125, "tag": "main"}, {"pid": 696517, "rss_mb": 175.58203125, "pss_mb": 161.765625, "tag": "ffmpeg"}, {"pid": 696535, "rss_mb": 25.5, "pss_mb": 16.494140625, "tag": "ffmpeg"}]
1226.2	3	10183.5	10142.6	9980.1	203.5	0.0	[{"pid": 576023, "rss_mb": 9980.06640625, "pss_mb": 9961.9287109375, "tag": "main"}, {"pid": 696517, "rss_mb": 177.95703125, "pss_mb": 164.1611328125, "tag": "ffmpeg"}, {"pid": 696535, "rss_mb": 25.5, "pss_mb": 16.5078125, "tag": "ffmpeg"}]
1231.4	3	10411.6	10370.7	10207.9	203.7	0.0	[{"pid": 576023, "rss_mb": 10207.94140625, "pss_mb": 10189.7529296875, "tag": "main"}, {"pid": 696517, "rss_mb": 177.95703125, "pss_mb": 164.1611328125, "tag": "ffmpeg"}, {"pid": 696535, "rss_mb": 25.75, "pss_mb": 16.76953125, "tag": "ffmpeg"}]
1236.7	3	10638.7	10599.7	10433.8	204.8	0.0	[{"pid": 576023, "rss_mb": 10433.82421875, "pss_mb": 10417.58203125, "tag": "main"}, {"pid": 696517, "rss_mb": 179.08203125, "pss_mb": 165.369140625, "tag": "ffmpeg"}, {"pid": 696535, "rss_mb": 25.75, "pss_mb": 16.767578125, "tag": "ffmpeg"}]
1241.9	3	10865.5	10823.3	10663.4	202.0	0.0	[{"pid": 576023, "rss_mb": 10663.44921875, "pss_mb": 10645.404296875, "tag": "main"}, {"pid": 696517, "rss_mb": 179.20703125, "pss_mb": 164.6708984375, "tag": "ffmpeg"}, {"pid": 696535, "rss_mb": 22.80859375, "pss_mb": 13.1787109375, "tag": "ffmpeg"}]
1247.1	3	10980.7	10938.3	10777.4	203.3	0.0	[{"pid": 576023, "rss_mb": 10777.44921875, "pss_mb": 10759.3154296875, "tag": "main"}, {"pid": 696517, "rss_mb": 180.45703125, "pss_mb": 165.8515625, "tag": "ffmpeg"}, {"pid": 696535, "rss_mb": 22.80859375, "pss_mb": 13.1728515625, "tag": "ffmpeg"}]
1252.3	3	11242.6	11200.2	11039.2	203.4	0.0	[{"pid": 576023, "rss_mb": 11039.19921875, "pss_mb": 11021.0595703125, "tag": "main"}, {"pid": 696517, "rss_mb": 180.45703125, "pss_mb": 165.8857421875, "tag": "ffmpeg"}, {"pid": 696535, "rss_mb": 22.93359375, "pss_mb": 13.2138671875, "tag": "ffmpeg"}]
1257.6	3	11436.5	11394.1	11233.1	203.4	0.0	[{"pid": 576023, "rss_mb": 11233.08203125, "pss_mb": 11214.974609375, "tag": "main"}, {"pid": 696517, "rss_mb": 180.45703125, "pss_mb": 165.9482421875, "tag": "ffmpeg"}, {"pid": 696535, "rss_mb": 22.93359375, "pss_mb": 13.2138671875, "tag": "ffmpeg"}]
1262.9	3	11665.3	11528.0	11460.8	204.5	0.0	[{"pid": 576023, "rss_mb": 11460.83203125, "pss_mb": 11347.716796875, "tag": "main"}, {"pid": 696517, "rss_mb": 181.58203125, "pss_mb": 166.998046875, "tag": "ffmpeg"}, {"pid": 696535, "rss_mb": 22.93359375, "pss_mb": 13.283203125, "tag": "ffmpeg"}]
1268.2	3	11808.9	11766.8	11603.3	205.6	0.0	[{"pid": 576023, "rss_mb": 11603.296875, "pss_mb": 11585.197265625, "tag": "main"}, {"pid": 696517, "rss_mb": 182.70703125, "pss_mb": 168.3466796875, "tag": "ffmpeg"}, {"pid": 696535, "rss_mb": 22.93359375, "pss_mb": 13.3037109375, "tag": "ffmpeg"}]
1273.5	3	12019.7	11977.8	11814.0	205.6	0.0	[{"pid": 576023, "rss_mb": 11814.0234375, "pss_mb": 11796.0419921875, "tag": "main"}, {"pid": 696517, "rss_mb": 182.70703125, "pss_mb": 168.4365234375, "tag": "ffmpeg"}, {"pid": 696535, "rss_mb": 22.93359375, "pss_mb": 13.3037109375, "tag": "ffmpeg"}]
1278.9	3	12378.9	12217.3	12172.9	206.0	0.0	[{"pid": 576023, "rss_mb": 12172.8984375, "pss_mb": 12036.6943359375, "tag": "main"}, {"pid": 696517, "rss_mb": 183.08203125, "pss_mb": 167.3037109375, "tag": "ffmpeg"}, {"pid": 696535, "rss_mb": 22.93359375, "pss_mb": 13.2861328125, "tag": "ffmpeg"}]
1284.1	3	12638.8	12596.4	12432.8	206.0	0.0	[{"pid": 576023, "rss_mb": 12432.7734375, "pss_mb": 12414.630859375, "tag": "main"}, {"pid": 696517, "rss_mb": 183.08203125, "pss_mb": 168.5029296875, "tag": "ffmpeg"}, {"pid": 696535, "rss_mb": 22.93359375, "pss_mb": 13.3115234375, "tag": "ffmpeg"}]
1289.3	3	12645.1	12602.9	12439.1	206.0	0.0	[{"pid": 576023, "rss_mb": 12439.1171875, "pss_mb": 12420.990234375, "tag": "main"}, {"pid": 696517, "rss_mb": 183.08203125, "pss_mb": 168.5029296875, "tag": "ffmpeg"}, {"pid": 696535, "rss_mb": 22.93359375, "pss_mb": 13.3740234375, "tag": "ffmpeg"}]
1294.6	3	12742.0	12699.4	12535.9	206.1	0.0	[{"pid": 576023, "rss_mb": 12535.8671875, "pss_mb": 12517.466796875, "tag": "main"}, {"pid": 696517, "rss_mb": 183.20703125, "pss_mb": 168.5107421875, "tag": "ffmpeg"}, {"pid": 696535, "rss_mb": 22.93359375, "pss_mb": 13.3740234375, "tag": "ffmpeg"}]
1299.8	2	12554.9	12536.4	12531.8	23.1	0.0	[{"pid": 576023, "rss_mb": 12531.8359375, "pss_mb": 12517.3701171875, "tag": "main"}, {"pid": 696535, "rss_mb": 23.05859375, "pss_mb": 19.01953125, "tag": "ffmpeg"}]
1305.0	2	12594.9	12576.4	12571.9	23.1	0.0	[{"pid": 576023, "rss_mb": 12571.8515625, "pss_mb": 12557.3544921875, "tag": "main"}, {"pid": 696535, "rss_mb": 23.05859375, "pss_mb": 19.0166015625, "tag": "ffmpeg"}]
1310.3	2	12594.9	12462.5	12571.9	23.1	0.0	[{"pid": 576023, "rss_mb": 12571.8515625, "pss_mb": 12443.4443359375, "tag": "main"}, {"pid": 696535, "rss_mb": 23.05859375, "pss_mb": 19.015625, "tag": "ffmpeg"}]
1315.5	2	12555.1	12462.5	12532.0	23.1	0.0	[{"pid": 576023, "rss_mb": 12532.0, "pss_mb": 12443.439453125, "tag": "main"}, {"pid": 696535, "rss_mb": 23.05859375, "pss_mb": 19.0205078125, "tag": "ffmpeg"}]
1320.7	2	12514.9	12496.4	12491.9	23.1	0.0	[{"pid": 576023, "rss_mb": 12491.875, "pss_mb": 12477.345703125, "tag": "main"}, {"pid": 696535, "rss_mb": 23.05859375, "pss_mb": 19.0244140625, "tag": "ffmpeg"}]
1326.0	2	12554.9	12536.4	12531.8	23.1	0.0	[{"pid": 576023, "rss_mb": 12531.8359375, "pss_mb": 12517.34765625, "tag": "main"}, {"pid": 696535, "rss_mb": 23.05859375, "pss_mb": 19.02734375, "tag": "ffmpeg"}]
1331.3	2	12592.9	12574.4	12569.8	23.1	0.0	[{"pid": 576023, "rss_mb": 12569.8359375, "pss_mb": 12555.3662109375, "tag": "main"}, {"pid": 696535, "rss_mb": 23.05859375, "pss_mb": 19.04296875, "tag": "ffmpeg"}]
1336.5	2	12588.9	12570.4	12565.8	23.1	0.0	[{"pid": 576023, "rss_mb": 12565.83203125, "pss_mb": 12551.3603515625, "tag": "main"}, {"pid": 696535, "rss_mb": 23.05859375, "pss_mb": 19.0458984375, "tag": "ffmpeg"}]
1341.8	2	12594.9	12576.4	12571.8	23.1	0.0	[{"pid": 576023, "rss_mb": 12571.82421875, "pss_mb": 12557.3623046875, "tag": "main"}, {"pid": 696535, "rss_mb": 23.05859375, "pss_mb": 19.05078125, "tag": "ffmpeg"}]
1347.0	2	12273.1	12254.5	12250.1	23.1	0.0	[{"pid": 576023, "rss_mb": 12250.07421875, "pss_mb": 12235.4755859375, "tag": "main"}, {"pid": 696535, "rss_mb": 23.05859375, "pss_mb": 19.033203125, "tag": "ffmpeg"}]
1352.2	2	12201.5	12182.9	12178.4	23.1	0.0	[{"pid": 576023, "rss_mb": 12178.44921875, "pss_mb": 12163.794921875, "tag": "main"}, {"pid": 696535, "rss_mb": 23.05859375, "pss_mb": 19.1044921875, "tag": "ffmpeg"}]
1357.4	2	12229.4	12210.9	12206.3	23.1	0.0	[{"pid": 576023, "rss_mb": 12206.31640625, "pss_mb": 12191.7958984375, "tag": "main"}, {"pid": 696535, "rss_mb": 23.05859375, "pss_mb": 19.1201171875, "tag": "ffmpeg"}]
1362.6	2	9940.6	9921.9	9917.4	23.2	0.0	[{"pid": 576023, "rss_mb": 9917.3671875, "pss_mb": 9902.8115234375, "tag": "main"}, {"pid": 696535, "rss_mb": 23.18359375, "pss_mb": 19.12890625, "tag": "ffmpeg"}]
1367.8	2	9940.6	9808.1	9917.4	23.2	0.0	[{"pid": 576023, "rss_mb": 9917.3671875, "pss_mb": 9788.9990234375, "tag": "main"}, {"pid": 696535, "rss_mb": 23.18359375, "pss_mb": 19.1142578125, "tag": "ffmpeg"}]
1373.0	3	9264.4	9245.4	9169.6	94.7	0.0	[{"pid": 576023, "rss_mb": 9169.63671875, "pss_mb": 9170.1279296875, "tag": "main"}, {"pid": 711342, "rss_mb": 77.37109375, "pss_mb": 66.7392578125, "tag": "ffmpeg"}, {"pid": 711441, "rss_mb": 17.375, "pss_mb": 8.5654296875, "tag": "ffmpeg"}]
1378.3	3	9773.6	9741.9	9677.3	96.3	0.0	[{"pid": 576023, "rss_mb": 9677.28125, "pss_mb": 9663.015625, "tag": "main"}, {"pid": 711342, "rss_mb": 78.94921875, "pss_mb": 70.3486328125, "tag": "ffmpeg"}, {"pid": 711441, "rss_mb": 17.375, "pss_mb": 8.5654296875, "tag": "ffmpeg"}]
1383.5	3	9848.6	9696.6	9753.4	95.1	0.0	[{"pid": 576023, "rss_mb": 9753.4453125, "pss_mb": 9618.77734375, "tag": "main"}, {"pid": 711342, "rss_mb": 77.765625, "pss_mb": 69.2705078125, "tag": "ffmpeg"}, {"pid": 711441, "rss_mb": 17.375, "pss_mb": 8.5537109375, "tag": "ffmpeg"}]
1388.7	3	10045.1	9891.6	9939.3	105.8	0.0	[{"pid": 576023, "rss_mb": 9939.2578125, "pss_mb": 9804.2880859375, "tag": "main"}, {"pid": 711342, "rss_mb": 79.9453125, "pss_mb": 70.904296875, "tag": "ffmpeg"}, {"pid": 711441, "rss_mb": 25.875, "pss_mb": 16.41015625, "tag": "ffmpeg"}]
1393.9	3	10311.5	10278.6	10209.0	102.5	0.0	[{"pid": 576023, "rss_mb": 10209.0078125, "pss_mb": 10194.671875, "tag": "main"}, {"pid": 711342, "rss_mb": 76.63671875, "pss_mb": 67.5166015625, "tag": "ffmpeg"}, {"pid": 711441, "rss_mb": 25.875, "pss_mb": 16.4208984375, "tag": "ffmpeg"}]
1399.1	3	10428.1	10395.3	10322.9	105.2	0.0	[{"pid": 576023, "rss_mb": 10322.91796875, "pss_mb": 10308.58203125, "tag": "main"}, {"pid": 711342, "rss_mb": 78.97265625, "pss_mb": 69.8720703125, "tag": "ffmpeg"}, {"pid": 711441, "rss_mb": 26.25, "pss_mb": 16.8388671875, "tag": "ffmpeg"}]
1404.3	3	10652.4	10525.2	10550.7	101.7	0.0	[{"pid": 576023, "rss_mb": 10550.66796875, "pss_mb": 10442.0927734375, "tag": "main"}, {"pid": 711342, "rss_mb": 75.48828125, "pss_mb": 66.322265625, "tag": "ffmpeg"}, {"pid": 711441, "rss_mb": 26.25, "pss_mb": 16.828125, "tag": "ffmpeg"}]
1409.5	3	10877.0	10843.2	10778.3	98.7	0.0	[{"pid": 576023, "rss_mb": 10778.3046875, "pss_mb": 10764.23828125, "tag": "main"}, {"pid": 711342, "rss_mb": 75.4296875, "pss_mb": 65.6884765625, "tag": "ffmpeg"}, {"pid": 711441, "rss_mb": 23.30859375, "pss_mb": 13.23828125, "tag": "ffmpeg"}]
1414.7	3	11109.8	11075.7	11006.3	103.5	0.0	[{"pid": 576023, "rss_mb": 11006.3046875, "pss_mb": 10992.060546875, "tag": "main"}, {"pid": 711342, "rss_mb": 80.1796875, "pss_mb": 70.4384765625, "tag": "ffmpeg"}, {"pid": 711441, "rss_mb": 23.30859375, "pss_mb": 13.23828125, "tag": "ffmpeg"}]
1419.9	3	11223.8	11189.7	11120.4	103.4	0.0	[{"pid": 576023, "rss_mb": 11120.359375, "pss_mb": 11105.9755859375, "tag": "main"}, {"pid": 711342, "rss_mb": 80.12109375, "pss_mb": 70.4384765625, "tag": "ffmpeg"}, {"pid": 711441, "rss_mb": 23.30859375, "pss_mb": 13.23828125, "tag": "ffmpeg"}]
1425.1	3	11450.5	11300.1	11348.2	102.2	0.0	[{"pid": 576023, "rss_mb": 11348.234375, "pss_mb": 11217.7060546875, "tag": "main"}, {"pid": 711342, "rss_mb": 78.93359375, "pss_mb": 69.224609375, "tag": "ffmpeg"}, {"pid": 711441, "rss_mb": 23.30859375, "pss_mb": 13.2158203125, "tag": "ffmpeg"}]
1430.3	3	11760.4	11726.4	11657.1	103.3	0.0	[{"pid": 576023, "rss_mb": 11657.109375, "pss_mb": 11642.7216796875, "tag": "main"}, {"pid": 711342, "rss_mb": 79.96875, "pss_mb": 70.4208984375, "tag": "ffmpeg"}, {"pid": 711441, "rss_mb": 23.30859375, "pss_mb": 13.2353515625, "tag": "ffmpeg"}]
1435.6	3	11965.2	11931.3	11860.6	104.5	0.0	[{"pid": 576023, "rss_mb": 11860.63671875, "pss_mb": 11846.4013671875, "tag": "main"}, {"pid": 711342, "rss_mb": 81.21484375, "pss_mb": 71.689453125, "tag": "ffmpeg"}, {"pid": 711441, "rss_mb": 23.30859375, "pss_mb": 13.23046875, "tag": "ffmpeg"}]
1440.8	3	12225.1	12191.2	12120.4	104.7	0.0	[{"pid": 576023, "rss_mb": 12120.38671875, "pss_mb": 12106.2626953125, "tag": "main"}, {"pid": 711342, "rss_mb": 81.421875, "pss_mb": 71.6884765625, "tag": "ffmpeg"}, {"pid": 711441, "rss_mb": 23.30859375, "pss_mb": 13.265625, "tag": "ffmpeg"}]
1446.1	3	12392.7	12244.8	12288.0	104.7	0.0	[{"pid": 576023, "rss_mb": 12287.98046875, "pss_mb": 12159.8642578125, "tag": "main"}, {"pid": 711342, "rss_mb": 81.421875, "pss_mb": 71.685546875, "tag": "ffmpeg"}, {"pid": 711441, "rss_mb": 23.30859375, "pss_mb": 13.259765625, "tag": "ffmpeg"}]
1451.4	3	12648.1	12632.6	12545.8	102.3	0.0	[{"pid": 576023, "rss_mb": 12545.83203125, "pss_mb": 12550.01171875, "tag": "main"}, {"pid": 711342, "rss_mb": 78.98828125, "pss_mb": 69.3330078125, "tag": "ffmpeg"}, {"pid": 711441, "rss_mb": 23.30859375, "pss_mb": 13.2802734375, "tag": "ffmpeg"}]
1456.7	3	12749.0	12715.2	12662.6	86.4	0.0	[{"pid": 576023, "rss_mb": 12662.61328125, "pss_mb": 12648.58203125, "tag": "main"}, {"pid": 711342, "rss_mb": 63.11328125, "pss_mb": 53.333984375, "tag": "ffmpeg"}, {"pid": 711441, "rss_mb": 23.30859375, "pss_mb": 13.2841796875, "tag": "ffmpeg"}]
1461.9	2	12709.7	12691.3	12686.4	23.3	0.0	[{"pid": 576023, "rss_mb": 12686.4140625, "pss_mb": 12672.41796875, "tag": "main"}, {"pid": 711441, "rss_mb": 23.30859375, "pss_mb": 18.87109375, "tag": "ffmpeg"}]
1467.2	2	12709.8	12691.2	12686.5	23.3	0.0	[{"pid": 576023, "rss_mb": 12686.45703125, "pss_mb": 12672.3466796875, "tag": "main"}, {"pid": 711441, "rss_mb": 23.30859375, "pss_mb": 18.8564453125, "tag": "ffmpeg"}]
1472.5	2	12609.9	12591.3	12586.6	23.3	0.0	[{"pid": 576023, "rss_mb": 12586.62109375, "pss_mb": 12572.41796875, "tag": "main"}, {"pid": 711441, "rss_mb": 23.30859375, "pss_mb": 18.8984375, "tag": "ffmpeg"}]
1477.7	2	12694.8	12688.8	12671.5	23.3	0.0	[{"pid": 576023, "rss_mb": 12671.49609375, "pss_mb": 12669.8115234375, "tag": "main"}, {"pid": 711441, "rss_mb": 23.30859375, "pss_mb": 18.9775390625, "tag": "ffmpeg"}]
1483.0	2	12709.9	12691.4	12686.6	23.3	0.0	[{"pid": 576023, "rss_mb": 12686.62890625, "pss_mb": 12672.4111328125, "tag": "main"}, {"pid": 711441, "rss_mb": 23.30859375, "pss_mb": 18.9775390625, "tag": "ffmpeg"}]
1488.2	2	12710.0	12691.4	12686.7	23.3	0.0	[{"pid": 576023, "rss_mb": 12686.7109375, "pss_mb": 12672.4111328125, "tag": "main"}, {"pid": 711441, "rss_mb": 23.30859375, "pss_mb": 18.9814453125, "tag": "ffmpeg"}]
1493.4	2	12710.1	12691.4	12686.8	23.3	0.0	[{"pid": 576023, "rss_mb": 12686.83203125, "pss_mb": 12672.4130859375, "tag": "main"}, {"pid": 711441, "rss_mb": 23.30859375, "pss_mb": 18.9853515625, "tag": "ffmpeg"}]
1498.6	2	12710.1	12691.4	12686.8	23.3	0.0	[{"pid": 576023, "rss_mb": 12686.79296875, "pss_mb": 12672.4140625, "tag": "main"}, {"pid": 711441, "rss_mb": 23.30859375, "pss_mb": 18.99609375, "tag": "ffmpeg"}]
1503.9	2	12710.1	12691.4	12686.8	23.3	0.0	[{"pid": 576023, "rss_mb": 12686.79296875, "pss_mb": 12672.41796875, "tag": "main"}, {"pid": 711441, "rss_mb": 23.30859375, "pss_mb": 19.0, "tag": "ffmpeg"}]
1509.1	2	10443.2	10330.9	10419.9	23.3	0.0	[{"pid": 576023, "rss_mb": 10419.8828125, "pss_mb": 10311.84765625, "tag": "main"}, {"pid": 711441, "rss_mb": 23.30859375, "pss_mb": 19.01953125, "tag": "ffmpeg"}]
1514.2	2	10395.3	10376.4	10372.0	23.3	0.0	[{"pid": 576023, "rss_mb": 10371.98828125, "pss_mb": 10357.33203125, "tag": "main"}, {"pid": 711441, "rss_mb": 23.30859375, "pss_mb": 19.03515625, "tag": "ffmpeg"}]
1519.4	2	10399.3	10414.4	10376.0	23.3	0.0	[{"pid": 576023, "rss_mb": 10375.98828125, "pss_mb": 10395.330078125, "tag": "main"}, {"pid": 711441, "rss_mb": 23.30859375, "pss_mb": 19.0625, "tag": "ffmpeg"}]
1524.6	2	8591.8	8572.8	8568.4	23.4	0.0	[{"pid": 576023, "rss_mb": 8568.390625, "pss_mb": 8553.734375, "tag": "main"}, {"pid": 711441, "rss_mb": 23.43359375, "pss_mb": 19.0703125, "tag": "ffmpeg"}]
1529.8	2	8591.8	8572.8	8568.4	23.4	0.0	[{"pid": 576023, "rss_mb": 8568.390625, "pss_mb": 8553.734375, "tag": "main"}, {"pid": 711441, "rss_mb": 23.43359375, "pss_mb": 19.0703125, "tag": "ffmpeg"}]
1535.0	3	8932.0	8743.2	8839.3	92.8	0.0	[{"pid": 576023, "rss_mb": 8839.2734375, "pss_mb": 8666.9248046875, "tag": "main"}, {"pid": 726372, "rss_mb": 75.6484375, "pss_mb": 67.5654296875, "tag": "ffmpeg"}, {"pid": 726423, "rss_mb": 17.125, "pss_mb": 8.671875, "tag": "ffmpeg"}]
1540.2	3	9295.4	9106.6	9203.8	91.6	0.0	[{"pid": 576023, "rss_mb": 9203.80078125, "pss_mb": 9031.513671875, "tag": "main"}, {"pid": 726372, "rss_mb": 74.4609375, "pss_mb": 66.376953125, "tag": "ffmpeg"}, {"pid": 726423, "rss_mb": 17.125, "pss_mb": 8.6669921875, "tag": "ffmpeg"}]
1545.4	3	9444.7	9255.7	9351.7	93.0	0.0	[{"pid": 576023, "rss_mb": 9351.67578125, "pss_mb": 9179.4326171875, "tag": "main"}, {"pid": 726372, "rss_mb": 75.90234375, "pss_mb": 67.6044921875, "tag": "ffmpeg"}, {"pid": 726423, "rss_mb": 17.125, "pss_mb": 8.66796875, "tag": "ffmpeg"}]
1550.5	3	9564.7	9532.7	9465.5	99.2	0.0	[{"pid": 576023, "rss_mb": 9465.5390625, "pss_mb": 9451.693359375, "tag": "main"}, {"pid": 726372, "rss_mb": 73.53125, "pss_mb": 64.58203125, "tag": "ffmpeg"}, {"pid": 726423, "rss_mb": 25.625, "pss_mb": 16.4677734375, "tag": "ffmpeg"}]
1555.7	3	9792.7	9760.6	9693.4	99.3	0.0	[{"pid": 576023, "rss_mb": 9693.4140625, "pss_mb": 9679.521484375, "tag": "main"}, {"pid": 726372, "rss_mb": 73.65625, "pss_mb": 64.5830078125, "tag": "ffmpeg"}, {"pid": 726423, "rss_mb": 25.625, "pss_mb": 16.4677734375, "tag": "ffmpeg"}]
1560.9	3	10022.1	9990.0	9921.3	100.7	0.0	[{"pid": 576023, "rss_mb": 9921.32421875, "pss_mb": 9907.3515625, "tag": "main"}, {"pid": 726372, "rss_mb": 74.859375, "pss_mb": 65.8564453125, "tag": "ffmpeg"}, {"pid": 726423, "rss_mb": 25.875, "pss_mb": 16.81640625, "tag": "ffmpeg"}]
1566.1	3	10247.1	10213.7	10149.1	98.0	0.0	[{"pid": 576023, "rss_mb": 10149.07421875, "pss_mb": 10135.1923828125, "tag": "main"}, {"pid": 726372, "rss_mb": 74.859375, "pss_mb": 65.2822265625, "tag": "ffmpeg"}, {"pid": 726423, "rss_mb": 23.140625, "pss_mb": 13.271484375, "tag": "ffmpeg"}]
1571.3	3	10363.6	10330.2	10263.1	100.6	0.0	[{"pid": 576023, "rss_mb": 10263.078125, "pss_mb": 10249.1064453125, "tag": "main"}, {"pid": 726372, "rss_mb": 77.41015625, "pss_mb": 67.7900390625, "tag": "ffmpeg"}, {"pid": 726423, "rss_mb": 23.140625, "pss_mb": 13.271484375, "tag": "ffmpeg"}]
1576.5	3	10592.4	10557.9	10490.8	101.6	0.0	[{"pid": 576023, "rss_mb": 10490.828125, "pss_mb": 10476.923828125, "tag": "main"}, {"pid": 726372, "rss_mb": 78.41015625, "pss_mb": 67.669921875, "tag": "ffmpeg"}, {"pid": 726423, "rss_mb": 23.140625, "pss_mb": 13.2685546875, "tag": "ffmpeg"}]
1581.8	3	10741.9	10708.5	10643.8	98.1	0.0	[{"pid": 576023, "rss_mb": 10643.7890625, "pss_mb": 10629.826171875, "tag": "main"}, {"pid": 726372, "rss_mb": 74.9609375, "pss_mb": 65.419921875, "tag": "ffmpeg"}, {"pid": 726423, "rss_mb": 23.140625, "pss_mb": 13.2685546875, "tag": "ffmpeg"}]
1587.0	3	11048.0	11014.8	10946.5	101.5	0.0	[{"pid": 576023, "rss_mb": 10946.5390625, "pss_mb": 10932.5771484375, "tag": "main"}, {"pid": 726372, "rss_mb": 78.31640625, "pss_mb": 68.904296875, "tag": "ffmpeg"}, {"pid": 726423, "rss_mb": 23.140625, "pss_mb": 13.3310546875, "tag": "ffmpeg"}]
1592.2	3	11162.0	11128.7	11060.5	101.5	0.0	[{"pid": 576023, "rss_mb": 11060.52734375, "pss_mb": 11046.4951171875, "tag": "main"}, {"pid": 726372, "rss_mb": 78.375, "pss_mb": 68.908203125, "tag": "ffmpeg"}, {"pid": 726423, "rss_mb": 23.140625, "pss_mb": 13.3310546875, "tag": "ffmpeg"}]
1597.5	3	11452.7	11423.0	11352.3	100.4	0.0	[{"pid": 576023, "rss_mb": 11352.27734375, "pss_mb": 11341.9560546875, "tag": "main"}, {"pid": 726372, "rss_mb": 77.296875, "pss_mb": 67.740234375, "tag": "ffmpeg"}, {"pid": 726423, "rss_mb": 23.140625, "pss_mb": 13.3349609375, "tag": "ffmpeg"}]
1602.7	3	11732.8	11699.6	11630.0	102.8	0.0	[{"pid": 576023, "rss_mb": 11630.01953125, "pss_mb": 11616.0615234375, "tag": "main"}, {"pid": 726372, "rss_mb": 79.546875, "pss_mb": 70.154296875, "tag": "ffmpeg"}, {"pid": 726423, "rss_mb": 23.265625, "pss_mb": 13.3359375, "tag": "ffmpeg"}]
1607.9	3	12017.6	11984.3	11914.8	102.8	0.0	[{"pid": 576023, "rss_mb": 11914.76953125, "pss_mb": 11900.8466796875, "tag": "main"}, {"pid": 726372, "rss_mb": 79.546875, "pss_mb": 70.154296875, "tag": "ffmpeg"}, {"pid": 726423, "rss_mb": 23.265625, "pss_mb": 13.3349609375, "tag": "ffmpeg"}]
1613.2	3	12160.8	12127.3	12056.7	104.1	0.0	[{"pid": 576023, "rss_mb": 12056.73828125, "pss_mb": 12042.654296875, "tag": "main"}, {"pid": 726372, "rss_mb": 80.796875, "pss_mb": 71.33203125, "tag": "ffmpeg"}, {"pid": 726423, "rss_mb": 23.265625, "pss_mb": 13.3251953125, "tag": "ffmpeg"}]
1618.5	3	12241.2	12207.5	12138.1	103.1	0.0	[{"pid": 576023, "rss_mb": 12138.08203125, "pss_mb": 12123.923828125, "tag": "main"}, {"pid": 726372, "rss_mb": 79.8359375, "pss_mb": 70.154296875, "tag": "ffmpeg"}, {"pid": 726423, "rss_mb": 23.265625, "pss_mb": 13.4130859375, "tag": "ffmpeg"}]
1623.8	3	12243.9	12210.3	12145.3	98.6	0.0	[{"pid": 576023, "rss_mb": 12145.26953125, "pss_mb": 12131.1474609375, "tag": "main"}, {"pid": 726372, "rss_mb": 75.32421875, "pss_mb": 65.701171875, "tag": "ffmpeg"}, {"pid": 726423, "rss_mb": 23.265625, "pss_mb": 13.4130859375, "tag": "ffmpeg"}]
1629.0	3	12268.5	12234.9	12171.3	97.2	0.0	[{"pid": 576023, "rss_mb": 12171.32421875, "pss_mb": 12157.1396484375, "tag": "main"}, {"pid": 726372, "rss_mb": 73.953125, "pss_mb": 64.3876953125, "tag": "ffmpeg"}, {"pid": 726423, "rss_mb": 23.265625, "pss_mb": 13.412109375, "tag": "ffmpeg"}]
1634.3	3	12270.9	12237.2	12171.4	99.5	0.0	[{"pid": 576023, "rss_mb": 12171.37890625, "pss_mb": 12157.1513671875, "tag": "main"}, {"pid": 726372, "rss_mb": 76.265625, "pss_mb": 66.673828125, "tag": "ffmpeg"}, {"pid": 726423, "rss_mb": 23.265625, "pss_mb": 13.421875, "tag": "ffmpeg"}]
1639.6	3	12143.3	12109.5	12057.5	85.8	0.0	[{"pid": 576023, "rss_mb": 12057.5, "pss_mb": 12043.2236328125, "tag": "main"}, {"pid": 726372, "rss_mb": 62.5625, "pss_mb": 52.837890625, "tag": "ffmpeg"}, {"pid": 726423, "rss_mb": 23.265625, "pss_mb": 13.41796875, "tag": "ffmpeg"}]
1644.9	2	12194.7	12176.4	12171.4	23.3	0.0	[{"pid": 576023, "rss_mb": 12171.40625, "pss_mb": 12157.2431640625, "tag": "main"}, {"pid": 726423, "rss_mb": 23.265625, "pss_mb": 19.12109375, "tag": "ffmpeg"}]
1650.1	2	12080.9	12062.4	12057.6	23.3	0.0	[{"pid": 576023, "rss_mb": 12057.59765625, "pss_mb": 12043.3193359375, "tag": "main"}, {"pid": 726423, "rss_mb": 23.265625, "pss_mb": 19.1201171875, "tag": "ffmpeg"}]
1655.4	2	12092.7	12074.4	12069.5	23.3	0.0	[{"pid": 576023, "rss_mb": 12069.4765625, "pss_mb": 12055.2275390625, "tag": "main"}, {"pid": 726423, "rss_mb": 23.265625, "pss_mb": 19.1240234375, "tag": "ffmpeg"}]
1660.6	2	12132.7	12114.3	12109.5	23.3	0.0	[{"pid": 576023, "rss_mb": 12109.4765625, "pss_mb": 12095.224609375, "tag": "main"}, {"pid": 726423, "rss_mb": 23.265625, "pss_mb": 19.123046875, "tag": "ffmpeg"}]
1665.8	2	12194.7	12176.4	12171.5	23.3	0.0	[{"pid": 576023, "rss_mb": 12171.46875, "pss_mb": 12157.2294921875, "tag": "main"}, {"pid": 726423, "rss_mb": 23.265625, "pss_mb": 19.1279296875, "tag": "ffmpeg"}]
1671.0	2	12168.7	12150.4	12145.5	23.3	0.0	[{"pid": 576023, "rss_mb": 12145.46875, "pss_mb": 12131.234375, "tag": "main"}, {"pid": 726423, "rss_mb": 23.265625, "pss_mb": 19.1328125, "tag": "ffmpeg"}]
1676.2	2	12194.7	12176.4	12171.4	23.3	0.0	[{"pid": 576023, "rss_mb": 12171.43359375, "pss_mb": 12157.2490234375, "tag": "main"}, {"pid": 726423, "rss_mb": 23.265625, "pss_mb": 19.1474609375, "tag": "ffmpeg"}]
1681.5	2	11899.2	11880.9	11876.0	23.3	0.0	[{"pid": 576023, "rss_mb": 11875.96484375, "pss_mb": 11861.7724609375, "tag": "main"}, {"pid": 726423, "rss_mb": 23.265625, "pss_mb": 19.1552734375, "tag": "ffmpeg"}]
1686.7	2	11823.4	11766.9	11800.1	23.3	0.0	[{"pid": 576023, "rss_mb": 11800.13671875, "pss_mb": 11747.7646484375, "tag": "main"}, {"pid": 726423, "rss_mb": 23.265625, "pss_mb": 19.1591796875, "tag": "ffmpeg"}]
1692.0	2	11889.2	11870.9	11865.9	23.3	0.0	[{"pid": 576023, "rss_mb": 11865.90234375, "pss_mb": 11851.6630859375, "tag": "main"}, {"pid": 726423, "rss_mb": 23.265625, "pss_mb": 19.2158203125, "tag": "ffmpeg"}]
1697.2	2	11742.3	11724.0	11719.0	23.3	0.0	[{"pid": 576023, "rss_mb": 11718.99609375, "pss_mb": 11704.7275390625, "tag": "main"}, {"pid": 726423, "rss_mb": 23.265625, "pss_mb": 19.2568359375, "tag": "ffmpeg"}]
1702.4	2	9562.8	9544.6	9539.5	23.3	0.0	[{"pid": 576023, "rss_mb": 9539.51171875, "pss_mb": 9525.2490234375, "tag": "main"}, {"pid": 726423, "rss_mb": 23.265625, "pss_mb": 19.3623046875, "tag": "ffmpeg"}]
1707.5	2	9562.8	9544.6	9539.5	23.3	0.0	[{"pid": 576023, "rss_mb": 9539.51171875, "pss_mb": 9525.2490234375, "tag": "main"}, {"pid": 726423, "rss_mb": 23.265625, "pss_mb": 19.3623046875, "tag": "ffmpeg"}]
1712.7	2	9738.9	9712.1	9544.8	194.1	0.0	[{"pid": 576023, "rss_mb": 9544.76171875, "pss_mb": 9526.8408203125, "tag": "main"}, {"pid": 741971, "rss_mb": 194.12109375, "pss_mb": 185.2216796875, "tag": "ffmpeg"}]
1717.9	3	10448.6	10408.9	10258.2	190.4	0.0	[{"pid": 576023, "rss_mb": 10258.23828125, "pss_mb": 10240.56640625, "tag": "main"}, {"pid": 742152, "rss_mb": 173.35546875, "pss_mb": 160.0439453125, "tag": "ffmpeg"}, {"pid": 742331, "rss_mb": 17.0, "pss_mb": 8.2705078125, "tag": "ffmpeg"}]
1723.2	3	10551.6	10511.7	10360.0	191.6	0.0	[{"pid": 576023, "rss_mb": 10360.01171875, "pss_mb": 10342.24609375, "tag": "main"}, {"pid": 742152, "rss_mb": 174.60546875, "pss_mb": 161.2314453125, "tag": "ffmpeg"}, {"pid": 742331, "rss_mb": 17.0, "pss_mb": 8.2705078125, "tag": "ffmpeg"}]
1728.4	3	10816.7	10776.0	10615.6	201.1	0.0	[{"pid": 576023, "rss_mb": 10615.63671875, "pss_mb": 10597.9833984375, "tag": "main"}, {"pid": 742152, "rss_mb": 174.60546875, "pss_mb": 160.775390625, "tag": "ffmpeg"}, {"pid": 742331, "rss_mb": 26.5, "pss_mb": 17.2041015625, "tag": "ffmpeg"}]
1733.6	3	10952.3	10911.4	10751.2	201.1	0.0	[{"pid": 576023, "rss_mb": 10751.23046875, "pss_mb": 10733.453125, "tag": "main"}, {"pid": 742152, "rss_mb": 174.60546875, "pss_mb": 160.7744140625, "tag": "ffmpeg"}, {"pid": 742331, "rss_mb": 26.5, "pss_mb": 17.2041015625, "tag": "ffmpeg"}]
1738.8	3	11246.7	11206.0	11043.4	203.4	0.0	[{"pid": 576023, "rss_mb": 11043.35546875, "pss_mb": 11025.7265625, "tag": "main"}, {"pid": 742152, "rss_mb": 175.85546875, "pss_mb": 161.9619140625, "tag": "ffmpeg"}, {"pid": 742331, "rss_mb": 27.5, "pss_mb": 18.3095703125, "tag": "ffmpeg"}]
1744.0	3	11360.6	11319.9	11157.3	203.4	0.0	[{"pid": 576023, "rss_mb": 11157.26171875, "pss_mb": 11139.640625, "tag": "main"}, {"pid": 742152, "rss_mb": 175.85546875, "pss_mb": 161.9619140625, "tag": "ffmpeg"}, {"pid": 742331, "rss_mb": 27.5, "pss_mb": 18.3095703125, "tag": "ffmpeg"}]
1749.3	3	11626.5	11583.9	11424.1	202.4	0.0	[{"pid": 576023, "rss_mb": 11424.13671875, "pss_mb": 11406.4365234375, "tag": "main"}, {"pid": 742152, "rss_mb": 177.10546875, "pss_mb": 162.3193359375, "tag": "ffmpeg"}, {"pid": 742331, "rss_mb": 25.27734375, "pss_mb": 15.1875, "tag": "ffmpeg"}]
1754.5	3	11816.4	11774.0	11612.9	203.5	0.0	[{"pid": 576023, "rss_mb": 11612.9296875, "pss_mb": 11595.2890625, "tag": "main"}, {"pid": 742152, "rss_mb": 178.23046875, "pss_mb": 163.5107421875, "tag": "ffmpeg"}, {"pid": 742331, "rss_mb": 25.27734375, "pss_mb": 15.1904296875, "tag": "ffmpeg"}]
1759.7	3	12041.6	11999.4	11838.0	203.6	0.0	[{"pid": 576023, "rss_mb": 11837.9765625, "pss_mb": 11820.7041015625, "tag": "main"}, {"pid": 742152, "rss_mb": 178.35546875, "pss_mb": 163.5224609375, "tag": "ffmpeg"}, {"pid": 742331, "rss_mb": 25.27734375, "pss_mb": 15.1904296875, "tag": "ffmpeg"}]
1764.9	3	12155.6	12113.3	11951.9	203.6	0.0	[{"pid": 576023, "rss_mb": 11951.9296875, "pss_mb": 11934.619140625, "tag": "main"}, {"pid": 742152, "rss_mb": 178.35546875, "pss_mb": 163.5224609375, "tag": "ffmpeg"}, {"pid": 742331, "rss_mb": 25.27734375, "pss_mb": 15.1904296875, "tag": "ffmpeg"}]
1770.1	3	12401.2	12359.0	12197.6	203.6	0.0	[{"pid": 576023, "rss_mb": 12197.5546875, "pss_mb": 12180.33984375, "tag": "main"}, {"pid": 742152, "rss_mb": 178.35546875, "pss_mb": 163.5166015625, "tag": "ffmpeg"}, {"pid": 742331, "rss_mb": 25.27734375, "pss_mb": 15.181640625, "tag": "ffmpeg"}]
1775.3	3	12639.7	12597.4	12436.1	203.6	0.0	[{"pid": 576023, "rss_mb": 12436.07421875, "pss_mb": 12418.736328125, "tag": "main"}, {"pid": 742152, "rss_mb": 178.35546875, "pss_mb": 163.5166015625, "tag": "ffmpeg"}, {"pid": 742331, "rss_mb": 25.27734375, "pss_mb": 15.181640625, "tag": "ffmpeg"}]
1780.6	3	12924.3	12882.2	12720.7	203.6	0.0	[{"pid": 576023, "rss_mb": 12720.69921875, "pss_mb": 12703.5224609375, "tag": "main"}, {"pid": 742152, "rss_mb": 178.35546875, "pss_mb": 163.517578125, "tag": "ffmpeg"}, {"pid": 742331, "rss_mb": 25.27734375, "pss_mb": 15.185546875, "tag": "ffmpeg"}]
1785.8	3	13068.1	13025.8	12863.2	204.9	0.0	[{"pid": 576023, "rss_mb": 12863.171875, "pss_mb": 12845.923828125, "tag": "main"}, {"pid": 742152, "rss_mb": 179.60546875, "pss_mb": 164.7041015625, "tag": "ffmpeg"}, {"pid": 742331, "rss_mb": 25.27734375, "pss_mb": 15.185546875, "tag": "ffmpeg"}]
1791.1	3	13402.9	13360.9	13196.8	206.1	0.0	[{"pid": 576023, "rss_mb": 13196.796875, "pss_mb": 13179.7021484375, "tag": "main"}, {"pid": 742152, "rss_mb": 180.85546875, "pss_mb": 165.96875, "tag": "ffmpeg"}, {"pid": 742331, "rss_mb": 25.27734375, "pss_mb": 15.18359375, "tag": "ffmpeg"}]
1796.4	3	13503.3	13460.7	13297.2	206.1	0.0	[{"pid": 576023, "rss_mb": 13297.21484375, "pss_mb": 13279.537109375, "tag": "main"}, {"pid": 742152, "rss_mb": 180.85546875, "pss_mb": 165.98828125, "tag": "ffmpeg"}, {"pid": 742331, "rss_mb": 25.27734375, "pss_mb": 15.1982421875, "tag": "ffmpeg"}]
1801.6	3	13505.9	13463.1	13299.7	206.1	0.0	[{"pid": 576023, "rss_mb": 13299.73046875, "pss_mb": 13281.92578125, "tag": "main"}, {"pid": 742152, "rss_mb": 180.85546875, "pss_mb": 165.9951171875, "tag": "ffmpeg"}, {"pid": 742331, "rss_mb": 25.27734375, "pss_mb": 15.1982421875, "tag": "ffmpeg"}]
1806.9	3	13499.2	13456.2	13293.1	206.1	0.0	[{"pid": 576023, "rss_mb": 13293.09765625, "pss_mb": 13275.0068359375, "tag": "main"}, {"pid": 742152, "rss_mb": 180.85546875, "pss_mb": 166.0068359375, "tag": "ffmpeg"}, {"pid": 742331, "rss_mb": 25.27734375, "pss_mb": 15.201171875, "tag": "ffmpeg"}]
1812.2	3	13387.0	13343.9	13180.8	206.1	0.0	[{"pid": 576023, "rss_mb": 13180.84765625, "pss_mb": 13162.720703125, "tag": "main"}, {"pid": 742152, "rss_mb": 180.85546875, "pss_mb": 166.021484375, "tag": "ffmpeg"}, {"pid": 742331, "rss_mb": 25.27734375, "pss_mb": 15.205078125, "tag": "ffmpeg"}]
1817.6	3	13356.4	13312.8	13150.3	206.1	0.0	[{"pid": 576023, "rss_mb": 13150.265625, "pss_mb": 13131.5302734375, "tag": "main"}, {"pid": 742152, "rss_mb": 180.85546875, "pss_mb": 166.021484375, "tag": "ffmpeg"}, {"pid": 742331, "rss_mb": 25.27734375, "pss_mb": 15.208984375, "tag": "ffmpeg"}]
1822.8	3	13450.1	13407.1	13243.9	206.1	0.0	[{"pid": 576023, "rss_mb": 13243.92578125, "pss_mb": 13225.7646484375, "tag": "main"}, {"pid": 742152, "rss_mb": 180.85546875, "pss_mb": 166.021484375, "tag": "ffmpeg"}, {"pid": 742331, "rss_mb": 25.27734375, "pss_mb": 15.287109375, "tag": "ffmpeg"}]
1828.1	2	13164.6	13146.0	13139.3	25.3	0.0	[{"pid": 576023, "rss_mb": 13139.30078125, "pss_mb": 13125.0400390625, "tag": "main"}, {"pid": 742331, "rss_mb": 25.27734375, "pss_mb": 21.0087890625, "tag": "ffmpeg"}]
1833.4	2	13235.3	13216.9	13210.1	25.3	0.0	[{"pid": 576023, "rss_mb": 13210.0625, "pss_mb": 13195.8642578125, "tag": "main"}, {"pid": 742331, "rss_mb": 25.27734375, "pss_mb": 21.0126953125, "tag": "ffmpeg"}]
1838.7	2	13241.2	13222.9	13215.9	25.3	0.0	[{"pid": 576023, "rss_mb": 13215.8828125, "pss_mb": 13201.9306640625, "tag": "main"}, {"pid": 742331, "rss_mb": 25.27734375, "pss_mb": 21.0166015625, "tag": "ffmpeg"}]
1844.0	2	13125.3	13107.0	13100.0	25.3	0.0	[{"pid": 576023, "rss_mb": 13099.99609375, "pss_mb": 13085.9580078125, "tag": "main"}, {"pid": 742331, "rss_mb": 25.27734375, "pss_mb": 21.0205078125, "tag": "ffmpeg"}]
1849.2	2	13104.6	13086.3	13079.3	25.3	0.0	[{"pid": 576023, "rss_mb": 13079.3359375, "pss_mb": 13065.2373046875, "tag": "main"}, {"pid": 742331, "rss_mb": 25.27734375, "pss_mb": 21.015625, "tag": "ffmpeg"}]
1854.6	2	13088.3	13067.5	13063.1	25.3	0.0	[{"pid": 576023, "rss_mb": 13063.05078125, "pss_mb": 13046.4892578125, "tag": "main"}, {"pid": 742331, "rss_mb": 25.27734375, "pss_mb": 21.0283203125, "tag": "ffmpeg"}]
1859.8	2	13109.0	13090.5	13083.8	25.3	0.0	[{"pid": 576023, "rss_mb": 13083.76953125, "pss_mb": 13069.4580078125, "tag": "main"}, {"pid": 742331, "rss_mb": 25.27734375, "pss_mb": 21.0283203125, "tag": "ffmpeg"}]
1865.0	2	12883.9	12865.4	12858.7	25.3	0.0	[{"pid": 576023, "rss_mb": 12858.65625, "pss_mb": 12844.37890625, "tag": "main"}, {"pid": 742331, "rss_mb": 25.27734375, "pss_mb": 21.0224609375, "tag": "ffmpeg"}]
1870.4	2	12853.9	12835.4	12828.7	25.3	0.0	[{"pid": 576023, "rss_mb": 12828.65625, "pss_mb": 12814.3984375, "tag": "main"}, {"pid": 742331, "rss_mb": 25.27734375, "pss_mb": 21.0341796875, "tag": "ffmpeg"}]
1875.6	2	12822.5	12817.5	12797.2	25.3	0.0	[{"pid": 576023, "rss_mb": 12797.19140625, "pss_mb": 12796.4775390625, "tag": "main"}, {"pid": 742331, "rss_mb": 25.27734375, "pss_mb": 21.0458984375, "tag": "ffmpeg"}]
1880.8	2	12780.1	12761.6	12754.8	25.3	0.0	[{"pid": 576023, "rss_mb": 12754.81640625, "pss_mb": 12740.5703125, "tag": "main"}, {"pid": 742331, "rss_mb": 25.27734375, "pss_mb": 21.0615234375, "tag": "ffmpeg"}]
1886.0	2	12832.1	12813.6	12806.8	25.3	0.0	[{"pid": 576023, "rss_mb": 12806.81640625, "pss_mb": 12792.5703125, "tag": "main"}, {"pid": 742331, "rss_mb": 25.27734375, "pss_mb": 21.076171875, "tag": "ffmpeg"}]
1891.2	2	11225.5	11207.1	11200.2	25.3	0.0	[{"pid": 576023, "rss_mb": 11200.1875, "pss_mb": 11186.037109375, "tag": "main"}, {"pid": 742331, "rss_mb": 25.27734375, "pss_mb": 21.076171875, "tag": "ffmpeg"}]
1896.4	2	11225.5	11207.2	11200.2	25.3	0.0	[{"pid": 576023, "rss_mb": 11200.1875, "pss_mb": 11186.0947265625, "tag": "main"}, {"pid": 742331, "rss_mb": 25.27734375, "pss_mb": 21.0908203125, "tag": "ffmpeg"}]
1901.6	2	10098.1	10071.0	9899.5	198.6	0.0	[{"pid": 576023, "rss_mb": 9899.5, "pss_mb": 9881.580078125, "tag": "main"}, {"pid": 758042, "rss_mb": 198.57421875, "pss_mb": 189.4287109375, "tag": "ffmpeg"}]
1906.9	3	10677.9	10656.7	10585.7	92.3	0.0	[{"pid": 576023, "rss_mb": 10585.66015625, "pss_mb": 10581.5439453125, "tag": "main"}, {"pid": 758420, "rss_mb": 74.890625, "pss_mb": 66.689453125, "tag": "ffmpeg"}, {"pid": 758474, "rss_mb": 17.375, "pss_mb": 8.451171875, "tag": "ffmpeg"}]
1912.1	3	10924.8	10894.1	10831.3	93.4	0.0	[{"pid": 576023, "rss_mb": 10831.33984375, "pss_mb": 10817.6767578125, "tag": "main"}, {"pid": 758420, "rss_mb": 76.046875, "pss_mb": 67.955078125, "tag": "ffmpeg"}, {"pid": 758474, "rss_mb": 17.375, "pss_mb": 8.451171875, "tag": "ffmpeg"}]
1917.3	3	11160.3	11128.1	11059.2	101.0	0.0	[{"pid": 576023, "rss_mb": 11059.21484375, "pss_mb": 11045.5, "tag": "main"}, {"pid": 758420, "rss_mb": 75.04296875, "pss_mb": 66.0576171875, "tag": "ffmpeg"}, {"pid": 758474, "rss_mb": 26.0, "pss_mb": 16.58203125, "tag": "ffmpeg"}]
1922.6	3	11281.3	11249.2	11173.2	108.1	0.0	[{"pid": 576023, "rss_mb": 11173.18359375, "pss_mb": 11159.4189453125, "tag": "main"}, {"pid": 758420, "rss_mb": 82.10546875, "pss_mb": 73.1796875, "tag": "ffmpeg"}, {"pid": 758474, "rss_mb": 26.0, "pss_mb": 16.58203125, "tag": "ffmpeg"}]
1927.8	3	11511.5	11479.8	11400.8	110.7	0.0	[{"pid": 576023, "rss_mb": 11400.80859375, "pss_mb": 11387.2431640625, "tag": "main"}, {"pid": 758420, "rss_mb": 84.359375, "pss_mb": 75.5537109375, "tag": "ffmpeg"}, {"pid": 758474, "rss_mb": 26.375, "pss_mb": 16.99609375, "tag": "ffmpeg"}]
1933.0	3	11722.0	11691.5	11616.3	105.7	0.0	[{"pid": 576023, "rss_mb": 11616.30859375, "pss_mb": 11605.5810546875, "tag": "main"}, {"pid": 758420, "rss_mb": 82.1171875, "pss_mb": 72.4775390625, "tag": "ffmpeg"}, {"pid": 758474, "rss_mb": 23.59765625, "pss_mb": 13.4453125, "tag": "ffmpeg"}]
1938.3	3	11849.6	11816.2	11742.6	107.0	0.0	[{"pid": 576023, "rss_mb": 11742.59765625, "pss_mb": 11728.984375, "tag": "main"}, {"pid": 758420, "rss_mb": 83.35546875, "pss_mb": 73.783203125, "tag": "ffmpeg"}, {"pid": 758474, "rss_mb": 23.59765625, "pss_mb": 13.4453125, "tag": "ffmpeg"}]
1943.6	3	12165.5	12132.2	12056.3	109.1	0.0	[{"pid": 576023, "rss_mb": 12056.34765625, "pss_mb": 12042.70703125, "tag": "main"}, {"pid": 758420, "rss_mb": 85.546875, "pss_mb": 76.0205078125, "tag": "ffmpeg"}, {"pid": 758474, "rss_mb": 23.59765625, "pss_mb": 13.4375, "tag": "ffmpeg"}]
1948.8	3	12305.3	12271.8	12198.3	107.0	0.0	[{"pid": 576023, "rss_mb": 12198.30859375, "pss_mb": 12184.6220703125, "tag": "main"}, {"pid": 758420, "rss_mb": 83.39453125, "pss_mb": 73.76953125, "tag": "ffmpeg"}, {"pid": 758474, "rss_mb": 23.59765625, "pss_mb": 13.435546875, "tag": "ffmpeg"}]
1954.1	3	12534.4	12500.9	12426.2	108.2	0.0	[{"pid": 576023, "rss_mb": 12426.18359375, "pss_mb": 12412.4345703125, "tag": "main"}, {"pid": 758420, "rss_mb": 84.61328125, "pss_mb": 74.966796875, "tag": "ffmpeg"}, {"pid": 758474, "rss_mb": 23.59765625, "pss_mb": 13.4541015625, "tag": "ffmpeg"}]
1959.5	3	12648.1	12612.5	12540.1	108.0	0.0	[{"pid": 576023, "rss_mb": 12540.0703125, "pss_mb": 12526.365234375, "tag": "main"}, {"pid": 758420, "rss_mb": 84.40234375, "pss_mb": 72.65625, "tag": "ffmpeg"}, {"pid": 758474, "rss_mb": 23.59765625, "pss_mb": 13.4599609375, "tag": "ffmpeg"}]
1964.8	3	13003.8	12970.4	12893.2	110.6	0.0	[{"pid": 576023, "rss_mb": 12893.1953125, "pss_mb": 12879.5966796875, "tag": "main"}, {"pid": 758420, "rss_mb": 86.97265625, "pss_mb": 77.3349609375, "tag": "ffmpeg"}, {"pid": 758474, "rss_mb": 23.59765625, "pss_mb": 13.4609375, "tag": "ffmpeg"}]
1970.0	3	13184.8	13151.2	13081.2	103.6	0.0	[{"pid": 576023, "rss_mb": 13081.24609375, "pss_mb": 13067.4453125, "tag": "main"}, {"pid": 758420, "rss_mb": 79.97265625, "pss_mb": 70.333984375, "tag": "ffmpeg"}, {"pid": 758474, "rss_mb": 23.59765625, "pss_mb": 13.451171875, "tag": "ffmpeg"}]
1975.3	3	13474.1	13441.7	13366.0	108.1	0.0	[{"pid": 576023, "rss_mb": 13365.99609375, "pss_mb": 13352.12109375, "tag": "main"}, {"pid": 758420, "rss_mb": 84.47265625, "pss_mb": 76.1396484375, "tag": "ffmpeg"}, {"pid": 758474, "rss_mb": 23.59765625, "pss_mb": 13.44921875, "tag": "ffmpeg"}]
1980.6	3	13689.5	13656.3	13579.2	110.3	0.0	[{"pid": 576023, "rss_mb": 13579.21484375, "pss_mb": 13565.4873046875, "tag": "main"}, {"pid": 758420, "rss_mb": 86.72265625, "pss_mb": 77.33203125, "tag": "ffmpeg"}, {"pid": 758474, "rss_mb": 23.59765625, "pss_mb": 13.4560546875, "tag": "ffmpeg"}]
1985.8	3	13877.3	13844.2	13764.7	112.6	0.0	[{"pid": 576023, "rss_mb": 13764.734375, "pss_mb": 13750.921875, "tag": "main"}, {"pid": 758420, "rss_mb": 88.97265625, "pss_mb": 79.7001953125, "tag": "ffmpeg"}, {"pid": 758474, "rss_mb": 23.59765625, "pss_mb": 13.5419921875, "tag": "ffmpeg"}]
1991.1	3	13793.1	13759.6	13684.7	108.3	0.0	[{"pid": 576023, "rss_mb": 13684.71875, "pss_mb": 13670.94140625, "tag": "main"}, {"pid": 758420, "rss_mb": 84.734375, "pss_mb": 75.0986328125, "tag": "ffmpeg"}, {"pid": 758474, "rss_mb": 23.59765625, "pss_mb": 13.55078125, "tag": "ffmpeg"}]
1996.3	3	13862.1	13828.3	13764.8	97.2	0.0	[{"pid": 576023, "rss_mb": 13764.84765625, "pss_mb": 13750.94140625, "tag": "main"}, {"pid": 758420, "rss_mb": 73.61328125, "pss_mb": 63.81640625, "tag": "ffmpeg"}, {"pid": 758474, "rss_mb": 23.59765625, "pss_mb": 13.5546875, "tag": "ffmpeg"}]
2001.5	2	13788.4	13770.4	13764.8	23.6	0.0	[{"pid": 576023, "rss_mb": 13764.80859375, "pss_mb": 13751.0322265625, "tag": "main"}, {"pid": 758474, "rss_mb": 23.59765625, "pss_mb": 19.375, "tag": "ffmpeg"}]
2006.8	2	13782.4	13764.4	13758.8	23.6	0.0	[{"pid": 576023, "rss_mb": 13758.80859375, "pss_mb": 13745.03515625, "tag": "main"}, {"pid": 758474, "rss_mb": 23.59765625, "pss_mb": 19.37890625, "tag": "ffmpeg"}]
2012.2	2	13746.5	13748.2	13722.9	23.6	0.0	[{"pid": 576023, "rss_mb": 13722.86328125, "pss_mb": 13728.755859375, "tag": "main"}, {"pid": 758474, "rss_mb": 23.59765625, "pss_mb": 19.453125, "tag": "ffmpeg"}]
2017.4	2	13674.5	13656.6	13650.9	23.6	0.0	[{"pid": 576023, "rss_mb": 13650.8671875, "pss_mb": 13637.123046875, "tag": "main"}, {"pid": 758474, "rss_mb": 23.59765625, "pss_mb": 19.4609375, "tag": "ffmpeg"}]
2022.8	2	13744.4	13726.5	13720.8	23.6	0.0	[{"pid": 576023, "rss_mb": 13720.83203125, "pss_mb": 13707.033203125, "tag": "main"}, {"pid": 758474, "rss_mb": 23.59765625, "pss_mb": 19.4609375, "tag": "ffmpeg"}]
2028.1	2	13740.5	13722.5	13716.9	23.6	0.0	[{"pid": 576023, "rss_mb": 13716.9375, "pss_mb": 13703.033203125, "tag": "main"}, {"pid": 758474, "rss_mb": 23.59765625, "pss_mb": 19.46484375, "tag": "ffmpeg"}]
2033.4	2	13692.6	13674.5	13669.0	23.6	0.0	[{"pid": 576023, "rss_mb": 13669.01171875, "pss_mb": 13655.033203125, "tag": "main"}, {"pid": 758474, "rss_mb": 23.59765625, "pss_mb": 19.4736328125, "tag": "ffmpeg"}]
2038.6	2	13732.6	13714.5	13709.0	23.6	0.0	[{"pid": 576023, "rss_mb": 13708.9765625, "pss_mb": 13695.029296875, "tag": "main"}, {"pid": 758474, "rss_mb": 23.59765625, "pss_mb": 19.4765625, "tag": "ffmpeg"}]
2044.0	2	13728.6	13710.5	13705.0	23.6	0.0	[{"pid": 576023, "rss_mb": 13704.9765625, "pss_mb": 13691.0322265625, "tag": "main"}, {"pid": 758474, "rss_mb": 23.59765625, "pss_mb": 19.48046875, "tag": "ffmpeg"}]
2049.3	2	13218.7	13200.6	13195.1	23.6	0.0	[{"pid": 576023, "rss_mb": 13195.0859375, "pss_mb": 13181.08203125, "tag": "main"}, {"pid": 758474, "rss_mb": 23.59765625, "pss_mb": 19.48828125, "tag": "ffmpeg"}]
2054.5	2	13210.7	13192.6	13187.1	23.6	0.0	[{"pid": 576023, "rss_mb": 13187.0859375, "pss_mb": 13173.0830078125, "tag": "main"}, {"pid": 758474, "rss_mb": 23.59765625, "pss_mb": 19.4921875, "tag": "ffmpeg"}]
2059.8	2	12857.1	12870.3	12833.5	23.6	0.0	[{"pid": 576023, "rss_mb": 12833.49609375, "pss_mb": 12850.7431640625, "tag": "main"}, {"pid": 758474, "rss_mb": 23.59765625, "pss_mb": 19.5078125, "tag": "ffmpeg"}]
2065.0	2	12920.5	12818.3	12896.9	23.6	0.0	[{"pid": 576023, "rss_mb": 12896.87109375, "pss_mb": 12798.744140625, "tag": "main"}, {"pid": 758474, "rss_mb": 23.59765625, "pss_mb": 19.55859375, "tag": "ffmpeg"}]
2070.3	2	12828.3	12854.3	12804.7	23.6	0.0	[{"pid": 576023, "rss_mb": 12804.74609375, "pss_mb": 12834.7294921875, "tag": "main"}, {"pid": 758474, "rss_mb": 23.59765625, "pss_mb": 19.556640625, "tag": "ffmpeg"}]
2075.5	2	12839.6	12821.6	12816.0	23.6	0.0	[{"pid": 576023, "rss_mb": 12815.99609375, "pss_mb": 12802.0146484375, "tag": "main"}, {"pid": 758474, "rss_mb": 23.59765625, "pss_mb": 19.5654296875, "tag": "ffmpeg"}]
2080.7	2	10716.6	10698.5	10693.0	23.6	0.0	[{"pid": 576023, "rss_mb": 10692.96484375, "pss_mb": 10678.9140625, "tag": "main"}, {"pid": 758474, "rss_mb": 23.59765625, "pss_mb": 19.5654296875, "tag": "ffmpeg"}]
2085.9	2	10716.6	10698.5	10693.0	23.6	0.0	[{"pid": 576023, "rss_mb": 10692.96484375, "pss_mb": 10678.92578125, "tag": "main"}, {"pid": 758474, "rss_mb": 23.59765625, "pss_mb": 19.57421875, "tag": "ffmpeg"}]
2091.1	3	9868.8	9896.2	9779.6	89.2	0.0	[{"pid": 576023, "rss_mb": 9779.64453125, "pss_mb": 9824.72265625, "tag": "main"}, {"pid": 775107, "rss_mb": 71.77734375, "pss_mb": 63.1845703125, "tag": "ffmpeg"}, {"pid": 775148, "rss_mb": 17.375, "pss_mb": 8.2734375, "tag": "ffmpeg"}]
2096.4	3	10106.7	10075.5	10013.9	92.8	0.0	[{"pid": 576023, "rss_mb": 10013.9375, "pss_mb": 10000.359375, "tag": "main"}, {"pid": 775107, "rss_mb": 75.40234375, "pss_mb": 66.8427734375, "tag": "ffmpeg"}, {"pid": 775148, "rss_mb": 17.375, "pss_mb": 8.279296875, "tag": "ffmpeg"}]
2101.7	3	10391.0	10359.7	10292.3	98.7	0.0	[{"pid": 576023, "rss_mb": 10292.26171875, "pss_mb": 10278.60546875, "tag": "main"}, {"pid": 775107, "rss_mb": 81.35546875, "pss_mb": 72.7724609375, "tag": "ffmpeg"}, {"pid": 775148, "rss_mb": 17.375, "pss_mb": 8.279296875, "tag": "ffmpeg"}]
2106.9	3	10634.2	10601.3	10528.0	106.2	0.0	[{"pid": 576023, "rss_mb": 10528.01171875, "pss_mb": 10514.34375, "tag": "main"}, {"pid": 775107, "rss_mb": 80.46875, "pss_mb": 70.9833984375, "tag": "ffmpeg"}, {"pid": 775148, "rss_mb": 25.75, "pss_mb": 16.005859375, "tag": "ffmpeg"}]
2112.1	3	10734.3	10701.5	10634.0	100.3	0.0	[{"pid": 576023, "rss_mb": 10633.984375, "pss_mb": 10620.34375, "tag": "main"}, {"pid": 775107, "rss_mb": 74.5390625, "pss_mb": 65.1748046875, "tag": "ffmpeg"}, {"pid": 775148, "rss_mb": 25.75, "pss_mb": 16.0048828125, "tag": "ffmpeg"}]
2117.4	3	10938.6	10909.8	10836.1	102.5	0.0	[{"pid": 576023, "rss_mb": 10836.109375, "pss_mb": 10826.201171875, "tag": "main"}, {"pid": 775107, "rss_mb": 76.5390625, "pss_mb": 67.2958984375, "tag": "ffmpeg"}, {"pid": 775148, "rss_mb": 26.0, "pss_mb": 16.333984375, "tag": "ffmpeg"}]
2122.7	3	11217.7	11183.7	11118.1	99.6	0.0	[{"pid": 576023, "rss_mb": 11118.11328125, "pss_mb": 11104.4775390625, "tag": "main"}, {"pid": 775107, "rss_mb": 76.5390625, "pss_mb": 66.6064453125, "tag": "ffmpeg"}, {"pid": 775148, "rss_mb": 23.01171875, "pss_mb": 12.662109375, "tag": "ffmpeg"}]
2127.9	3	11409.0	11375.1	11308.2	100.7	0.0	[{"pid": 576023, "rss_mb": 11308.23828125, "pss_mb": 11294.5986328125, "tag": "main"}, {"pid": 775107, "rss_mb": 77.73046875, "pss_mb": 67.7978515625, "tag": "ffmpeg"}, {"pid": 775148, "rss_mb": 23.01171875, "pss_mb": 12.662109375, "tag": "ffmpeg"}]
2133.2	3	11568.1	11534.1	11463.7	104.4	0.0	[{"pid": 576023, "rss_mb": 11463.73828125, "pss_mb": 11450.0986328125, "tag": "main"}, {"pid": 775107, "rss_mb": 81.359375, "pss_mb": 71.3525390625, "tag": "ffmpeg"}, {"pid": 775148, "rss_mb": 23.01171875, "pss_mb": 12.6630859375, "tag": "ffmpeg"}]
2138.4	3	11794.4	11760.4	11687.6	106.7	0.0	[{"pid": 576023, "rss_mb": 11687.61328125, "pss_mb": 11674.0419921875, "tag": "main"}, {"pid": 775107, "rss_mb": 83.734375, "pss_mb": 73.7353515625, "tag": "ffmpeg"}, {"pid": 775148, "rss_mb": 23.01171875, "pss_mb": 12.662109375, "tag": "ffmpeg"}]
2143.6	3	11880.3	11846.1	11774.5	105.7	0.0	[{"pid": 576023, "rss_mb": 11774.52734375, "pss_mb": 11760.7353515625, "tag": "main"}, {"pid": 775107, "rss_mb": 82.72265625, "pss_mb": 72.6689453125, "tag": "ffmpeg"}, {"pid": 775148, "rss_mb": 23.01171875, "pss_mb": 12.685546875, "tag": "ffmpeg"}]
2149.0	3	11989.4	11955.1	11885.9	103.5	0.0	[{"pid": 576023, "rss_mb": 11885.875, "pss_mb": 11872.1396484375, "tag": "main"}, {"pid": 775107, "rss_mb": 80.48046875, "pss_mb": 70.3017578125, "tag": "ffmpeg"}, {"pid": 775148, "rss_mb": 23.01171875, "pss_mb": 12.685546875, "tag": "ffmpeg"}]
2154.3	3	12145.6	12111.5	12044.8	100.8	0.0	[{"pid": 576023, "rss_mb": 12044.76171875, "pss_mb": 12031.0439453125, "tag": "main"}, {"pid": 775107, "rss_mb": 77.80078125, "pss_mb": 67.8056640625, "tag": "ffmpeg"}, {"pid": 775148, "rss_mb": 23.01171875, "pss_mb": 12.689453125, "tag": "ffmpeg"}]
2159.5	3	12361.7	12327.7	12257.4	104.3	0.0	[{"pid": 576023, "rss_mb": 12257.38671875, "pss_mb": 12243.6103515625, "tag": "main"}, {"pid": 775107, "rss_mb": 81.29296875, "pss_mb": 71.3564453125, "tag": "ffmpeg"}, {"pid": 775148, "rss_mb": 23.01171875, "pss_mb": 12.689453125, "tag": "ffmpeg"}]
2164.7	3	12568.1	12534.4	12463.6	104.5	0.0	[{"pid": 576023, "rss_mb": 12463.63671875, "pss_mb": 12450.2197265625, "tag": "main"}, {"pid": 775107, "rss_mb": 81.48046875, "pss_mb": 71.4853515625, "tag": "ffmpeg"}, {"pid": 775148, "rss_mb": 23.01171875, "pss_mb": 12.689453125, "tag": "ffmpeg"}]
2170.0	3	12823.3	12789.6	12717.7	105.6	0.0	[{"pid": 576023, "rss_mb": 12717.72265625, "pss_mb": 12704.2861328125, "tag": "main"}, {"pid": 775107, "rss_mb": 82.546875, "pss_mb": 72.6298828125, "tag": "ffmpeg"}, {"pid": 775148, "rss_mb": 23.01171875, "pss_mb": 12.708984375, "tag": "ffmpeg"}]
2175.2	3	13094.9	13061.1	12991.2	103.6	0.0	[{"pid": 576023, "rss_mb": 12991.20703125, "pss_mb": 12977.74609375, "tag": "main"}, {"pid": 775107, "rss_mb": 80.38671875, "pss_mb": 70.3740234375, "tag": "ffmpeg"}, {"pid": 775148, "rss_mb": 23.26171875, "pss_mb": 13.0078125, "tag": "ffmpeg"}]
2180.5	3	13147.9	13114.0	13043.0	104.8	0.0	[{"pid": 576023, "rss_mb": 13043.03125, "pss_mb": 13029.4755859375, "tag": "main"}, {"pid": 775107, "rss_mb": 81.57421875, "pss_mb": 71.5576171875, "tag": "ffmpeg"}, {"pid": 775148, "rss_mb": 23.26171875, "pss_mb": 13.0166015625, "tag": "ffmpeg"}]
2185.8	3	13187.9	13154.0	13083.1	104.8	0.0	[{"pid": 576023, "rss_mb": 13083.078125, "pss_mb": 13069.4755859375, "tag": "main"}, {"pid": 775107, "rss_mb": 81.57421875, "pss_mb": 71.5576171875, "tag": "ffmpeg"}, {"pid": 775148, "rss_mb": 23.26171875, "pss_mb": 13.015625, "tag": "ffmpeg"}]
2191.1	3	13186.8	13155.3	13083.1	103.7	0.0	[{"pid": 576023, "rss_mb": 13083.11328125, "pss_mb": 13069.4931640625, "tag": "main"}, {"pid": 775107, "rss_mb": 80.44140625, "pss_mb": 72.7509765625, "tag": "ffmpeg"}, {"pid": 775148, "rss_mb": 23.26171875, "pss_mb": 13.029296875, "tag": "ffmpeg"}]
2196.4	3	13113.3	13079.3	13007.2	106.1	0.0	[{"pid": 576023, "rss_mb": 13007.203125, "pss_mb": 12993.5283203125, "tag": "main"}, {"pid": 775107, "rss_mb": 82.8828125, "pss_mb": 72.7587890625, "tag": "ffmpeg"}, {"pid": 775148, "rss_mb": 23.26171875, "pss_mb": 13.029296875, "tag": "ffmpeg"}]
2201.7	2	13070.5	13052.6	13047.3	23.3	0.0	[{"pid": 576023, "rss_mb": 13047.2578125, "pss_mb": 13033.6123046875, "tag": "main"}, {"pid": 775148, "rss_mb": 23.26171875, "pss_mb": 18.947265625, "tag": "ffmpeg"}]
2206.9	2	13066.5	13048.6	13043.2	23.3	0.0	[{"pid": 576023, "rss_mb": 13043.21484375, "pss_mb": 13029.6162109375, "tag": "main"}, {"pid": 775148, "rss_mb": 23.26171875, "pss_mb": 18.951171875, "tag": "ffmpeg"}]
2212.2	2	13106.6	13088.6	13083.4	23.3	0.0	[{"pid": 576023, "rss_mb": 13083.36328125, "pss_mb": 13069.6162109375, "tag": "main"}, {"pid": 775148, "rss_mb": 23.26171875, "pss_mb": 18.955078125, "tag": "ffmpeg"}]
2217.5	2	13102.7	13084.6	13079.4	23.3	0.0	[{"pid": 576023, "rss_mb": 13079.3984375, "pss_mb": 13065.60546875, "tag": "main"}, {"pid": 775148, "rss_mb": 23.26171875, "pss_mb": 18.955078125, "tag": "ffmpeg"}]
2222.8	2	13030.6	13012.6	13007.3	23.3	0.0	[{"pid": 576023, "rss_mb": 13007.33203125, "pss_mb": 12993.60546875, "tag": "main"}, {"pid": 775148, "rss_mb": 23.26171875, "pss_mb": 18.958984375, "tag": "ffmpeg"}]
2228.1	2	13026.6	13008.6	13003.4	23.3	0.0	[{"pid": 576023, "rss_mb": 13003.36328125, "pss_mb": 12989.60546875, "tag": "main"}, {"pid": 775148, "rss_mb": 23.26171875, "pss_mb": 18.962890625, "tag": "ffmpeg"}]
2233.3	2	13066.6	13048.6	13043.4	23.3	0.0	[{"pid": 576023, "rss_mb": 13043.36328125, "pss_mb": 13029.60546875, "tag": "main"}, {"pid": 775148, "rss_mb": 23.26171875, "pss_mb": 18.966796875, "tag": "ffmpeg"}]
2238.6	2	13106.6	13088.6	13083.4	23.3	0.0	[{"pid": 576023, "rss_mb": 13083.36328125, "pss_mb": 13069.6015625, "tag": "main"}, {"pid": 775148, "rss_mb": 23.26171875, "pss_mb": 18.970703125, "tag": "ffmpeg"}]
2243.8	2	12999.9	12981.8	12976.7	23.3	0.0	[{"pid": 576023, "rss_mb": 12976.671875, "pss_mb": 12962.8046875, "tag": "main"}, {"pid": 775148, "rss_mb": 23.26171875, "pss_mb": 18.970703125, "tag": "ffmpeg"}]
2249.0	2	12878.8	12862.8	12855.6	23.3	0.0	[{"pid": 576023, "rss_mb": 12855.5703125, "pss_mb": 12843.8037109375, "tag": "main"}, {"pid": 775148, "rss_mb": 23.26171875, "pss_mb": 18.990234375, "tag": "ffmpeg"}]
2254.2	2	12795.9	12791.7	12772.7	23.3	0.0	[{"pid": 576023, "rss_mb": 12772.65625, "pss_mb": 12772.69140625, "tag": "main"}, {"pid": 775148, "rss_mb": 23.26171875, "pss_mb": 18.998046875, "tag": "ffmpeg"}]
2259.4	2	12463.5	12484.0	12440.2	23.3	0.0	[{"pid": 576023, "rss_mb": 12440.203125, "pss_mb": 12464.9677734375, "tag": "main"}, {"pid": 775148, "rss_mb": 23.26171875, "pss_mb": 19.0087890625, "tag": "ffmpeg"}]
2264.6	2	12499.5	12481.5	12476.2	23.3	0.0	[{"pid": 576023, "rss_mb": 12476.2265625, "pss_mb": 12462.4521484375, "tag": "main"}, {"pid": 775148, "rss_mb": 23.26171875, "pss_mb": 19.0126953125, "tag": "ffmpeg"}]
2269.8	2	12447.5	12429.5	12424.2	23.3	0.0	[{"pid": 576023, "rss_mb": 12424.2265625, "pss_mb": 12410.4521484375, "tag": "main"}, {"pid": 775148, "rss_mb": 23.26171875, "pss_mb": 19.021484375, "tag": "ffmpeg"}]
2275.1	2	12507.5	12489.4	12484.2	23.3	0.0	[{"pid": 576023, "rss_mb": 12484.2265625, "pss_mb": 12470.431640625, "tag": "main"}, {"pid": 775148, "rss_mb": 23.26171875, "pss_mb": 19.0146484375, "tag": "ffmpeg"}]
2280.2	2	9977.4	9959.4	9954.1	23.3	0.0	[{"pid": 576023, "rss_mb": 9954.125, "pss_mb": 9940.396484375, "tag": "main"}, {"pid": 775148, "rss_mb": 23.26171875, "pss_mb": 19.0166015625, "tag": "ffmpeg"}]
2285.4	2	9977.4	9959.4	9954.1	23.3	0.0	[{"pid": 576023, "rss_mb": 9954.125, "pss_mb": 9940.396484375, "tag": "main"}, {"pid": 775148, "rss_mb": 23.26171875, "pss_mb": 19.0166015625, "tag": "ffmpeg"}]
2290.6	2	8585.1	8407.6	8421.2	163.9	0.0	[{"pid": 576023, "rss_mb": 8421.1953125, "pss_mb": 8407.560546875, "tag": "main"}, {"pid": 792497, "rss_mb": 163.85546875, "pss_mb": 0.0, "tag": "ffmpeg"}]
2295.8	3	9235.4	9204.6	9146.9	88.5	0.0	[{"pid": 576023, "rss_mb": 9146.91015625, "pss_mb": 9133.412109375, "tag": "main"}, {"pid": 792845, "rss_mb": 71.2890625, "pss_mb": 62.9482421875, "tag": "ffmpeg"}, {"pid": 792891, "rss_mb": 17.25, "pss_mb": 8.2587890625, "tag": "ffmpeg"}]
2301.0	3	9579.0	9548.2	9489.3	89.7	0.0	[{"pid": 576023, "rss_mb": 9489.30859375, "pss_mb": 9475.8427734375, "tag": "main"}, {"pid": 792845, "rss_mb": 72.4140625, "pss_mb": 64.138671875, "tag": "ffmpeg"}, {"pid": 792891, "rss_mb": 17.25, "pss_mb": 8.2578125, "tag": "ffmpeg"}]
2306.2	3	9694.9	9671.0	9605.2	89.7	0.0	[{"pid": 576023, "rss_mb": 9605.1640625, "pss_mb": 9591.6064453125, "tag": "main"}, {"pid": 792845, "rss_mb": 72.4765625, "pss_mb": 63.408203125, "tag": "ffmpeg"}, {"pid": 792891, "rss_mb": 17.25, "pss_mb": 15.9609375, "tag": "ffmpeg"}]
2311.4	3	9862.8	9830.5	9758.6	104.1	0.0	[{"pid": 576023, "rss_mb": 9758.62890625, "pss_mb": 9745.033203125, "tag": "main"}, {"pid": 792845, "rss_mb": 78.5078125, "pss_mb": 69.4892578125, "tag": "ffmpeg"}, {"pid": 792891, "rss_mb": 25.625, "pss_mb": 15.9677734375, "tag": "ffmpeg"}]
2316.7	3	10135.8	10103.7	10029.0	106.8	0.0	[{"pid": 576023, "rss_mb": 10029.00390625, "pss_mb": 10015.55078125, "tag": "main"}, {"pid": 792845, "rss_mb": 80.6328125, "pss_mb": 71.7314453125, "tag": "ffmpeg"}, {"pid": 792891, "rss_mb": 26.125, "pss_mb": 16.4443359375, "tag": "ffmpeg"}]
2321.9	3	10383.9	10351.6	10280.3	103.6	0.0	[{"pid": 576023, "rss_mb": 10280.25390625, "pss_mb": 10266.8671875, "tag": "main"}, {"pid": 792845, "rss_mb": 77.4765625, "pss_mb": 68.3017578125, "tag": "ffmpeg"}, {"pid": 792891, "rss_mb": 26.125, "pss_mb": 16.4443359375, "tag": "ffmpeg"}]
2327.1	3	10506.2	10476.0	10405.5	100.8	0.0	[{"pid": 576023, "rss_mb": 10405.4609375, "pss_mb": 10395.759765625, "tag": "main"}, {"pid": 792845, "rss_mb": 77.4453125, "pss_mb": 67.376953125, "tag": "ffmpeg"}, {"pid": 792891, "rss_mb": 23.3125, "pss_mb": 12.8583984375, "tag": "ffmpeg"}]
2332.4	3	10656.4	10622.6	10554.5	101.9	0.0	[{"pid": 576023, "rss_mb": 10554.49609375, "pss_mb": 10541.173828125, "tag": "main"}, {"pid": 792845, "rss_mb": 78.5703125, "pss_mb": 68.572265625, "tag": "ffmpeg"}, {"pid": 792891, "rss_mb": 23.3125, "pss_mb": 12.8662109375, "tag": "ffmpeg"}]
2337.7	3	10849.5	10815.4	10748.5	101.0	0.0	[{"pid": 576023, "rss_mb": 10748.48828125, "pss_mb": 10734.998046875, "tag": "main"}, {"pid": 792845, "rss_mb": 77.65625, "pss_mb": 67.521484375, "tag": "ffmpeg"}, {"pid": 792891, "rss_mb": 23.3125, "pss_mb": 12.8662109375, "tag": "ffmpeg"}]
2342.9	3	11059.2	11025.1	10954.6	104.6	0.0	[{"pid": 576023, "rss_mb": 10954.61328125, "pss_mb": 10941.09375, "tag": "main"}, {"pid": 792845, "rss_mb": 81.16796875, "pss_mb": 71.0341796875, "tag": "ffmpeg"}, {"pid": 792891, "rss_mb": 23.4375, "pss_mb": 12.99609375, "tag": "ffmpeg"}]
2348.2	3	11316.7	11282.8	11209.9	106.9	0.0	[{"pid": 576023, "rss_mb": 11209.86328125, "pss_mb": 11196.369140625, "tag": "main"}, {"pid": 792845, "rss_mb": 83.41796875, "pss_mb": 73.400390625, "tag": "ffmpeg"}, {"pid": 792891, "rss_mb": 23.4375, "pss_mb": 12.9912109375, "tag": "ffmpeg"}]
2353.5	2	11447.7	11429.9	11424.3	23.4	0.0	[{"pid": 576023, "rss_mb": 11424.26953125, "pss_mb": 11410.84375, "tag": "main"}, {"pid": 792891, "rss_mb": 23.4375, "pss_mb": 19.03125, "tag": "ffmpeg"}]
2358.7	2	11702.1	11685.4	11678.6	23.4	0.0	[{"pid": 576023, "rss_mb": 11678.64453125, "pss_mb": 11666.3369140625, "tag": "main"}, {"pid": 792891, "rss_mb": 23.4375, "pss_mb": 19.0341796875, "tag": "ffmpeg"}]
2363.9	2	11824.2	11807.4	11800.8	23.4	0.0	[{"pid": 576023, "rss_mb": 11800.7578125, "pss_mb": 11788.33984375, "tag": "main"}, {"pid": 792891, "rss_mb": 23.4375, "pss_mb": 19.03515625, "tag": "ffmpeg"}]
2369.1	2	11969.8	11957.0	11946.4	23.4	0.0	[{"pid": 576023, "rss_mb": 11946.37890625, "pss_mb": 11937.9541015625, "tag": "main"}, {"pid": 792891, "rss_mb": 23.4375, "pss_mb": 19.0341796875, "tag": "ffmpeg"}]
2374.4	2	11936.3	11934.1	11912.9	23.4	0.0	[{"pid": 576023, "rss_mb": 11912.875, "pss_mb": 11915.056640625, "tag": "main"}, {"pid": 792891, "rss_mb": 23.4375, "pss_mb": 19.0390625, "tag": "ffmpeg"}]
2379.7	2	11890.9	11873.7	11867.5	23.4	0.0	[{"pid": 576023, "rss_mb": 11867.48046875, "pss_mb": 11854.6630859375, "tag": "main"}, {"pid": 792891, "rss_mb": 23.4375, "pss_mb": 19.04296875, "tag": "ffmpeg"}]
2385.0	2	11865.5	11848.3	11842.1	23.4	0.0	[{"pid": 576023, "rss_mb": 11842.08203125, "pss_mb": 11829.220703125, "tag": "main"}, {"pid": 792891, "rss_mb": 23.4375, "pss_mb": 19.046875, "tag": "ffmpeg"}]
2390.2	2	11861.4	11844.2	11838.0	23.4	0.0	[{"pid": 576023, "rss_mb": 11837.95703125, "pss_mb": 11825.1640625, "tag": "main"}, {"pid": 792891, "rss_mb": 23.4375, "pss_mb": 19.0400390625, "tag": "ffmpeg"}]
2395.5	2	11901.4	11884.2	11878.0	23.4	0.0	[{"pid": 576023, "rss_mb": 11877.953125, "pss_mb": 11865.1630859375, "tag": "main"}, {"pid": 792891, "rss_mb": 23.4375, "pss_mb": 19.0400390625, "tag": "ffmpeg"}]
2400.7	2	11873.1	11855.9	11849.7	23.4	0.0	[{"pid": 576023, "rss_mb": 11849.6796875, "pss_mb": 11836.8740234375, "tag": "main"}, {"pid": 792891, "rss_mb": 23.4375, "pss_mb": 19.0546875, "tag": "ffmpeg"}]
2405.9	2	11865.1	11847.9	11841.7	23.4	0.0	[{"pid": 576023, "rss_mb": 11841.6796875, "pss_mb": 11828.875, "tag": "main"}, {"pid": 792891, "rss_mb": 23.4375, "pss_mb": 19.0595703125, "tag": "ffmpeg"}]
2411.1	2	11370.3	11353.1	11346.9	23.4	0.0	[{"pid": 576023, "rss_mb": 11346.90234375, "pss_mb": 11334.06640625, "tag": "main"}, {"pid": 792891, "rss_mb": 23.4375, "pss_mb": 19.0771484375, "tag": "ffmpeg"}]
2416.3	2	11406.3	11389.2	11382.9	23.4	0.0	[{"pid": 576023, "rss_mb": 11382.90234375, "pss_mb": 11370.0654296875, "tag": "main"}, {"pid": 792891, "rss_mb": 23.4375, "pss_mb": 19.0849609375, "tag": "ffmpeg"}]
2421.4	2	10208.3	10209.4	10184.8	23.4	0.0	[{"pid": 576023, "rss_mb": 10184.83984375, "pss_mb": 10190.32421875, "tag": "main"}, {"pid": 792891, "rss_mb": 23.4375, "pss_mb": 19.091796875, "tag": "ffmpeg"}]
2426.7	2	10200.4	10183.3	10176.8	23.6	0.0	[{"pid": 576023, "rss_mb": 10176.83984375, "pss_mb": 10163.998046875, "tag": "main"}, {"pid": 792891, "rss_mb": 23.5625, "pss_mb": 19.2607421875, "tag": "ffmpeg"}]
2431.8	2	9197.0	9179.8	9173.4	23.6	0.0	[{"pid": 576023, "rss_mb": 9173.41796875, "pss_mb": 9160.5400390625, "tag": "main"}, {"pid": 792891, "rss_mb": 23.5625, "pss_mb": 19.2685546875, "tag": "ffmpeg"}]
2437.0	2	9197.0	9179.8	9173.4	23.6	0.0	[{"pid": 576023, "rss_mb": 9173.41796875, "pss_mb": 9160.5341796875, "tag": "main"}, {"pid": 792891, "rss_mb": 23.5625, "pss_mb": 19.236328125, "tag": "ffmpeg"}]
2442.2	2	8041.6	8026.6	8039.1	2.5	0.0	[{"pid": 576023, "rss_mb": 8039.12109375, "pss_mb": 8026.646484375, "tag": "main"}, {"pid": 805986, "rss_mb": 2.5, "pss_mb": 0.0, "tag": "ffmpeg"}]
2447.4	2	8065.7	8050.2	8039.1	26.6	0.0	[{"pid": 576023, "rss_mb": 8039.12109375, "pss_mb": 8026.4619140625, "tag": "main"}, {"pid": 806468, "rss_mb": 26.58203125, "pss_mb": 23.712890625, "tag": "ffmpeg"}]
2452.5	1	5996.3	5988.3	5996.3	0.0	0.0	[{"pid": 576023, "rss_mb": 5996.33984375, "pss_mb": 5988.26953125, "tag": "main"}]
